pair_id,resume_id,job_id,reviewer_label,reviewer_reason,resume_raw_text,job_raw_text
PAIR_0001,RES_SOF_0001,JOB_SOF_0006,MEDIUM,"Candidate has strong Java, Spring Boot, Microservices and Docker experience, but has less experience than required and does not show Spring Cloud or AWS experience.","Java Developer with 3+ years experience building Spring Boot microservices, REST APIs, and MySQL databases. Proficient in Git, JUnit, Docker, and CI/CD pipelines. (Candidate Ref 1)","Senior Java Microservices Architect requiring 5+ years experience in Java 17, Spring Cloud, AWS, and Docker. (Job Posting Ref 6)"
PAIR_0002,RES_SOF_0001,JOB_SOF_0007,HIGH,"""Candidate perfectly matches the 2-4 years experience requirement and has all requested core technical skills (Java, Spring Boot, REST APIs, and MySQL).""","Java Developer with 3+ years experience building Spring Boot microservices, REST APIs, and MySQL databases. Proficient in Git, JUnit, Docker, and CI/CD pipelines. (Candidate Ref 1)","Looking for Backend Java Developer with 2-4 years experience in Java, Spring Boot, REST APIs, and MySQL. (Job Posting Ref 7)"
PAIR_0003,RES_SOF_0001,JOB_DEV_0089,LOW,"""LOW match: Substantial mismatch in domain. The candidate is a Java Developer, whereas the job requires a Cloud Security & DevOps Specialist. Candidate is missing mandatory skills like Azure, Kubernetes, and Linux automation.""","Java Developer with 3+ years experience building Spring Boot microservices, REST APIs, and MySQL databases. Proficient in Git, JUnit, Docker, and CI/CD pipelines. (Candidate Ref 1)","Cloud Security & DevOps Specialist required. Mandatory skills: Azure, Docker, Kubernetes, and Linux automation. (Job Posting Ref 89)"
PAIR_0011,RES_SOF_0005,JOB_SOF_0006,LOW,"""LOW match: Major deficit in experience level and role scope. The job requires a Senior Architect with 5+ years of experience and AWS, whereas the candidate is a mid-level Developer (3+ years) lacking architectural experience and explicit cloud skills.""","Java Developer with 3+ years experience building Spring Boot microservices, REST APIs, and MySQL databases. Proficient in Git, JUnit, Docker, and CI/CD pipelines. (Candidate Ref 5)","Senior Java Microservices Architect requiring 5+ years experience in Java 17, Spring Cloud, AWS, and Docker. (Job Posting Ref 6)"
PAIR_0012,RES_SOF_0005,JOB_SOF_0007,HIGH,"""HIGH match: Candidate shows strong overall suitability. They perfectly fit the 2-4 years experience requirement and possess all requested core technical skills including Java, Spring Boot, REST APIs, and MySQL.""","Java Developer with 3+ years experience building Spring Boot microservices, REST APIs, and MySQL databases. Proficient in Git, JUnit, Docker, and CI/CD pipelines. (Candidate Ref 5)","Looking for Backend Java Developer with 2-4 years experience in Java, Spring Boot, REST APIs, and MySQL. (Job Posting Ref 7)"
PAIR_0013,RES_SOF_0005,JOB_WEB_0044,LOW,"""LOW match: Substantial mismatch in domain. The job requires a Frontend React Developer, while the candidate is a Backend Java Developer with no relevant frontend technologies (React.js, JavaScript, HTML/CSS) listed.""","Java Developer with 3+ years experience building Spring Boot microservices, REST APIs, and MySQL databases. Proficient in Git, JUnit, Docker, and CI/CD pipelines. (Candidate Ref 5)","Seeking React Frontend Developer with 2+ years experience in React.js, JavaScript (ES6+), HTML5/CSS3, and REST API integration. (Job Posting Ref 44)"
PAIR_0014,RES_SOF_0006,JOB_SOF_0020,MEDIUM,"""MEDIUM match: Meaningful alignment with Java 17 and backend development, but noticeable gaps exist. Candidate lacks explicitly required skills like AWS, Docker, and Spring Cloud, and does not mention the 5+ years of Senior Architect experience requested.""","Backend Engineer specializing in Java 17, Spring Security, Hibernate, PostgreSQL, and Kafka. Demonstrated background in unit testing and scalable architecture. (Candidate Ref 6)","Senior Java Microservices Architect requiring 5+ years experience in Java 17, Spring Cloud, AWS, and Docker. (Job Posting Ref 20)"
PAIR_0015,RES_SOF_0006,JOB_SOF_0021,MEDIUM,"""MEDIUM match: Meaningful alignment with Java backend development, but noticeable gaps exist. Candidate lacks explicit mention of exactly required skills like Spring Boot, REST APIs, and MySQL, and the specific years of experience are not stated.""","Backend Engineer specializing in Java 17, Spring Security, Hibernate, PostgreSQL, and Kafka. Demonstrated background in unit testing and scalable architecture. (Candidate Ref 6)","Looking for Backend Java Developer with 2-4 years experience in Java, Spring Boot, REST APIs, and MySQL. (Job Posting Ref 21)"
PAIR_0021,RES_SOF_0009,JOB_SOF_0002,LOW,"""LOW match: Major deficit in experience level and role scope. The job requires a Senior Architect with 5+ years of experience and AWS, whereas the candidate is a mid-level Developer (3+ years) lacking architectural experience and explicit cloud skills.""","Java Developer with 3+ years experience building Spring Boot microservices, REST APIs, and MySQL databases. Proficient in Git, JUnit, Docker, and CI/CD pipelines. (Candidate Ref 9)","Senior Java Microservices Architect requiring 5+ years experience in Java 17, Spring Cloud, AWS, and Docker. (Job Posting Ref 2)"
PAIR_0022,RES_SOF_0009,JOB_SOF_0003,HIGH,"""HIGH match: Candidate shows strong overall suitability. They perfectly fit the 2-4 years experience requirement and possess all requested core technical skills including Java, Spring Boot, REST APIs, and MySQL.""","Java Developer with 3+ years experience building Spring Boot microservices, REST APIs, and MySQL databases. Proficient in Git, JUnit, Docker, and CI/CD pipelines. (Candidate Ref 9)","Looking for Backend Java Developer with 2-4 years experience in Java, Spring Boot, REST APIs, and MySQL. (Job Posting Ref 3)"
PAIR_0023,RES_SOF_0009,JOB_QA _0118,LOW,"""LOW match: Substantial mismatch in domain, role level, and core technical skills. The job requires a Senior QA Lead with Python and Selenium, whereas the candidate is a mid-level Java Developer with no relevant QA automation background.""","Java Developer with 3+ years experience building Spring Boot microservices, REST APIs, and MySQL databases. Proficient in Git, JUnit, Docker, and CI/CD pipelines. (Candidate Ref 9)","Senior Software Quality Assurance Lead requiring Selenium, Python automation, Postman API testing, and Jira defect tracking. (Job Posting Ref 118)"
PAIR_0024,RES_SOF_0010,JOB_SOF_0002,MEDIUM,"""MEDIUM match: Meaningful alignment with Java 17 and backend development, but noticeable gaps exist. Candidate lacks explicitly required skills like AWS, Docker, and Spring Cloud, and does not mention the 5+ years of Senior Architect experience requested.""","Backend Engineer specializing in Java 17, Spring Security, Hibernate, PostgreSQL, and Kafka. Demonstrated background in unit testing and scalable architecture. (Candidate Ref 10)","Senior Java Microservices Architect requiring 5+ years experience in Java 17, Spring Cloud, AWS, and Docker. (Job Posting Ref 2)"
PAIR_0025,RES_SOF_0010,JOB_SOF_0003,MEDIUM,"""MEDIUM match: Meaningful alignment with Java backend development, but noticeable gaps exist. Candidate lacks explicit mention of exactly required skills like Spring Boot, REST APIs, and MySQL, and the specific years of experience are not stated.""","Backend Engineer specializing in Java 17, Spring Security, Hibernate, PostgreSQL, and Kafka. Demonstrated background in unit testing and scalable architecture. (Candidate Ref 10)","Looking for Backend Java Developer with 2-4 years experience in Java, Spring Boot, REST APIs, and MySQL. (Job Posting Ref 3)"
PAIR_0029,RES_SOF_0012,JOB_SOF_0021,MEDIUM,"""MEDIUM match: Meaningful alignment with Java backend and microservices experience, but noticeable gaps exist. The candidate lacks explicit mention of requested frameworks like Spring Boot, REST APIs, and MySQL, and is overqualified with 6 years of experience for a 2-4 year role.""","Senior Software Developer with 6 years experience in Java, Microservices, AWS, Docker, Kubernetes, and Redis. Proven track record leading dev teams. (Candidate Ref 12)","Looking for Backend Java Developer with 2-4 years experience in Java, Spring Boot, REST APIs, and MySQL. (Job Posting Ref 21)"
PAIR_0030,RES_SOF_0012,JOB_SOF_0022,HIGH,"""HIGH match: Candidate shows strong overall suitability for the Architect role. They exceed the 5+ years experience requirement and possess the core requested technical stack including Java, Microservices, AWS, and Docker.""","Senior Software Developer with 6 years experience in Java, Microservices, AWS, Docker, Kubernetes, and Redis. Proven track record leading dev teams. (Candidate Ref 12)","Senior Java Microservices Architect requiring 5+ years experience in Java 17, Spring Cloud, AWS, and Docker. (Job Posting Ref 22)"
PAIR_0031,RES_SOF_0013,JOB_SOF_0019,HIGH,"""HIGH match: Candidate shows strong overall suitability. They perfectly fit the 2-4 years experience requirement and possess all requested core technical skills including Java, Spring Boot, REST APIs, and MySQL.""","Java Developer with 3+ years experience building Spring Boot microservices, REST APIs, and MySQL databases. Proficient in Git, JUnit, Docker, and CI/CD pipelines. (Candidate Ref 13)","Looking for Backend Java Developer with 2-4 years experience in Java, Spring Boot, REST APIs, and MySQL. (Job Posting Ref 19)"
PAIR_0032,RES_SOF_0013,JOB_SOF_0020,LOW,"""LOW match: Major deficit in experience level and role scope. The job requires a Senior Architect with 5+ years of experience and AWS, whereas the candidate is a mid-level Developer (3+ years) lacking architectural experience and explicit cloud skills.""","Java Developer with 3+ years experience building Spring Boot microservices, REST APIs, and MySQL databases. Proficient in Git, JUnit, Docker, and CI/CD pipelines. (Candidate Ref 13)","Senior Java Microservices Architect requiring 5+ years experience in Java 17, Spring Cloud, AWS, and Docker. (Job Posting Ref 20)"
PAIR_0033,RES_SOF_0013,JOB_WEB_0035,LOW,"""LOW match: Substantial mismatch in domain and core technical language. The role requires a Full Stack JavaScript Developer with Node.js and React, but the candidate is a Java Developer with no relevant JavaScript or frontend background.""","Java Developer with 3+ years experience building Spring Boot microservices, REST APIs, and MySQL databases. Proficient in Git, JUnit, Docker, and CI/CD pipelines. (Candidate Ref 13)","Full Stack JavaScript Developer needed. Requirements: Node.js, React, MongoDB, and TypeScript. (Job Posting Ref 35)"
PAIR_0034,RES_SOF_0014,JOB_SOF_0001,MEDIUM,"""MEDIUM match: Meaningful alignment with Java backend development, but noticeable gaps exist. Candidate lacks explicit mention of exactly required skills like Spring Boot, REST APIs, and MySQL, and the specific years of experience are not stated.""","Backend Engineer specializing in Java 17, Spring Security, Hibernate, PostgreSQL, and Kafka. Demonstrated background in unit testing and scalable architecture. (Candidate Ref 14)","Looking for Backend Java Developer with 2-4 years experience in Java, Spring Boot, REST APIs, and MySQL. (Job Posting Ref 1)"
PAIR_0035,RES_SOF_0014,JOB_SOF_0002,MEDIUM,"""MEDIUM match: Meaningful alignment with Java 17 and backend development, but noticeable gaps exist. Candidate lacks explicitly required skills like AWS, Docker, and Spring Cloud, and does not mention the 5+ years of Senior Architect experience requested.""","Backend Engineer specializing in Java 17, Spring Security, Hibernate, PostgreSQL, and Kafka. Demonstrated background in unit testing and scalable architecture. (Candidate Ref 14)","Senior Java Microservices Architect requiring 5+ years experience in Java 17, Spring Cloud, AWS, and Docker. (Job Posting Ref 2)"
PAIR_0036,RES_SOF_0015,JOB_SOF_0014,LOW,"""LOW match: Substantial mismatch in experience level and required skills. The role demands a Senior Architect with 5+ years of experience in AWS, Docker, and Spring Cloud, whereas the candidate is a Junior Developer lacking these core technical requirements.""","Junior Java Developer with B.Tech in CS. Knowledge of Java, Data Structures, OOP, SQL, and HTML/CSS. Project experience building an e-commerce backend. (Candidate Ref 15)","Senior Java Microservices Architect requiring 5+ years experience in Java 17, Spring Cloud, AWS, and Docker. (Job Posting Ref 14)"
PAIR_0037,RES_SOF_0015,JOB_SOF_0015,LOW,"""LOW match: Major deficit in required experience and core technical skills. The candidate is a Junior Developer lacking the requested 2-4 years of experience, as well as essential frameworks like Spring Boot and REST APIs.""","Junior Java Developer with B.Tech in CS. Knowledge of Java, Data Structures, OOP, SQL, and HTML/CSS. Project experience building an e-commerce backend. (Candidate Ref 15)","Looking for Backend Java Developer with 2-4 years experience in Java, Spring Boot, REST APIs, and MySQL. (Job Posting Ref 15)"
PAIR_0038,RES_SOF_0015,JOB_DAT_0052,LOW,"""LOW match: Substantial mismatch in domain and core technical language. The role requires a Machine Learning Engineer with Python and PyTorch, but the candidate is a Junior Java Developer with no relevant ML or Data Science background.""","Junior Java Developer with B.Tech in CS. Knowledge of Java, Data Structures, OOP, SQL, and HTML/CSS. Project experience building an e-commerce backend. (Candidate Ref 15)","Machine Learning Engineer position requiring Python, Scikit-Learn, PyTorch, and ML model training experience. (Job Posting Ref 52)"
PAIR_0041,RES_SOF_0017,JOB_SOF_0019,HIGH,"""HIGH match: Candidate shows strong overall suitability. They perfectly fit the 2-4 years experience requirement and possess all requested core technical skills including Java, Spring Boot, REST APIs, and MySQL.""","Java Developer with 3+ years experience building Spring Boot microservices, REST APIs, and MySQL databases. Proficient in Git, JUnit, Docker, and CI/CD pipelines. (Candidate Ref 17)","Looking for Backend Java Developer with 2-4 years experience in Java, Spring Boot, REST APIs, and MySQL. (Job Posting Ref 19)"
PAIR_0042,RES_SOF_0017,JOB_SOF_0020,LOW,"""LOW match: Major deficit in experience level and role scope. The job requires a Senior Architect with 5+ years of experience and AWS, whereas the candidate is a mid-level Developer (3+ years) lacking architectural experience and explicit cloud skills.""","Java Developer with 3+ years experience building Spring Boot microservices, REST APIs, and MySQL databases. Proficient in Git, JUnit, Docker, and CI/CD pipelines. (Candidate Ref 17)","Senior Java Microservices Architect requiring 5+ years experience in Java 17, Spring Cloud, AWS, and Docker. (Job Posting Ref 20)"
PAIR_0043,RES_SOF_0017,JOB_DAT_0067,LOW,"""LOW match: Substantial mismatch in domain and core technical language. The role requires a Data Analyst with Python and Tableau, but the candidate is a Java Developer with no relevant data analytics or visualization background.""","Java Developer with 3+ years experience building Spring Boot microservices, REST APIs, and MySQL databases. Proficient in Git, JUnit, Docker, and CI/CD pipelines. (Candidate Ref 17)","Hiring Data Analyst with strong SQL, Python (Pandas/NumPy), and Tableau data visualization skills. (Job Posting Ref 67)"
PAIR_0046,RES_SOF_0019,JOB_SOF_0009,LOW,"""LOW match: Major deficit in required experience and core technical skills. The candidate is a Junior Developer lacking the requested 2-4 years of experience, as well as essential frameworks like Spring Boot and REST APIs.""","Junior Java Developer with B.Tech in CS. Knowledge of Java, Data Structures, OOP, SQL, and HTML/CSS. Project experience building an e-commerce backend. (Candidate Ref 19)","Looking for Backend Java Developer with 2-4 years experience in Java, Spring Boot, REST APIs, and MySQL. (Job Posting Ref 9)"
PAIR_0047,RES_SOF_0019,JOB_SOF_0010,LOW,"""LOW match: Substantial mismatch in experience level and required skills. The role demands a Senior Architect with 5+ years of experience in AWS, Docker, and Spring Cloud, whereas the candidate is a Junior Developer lacking these core technical requirements.""","Junior Java Developer with B.Tech in CS. Knowledge of Java, Data Structures, OOP, SQL, and HTML/CSS. Project experience building an e-commerce backend. (Candidate Ref 19)","Senior Java Microservices Architect requiring 5+ years experience in Java 17, Spring Cloud, AWS, and Docker. (Job Posting Ref 10)"
PAIR_0048,RES_SOF_0019,JOB_QA _0113,LOW,"""LOW match: Substantial mismatch in role and specific technical skills. Although the candidate has basic Java knowledge, the role requires a QA Automation Engineer with explicit experience in Selenium WebDriver and TestNG, which the candidate completely lacks.""","Junior Java Developer with B.Tech in CS. Knowledge of Java, Data Structures, OOP, SQL, and HTML/CSS. Project experience building an e-commerce backend. (Candidate Ref 19)","Hiring QA Automation Engineer with strong Java, Selenium WebDriver, TestNG, and REST API testing skills. (Job Posting Ref 113)"
PAIR_0049,RES_SOF_0020,JOB_SOF_0022,HIGH,"""HIGH match: Candidate shows strong overall suitability for the Architect role. They exceed the 5+ years experience requirement and possess the core requested technical stack including Java, Microservices, AWS, and Docker.""","Senior Software Developer with 6 years experience in Java, Microservices, AWS, Docker, Kubernetes, and Redis. Proven track record leading dev teams. (Candidate Ref 20)","Senior Java Microservices Architect requiring 5+ years experience in Java 17, Spring Cloud, AWS, and Docker. (Job Posting Ref 22)"
PAIR_0050,RES_SOF_0020,JOB_SOF_0023,MEDIUM,"""MEDIUM match: Meaningful alignment with Java backend and microservices experience, but noticeable gaps exist. The candidate lacks explicit mention of requested frameworks like Spring Boot, REST APIs, and MySQL, and is overqualified with 6 years of experience for a 2-4 year role.""","Senior Software Developer with 6 years experience in Java, Microservices, AWS, Docker, Kubernetes, and Redis. Proven track record leading dev teams. (Candidate Ref 20)","Looking for Backend Java Developer with 2-4 years experience in Java, Spring Boot, REST APIs, and MySQL. (Job Posting Ref 23)"
PAIR_0054,RES_SOF_0022,JOB_SOF_0006,MEDIUM,"""MEDIUM match: Meaningful alignment with Java 17 and backend development, but noticeable gaps exist. Candidate lacks explicitly required skills like AWS, Docker, and Spring Cloud, and does not mention the 5+ years of Senior Architect experience requested.""","Backend Engineer specializing in Java 17, Spring Security, Hibernate, PostgreSQL, and Kafka. Demonstrated background in unit testing and scalable architecture. (Candidate Ref 22)","Senior Java Microservices Architect requiring 5+ years experience in Java 17, Spring Cloud, AWS, and Docker. (Job Posting Ref 6)"
PAIR_0055,RES_SOF_0022,JOB_SOF_0007,MEDIUM,"""MEDIUM match: Meaningful alignment with Java backend development, but noticeable gaps exist. Candidate lacks explicit mention of exactly required skills like Spring Boot, REST APIs, and MySQL, and the specific years of experience are not stated.""","Backend Engineer specializing in Java 17, Spring Security, Hibernate, PostgreSQL, and Kafka. Demonstrated background in unit testing and scalable architecture. (Candidate Ref 22)","Looking for Backend Java Developer with 2-4 years experience in Java, Spring Boot, REST APIs, and MySQL. (Job Posting Ref 7)"
PAIR_0056,RES_SOF_0023,JOB_SOF_0011,LOW,"""LOW match: Major deficit in required experience and core technical skills. The candidate is a Junior Developer lacking the requested 2-4 years of experience, as well as essential frameworks like Spring Boot and REST APIs.""","Junior Java Developer with B.Tech in CS. Knowledge of Java, Data Structures, OOP, SQL, and HTML/CSS. Project experience building an e-commerce backend. (Candidate Ref 23)","Looking for Backend Java Developer with 2-4 years experience in Java, Spring Boot, REST APIs, and MySQL. (Job Posting Ref 11)"
PAIR_0057,RES_SOF_0023,JOB_SOF_0012,LOW,"""LOW match: Substantial mismatch in experience level and required skills. The role demands a Senior Architect with 5+ years of experience in AWS, Docker, and Spring Cloud, whereas the candidate is a Junior Developer lacking these core technical requirements.""","Junior Java Developer with B.Tech in CS. Knowledge of Java, Data Structures, OOP, SQL, and HTML/CSS. Project experience building an e-commerce backend. (Candidate Ref 23)","Senior Java Microservices Architect requiring 5+ years experience in Java 17, Spring Cloud, AWS, and Docker. (Job Posting Ref 12)"
PAIR_0058,RES_SOF_0023,JOB_WEB_0043,LOW,"""LOW match: Substantial mismatch in core technical stack. The role requires a Full Stack JavaScript Developer with Node.js, React, and TypeScript, but the candidate is a Java Developer lacking all of these required frontend and backend JavaScript skills.""","Junior Java Developer with B.Tech in CS. Knowledge of Java, Data Structures, OOP, SQL, and HTML/CSS. Project experience building an e-commerce backend. (Candidate Ref 23)","Full Stack JavaScript Developer needed. Requirements: Node.js, React, MongoDB, and TypeScript. (Job Posting Ref 43)"
PAIR_0059,RES_SOF_0024,JOB_SOF_0003,MEDIUM,"""MEDIUM match: Meaningful alignment with Java backend and microservices experience, but noticeable gaps exist. The candidate lacks explicit mention of requested frameworks like Spring Boot, REST APIs, and MySQL, and is overqualified with 6 years of experience for a 2-4 year role.""","Senior Software Developer with 6 years experience in Java, Microservices, AWS, Docker, Kubernetes, and Redis. Proven track record leading dev teams. (Candidate Ref 24)","Looking for Backend Java Developer with 2-4 years experience in Java, Spring Boot, REST APIs, and MySQL. (Job Posting Ref 3)"
PAIR_0060,RES_SOF_0024,JOB_SOF_0004,HIGH,"""HIGH match: Candidate shows strong overall suitability for the Architect role. They exceed the 5+ years experience requirement and possess the core requested technical stack including Java, Microservices, AWS, and Docker.""","Senior Software Developer with 6 years experience in Java, Microservices, AWS, Docker, Kubernetes, and Redis. Proven track record leading dev teams. (Candidate Ref 24)","Senior Java Microservices Architect requiring 5+ years experience in Java 17, Spring Cloud, AWS, and Docker. (Job Posting Ref 4)"
PAIR_0061,RES_SOF_0025,JOB_SOF_0013,HIGH,"""HIGH match: Candidate shows strong overall suitability. They perfectly fit the 2-4 years experience requirement and possess all requested core technical skills including Java, Spring Boot, REST APIs, and MySQL.""","Java Developer with 3+ years experience building Spring Boot microservices, REST APIs, and MySQL databases. Proficient in Git, JUnit, Docker, and CI/CD pipelines. (Candidate Ref 25)","Looking for Backend Java Developer with 2-4 years experience in Java, Spring Boot, REST APIs, and MySQL. (Job Posting Ref 13)"
PAIR_0062,RES_SOF_0025,JOB_SOF_0014,LOW,"""LOW match: Major deficit in experience level and role scope. The job requires a Senior Architect with 5+ years of experience and AWS, whereas the candidate is a mid-level Developer (3+ years) lacking architectural experience and explicit cloud skills.""","Java Developer with 3+ years experience building Spring Boot microservices, REST APIs, and MySQL databases. Proficient in Git, JUnit, Docker, and CI/CD pipelines. (Candidate Ref 25)","Senior Java Microservices Architect requiring 5+ years experience in Java 17, Spring Cloud, AWS, and Docker. (Job Posting Ref 14)"
PAIR_0063,RES_SOF_0025,JOB_QA _0119,LOW,"""LOW match: Substantial mismatch in primary role and specific technical skills. Although the candidate is an experienced Java Developer, the role requires a QA Automation Engineer with explicit experience in Selenium WebDriver and TestNG, which the candidate completely lacks.""","Java Developer with 3+ years experience building Spring Boot microservices, REST APIs, and MySQL databases. Proficient in Git, JUnit, Docker, and CI/CD pipelines. (Candidate Ref 25)","Hiring QA Automation Engineer with strong Java, Selenium WebDriver, TestNG, and REST API testing skills. (Job Posting Ref 119)"
PAIR_0064,RES_SOF_0026,JOB_SOF_0014,MEDIUM,"""MEDIUM match: Meaningful alignment with Java 17 and backend development, but noticeable gaps exist. Candidate lacks explicitly required skills like AWS, Docker, and Spring Cloud, and does not mention the 5+ years of Senior Architect experience requested.""","Backend Engineer specializing in Java 17, Spring Security, Hibernate, PostgreSQL, and Kafka. Demonstrated background in unit testing and scalable architecture. (Candidate Ref 26)","Senior Java Microservices Architect requiring 5+ years experience in Java 17, Spring Cloud, AWS, and Docker. (Job Posting Ref 14)"
PAIR_0065,RES_SOF_0026,JOB_SOF_0015,MEDIUM,"""MEDIUM match: Meaningful alignment with Java 17 and backend development, but noticeable gaps exist. Candidate lacks explicitly required skills like AWS, Docker, and Spring Cloud, and does not mention the 5+ years of Senior Architect experience requested.""","Backend Engineer specializing in Java 17, Spring Security, Hibernate, PostgreSQL, and Kafka. Demonstrated background in unit testing and scalable architecture. (Candidate Ref 26)","Looking for Backend Java Developer with 2-4 years experience in Java, Spring Boot, REST APIs, and MySQL. (Job Posting Ref 15)"
PAIR_0069,RES_SOF_0028,JOB_SOF_0016,HIGH,"""HIGH match: Candidate shows strong overall suitability for the Architect role. They exceed the 5+ years experience requirement and possess the core requested technical stack including Java, Microservices, AWS, and Docker.""","Senior Software Developer with 6 years experience in Java, Microservices, AWS, Docker, Kubernetes, and Redis. Proven track record leading dev teams. (Candidate Ref 28)","Senior Java Microservices Architect requiring 5+ years experience in Java 17, Spring Cloud, AWS, and Docker. (Job Posting Ref 16)"
PAIR_0070,RES_SOF_0028,JOB_SOF_0017,MEDIUM,"""MEDIUM match: Meaningful alignment with Java backend and microservices experience, but noticeable gaps exist. The candidate lacks explicit mention of requested frameworks like Spring Boot, REST APIs, and MySQL, and is overqualified with 6 years of experience for a 2-4 year role.""","Senior Software Developer with 6 years experience in Java, Microservices, AWS, Docker, Kubernetes, and Redis. Proven track record leading dev teams. (Candidate Ref 28)","Looking for Backend Java Developer with 2-4 years experience in Java, Spring Boot, REST APIs, and MySQL. (Job Posting Ref 17)"
PAIR_0076,RES_SOF_0031,JOB_SOF_0010,LOW,"""LOW match: Substantial mismatch in experience level and required skills. The role demands a Senior Architect with 5+ years of experience in AWS, Docker, and Spring Cloud, whereas the candidate is a Junior Developer lacking these core technical requirements.""","Junior Java Developer with B.Tech in CS. Knowledge of Java, Data Structures, OOP, SQL, and HTML/CSS. Project experience building an e-commerce backend. (Candidate Ref 31)","Senior Java Microservices Architect requiring 5+ years experience in Java 17, Spring Cloud, AWS, and Docker. (Job Posting Ref 10)"
PAIR_0077,RES_SOF_0031,JOB_SOF_0011,LOW,"""LOW match: Major deficit in required experience and core technical skills. The candidate is a Junior Developer lacking the requested 2-4 years of experience, as well as essential frameworks like Spring Boot and REST APIs.""","Junior Java Developer with B.Tech in CS. Knowledge of Java, Data Structures, OOP, SQL, and HTML/CSS. Project experience building an e-commerce backend. (Candidate Ref 31)","Looking for Backend Java Developer with 2-4 years experience in Java, Spring Boot, REST APIs, and MySQL. (Job Posting Ref 11)"
PAIR_0078,RES_SOF_0031,JOB_WEB_0033,LOW,"""LOW match: Substantial mismatch in core technical stack. The role requires a Full Stack JavaScript Developer with Node.js, React, MongoDB, and TypeScript, but the candidate is a Java Developer lacking all of these required frontend and backend JavaScript skills.""","Junior Java Developer with B.Tech in CS. Knowledge of Java, Data Structures, OOP, SQL, and HTML/CSS. Project experience building an e-commerce backend. (Candidate Ref 31)","Full Stack JavaScript Developer needed. Requirements: Node.js, React, MongoDB, and TypeScript. (Job Posting Ref 33)"
PAIR_0079,RES_SOF_0032,JOB_SOF_0011,MEDIUM,"""MEDIUM match: Meaningful alignment with Java backend and microservices experience, but noticeable gaps exist. The candidate lacks explicit mention of requested frameworks like Spring Boot, REST APIs, and MySQL, and is overqualified with 6 years of experience for a 2-4 year role.""","Senior Software Developer with 6 years experience in Java, Microservices, AWS, Docker, Kubernetes, and Redis. Proven track record leading dev teams. (Candidate Ref 32)","Looking for Backend Java Developer with 2-4 years experience in Java, Spring Boot, REST APIs, and MySQL. (Job Posting Ref 11)"
PAIR_0080,RES_SOF_0032,JOB_SOF_0012,HIGH,"""HIGH match: Candidate shows strong overall suitability for the Architect role. They exceed the 5+ years experience requirement and possess the core requested technical stack including Java, Microservices, AWS, and Docker.""","Senior Software Developer with 6 years experience in Java, Microservices, AWS, Docker, Kubernetes, and Redis. Proven track record leading dev teams. (Candidate Ref 32)","Senior Java Microservices Architect requiring 5+ years experience in Java 17, Spring Cloud, AWS, and Docker. (Job Posting Ref 12)"
PAIR_0081,RES_SOF_0033,JOB_SOF_0008,LOW,"""LOW match: Major deficit in experience level and role scope. The job requires a Senior Architect with 5+ years of experience and AWS, whereas the candidate is a mid-level Developer (3+ years) lacking architectural experience and explicit cloud skills.""","Java Developer with 3+ years experience building Spring Boot microservices, REST APIs, and MySQL databases. Proficient in Git, JUnit, Docker, and CI/CD pipelines. (Candidate Ref 33)","Senior Java Microservices Architect requiring 5+ years experience in Java 17, Spring Cloud, AWS, and Docker. (Job Posting Ref 8)"
PAIR_0082,RES_SOF_0033,JOB_SOF_0009,HIGH,"""HIGH match: Candidate shows strong overall suitability. They perfectly fit the 2-4 years experience requirement and possess all requested core technical skills including Java, Spring Boot, REST APIs, and MySQL.""","Java Developer with 3+ years experience building Spring Boot microservices, REST APIs, and MySQL databases. Proficient in Git, JUnit, Docker, and CI/CD pipelines. (Candidate Ref 33)","Looking for Backend Java Developer with 2-4 years experience in Java, Spring Boot, REST APIs, and MySQL. (Job Posting Ref 9)"
PAIR_0083,RES_SOF_0033,JOB_DAT_0069,LOW,"""LOW match: Substantial mismatch in role and core technical stack. The job requires a Data Analyst with Python and Tableau, whereas the candidate is a Backend Java Developer. Despite some basic database knowledge, the candidate lacks all primary data analysis tools.""","Java Developer with 3+ years experience building Spring Boot microservices, REST APIs, and MySQL databases. Proficient in Git, JUnit, Docker, and CI/CD pipelines. (Candidate Ref 33)","Hiring Data Analyst with strong SQL, Python (Pandas/NumPy), and Tableau data visualization skills. (Job Posting Ref 69)"
PAIR_0084,RES_SOF_0034,JOB_SOF_0019,MEDIUM,"""MEDIUM match: Meaningful alignment with Java backend development, but noticeable gaps exist. Candidate lacks explicit mention of exactly required skills like Spring Boot, REST APIs, and MySQL, and the specific years of experience are not stated.""","Backend Engineer specializing in Java 17, Spring Security, Hibernate, PostgreSQL, and Kafka. Demonstrated background in unit testing and scalable architecture. (Candidate Ref 34)","Looking for Backend Java Developer with 2-4 years experience in Java, Spring Boot, REST APIs, and MySQL. (Job Posting Ref 19)"
PAIR_0085,RES_SOF_0034,JOB_SOF_0020,MEDIUM,"""MEDIUM match: Meaningful alignment with Java 17 and backend development, but noticeable gaps exist. Candidate lacks explicitly required skills like AWS, Docker, and Spring Cloud, and does not mention the 5+ years of Senior Architect experience requested.""","Backend Engineer specializing in Java 17, Spring Security, Hibernate, PostgreSQL, and Kafka. Demonstrated background in unit testing and scalable architecture. (Candidate Ref 34)","Senior Java Microservices Architect requiring 5+ years experience in Java 17, Spring Cloud, AWS, and Docker. (Job Posting Ref 20)"
PAIR_0086,RES_SOF_0035,JOB_SOF_0016,LOW,"""LOW match: Substantial mismatch in experience level and required skills. The role demands a Senior Architect with 5+ years of experience in AWS, Docker, and Spring Cloud, whereas the candidate is a Junior Developer lacking these core technical requirements.""","Junior Java Developer with B.Tech in CS. Knowledge of Java, Data Structures, OOP, SQL, and HTML/CSS. Project experience building an e-commerce backend. (Candidate Ref 35)","Senior Java Microservices Architect requiring 5+ years experience in Java 17, Spring Cloud, AWS, and Docker. (Job Posting Ref 16)"
PAIR_0087,RES_SOF_0035,JOB_SOF_0017,LOW,"""LOW match: Major deficit in required experience and core technical skills. The candidate is a Junior Developer lacking the requested 2-4 years of experience, as well as essential frameworks like Spring Boot and REST APIs.""","Junior Java Developer with B.Tech in CS. Knowledge of Java, Data Structures, OOP, SQL, and HTML/CSS. Project experience building an e-commerce backend. (Candidate Ref 35)","Looking for Backend Java Developer with 2-4 years experience in Java, Spring Boot, REST APIs, and MySQL. (Job Posting Ref 17)"
PAIR_0088,RES_SOF_0035,JOB_DEV_0084,LOW,"""LOW match: Complete mismatch in role and technical stack. The job requires a DevOps Engineer with cloud and containerization skills (AWS, Docker, Kubernetes, Terraform), whereas the candidate is an entry-level Java Developer lacking all of these required infrastructure tools.""","Junior Java Developer with B.Tech in CS. Knowledge of Java, Data Structures, OOP, SQL, and HTML/CSS. Project experience building an e-commerce backend. (Candidate Ref 35)","Looking for DevOps Engineer with experience in AWS, Docker, Kubernetes, CI/CD pipelines, and Terraform. (Job Posting Ref 84)"
PAIR_0089,RES_SOF_0036,JOB_SOF_0007,MEDIUM,"""MEDIUM match: Meaningful alignment with Java backend and microservices experience, but noticeable gaps exist. The candidate lacks explicit mention of requested frameworks like Spring Boot, REST APIs, and MySQL, and is overqualified with 6 years of experience for a 2-4 year role.""","Senior Software Developer with 6 years experience in Java, Microservices, AWS, Docker, Kubernetes, and Redis. Proven track record leading dev teams. (Candidate Ref 36)","Looking for Backend Java Developer with 2-4 years experience in Java, Spring Boot, REST APIs, and MySQL. (Job Posting Ref 7)"
PAIR_0090,RES_SOF_0036,JOB_SOF_0008,HIGH,"""HIGH match: Candidate shows strong overall suitability for the Architect role. They exceed the 5+ years experience requirement and possess the core requested technical stack including Java, Microservices, AWS, and Docker.""","Senior Software Developer with 6 years experience in Java, Microservices, AWS, Docker, Kubernetes, and Redis. Proven track record leading dev teams. (Candidate Ref 36)","Senior Java Microservices Architect requiring 5+ years experience in Java 17, Spring Cloud, AWS, and Docker. (Job Posting Ref 8)"
PAIR_0091,RES_SOF_0037,JOB_SOF_0011,HIGH,"""HIGH match: Candidate shows strong overall suitability. They perfectly fit the 2-4 years experience requirement and possess all requested core technical skills including Java, Spring Boot, REST APIs, and MySQL.""","Java Developer with 3+ years experience building Spring Boot microservices, REST APIs, and MySQL databases. Proficient in Git, JUnit, Docker, and CI/CD pipelines. (Candidate Ref 37)","Looking for Backend Java Developer with 2-4 years experience in Java, Spring Boot, REST APIs, and MySQL. (Job Posting Ref 11)"
PAIR_0092,RES_SOF_0037,JOB_SOF_0012,LOW,"""LOW match: Major deficit in experience level and role scope. The job requires a Senior Architect with 5+ years of experience and explicit skills in AWS and Spring Cloud, whereas the candidate is a mid-level Developer (3+ years) lacking architectural experience and the requested cloud skills.""","Java Developer with 3+ years experience building Spring Boot microservices, REST APIs, and MySQL databases. Proficient in Git, JUnit, Docker, and CI/CD pipelines. (Candidate Ref 37)","Senior Java Microservices Architect requiring 5+ years experience in Java 17, Spring Cloud, AWS, and Docker. (Job Posting Ref 12)"
PAIR_0093,RES_SOF_0037,JOB_WEB_0036,LOW,"""LOW match: Substantial mismatch in role and technical stack. The job requires a Frontend Developer proficient in React and JavaScript, whereas the candidate is a Backend Java Developer lacking the required frontend ecosystem skills.""","Java Developer with 3+ years experience building Spring Boot microservices, REST APIs, and MySQL databases. Proficient in Git, JUnit, Docker, and CI/CD pipelines. (Candidate Ref 37)","Seeking React Frontend Developer with 2+ years experience in React.js, JavaScript (ES6+), HTML5/CSS3, and REST API integration. (Job Posting Ref 36)"
PAIR_0096,RES_SOF_0039,JOB_SOF_0010,LOW,"""LOW match: Substantial mismatch in experience level and required skills. The role demands a Senior Architect with 5+ years of experience in AWS, Docker, and Spring Cloud, whereas the candidate is a Junior Developer lacking these core technical requirements.""","Junior Java Developer with B.Tech in CS. Knowledge of Java, Data Structures, OOP, SQL, and HTML/CSS. Project experience building an e-commerce backend. (Candidate Ref 39)","Senior Java Microservices Architect requiring 5+ years experience in Java 17, Spring Cloud, AWS, and Docker. (Job Posting Ref 10)"
PAIR_0097,RES_SOF_0039,JOB_SOF_0011,LOW,"""LOW match: Major deficit in required experience and core technical skills. The candidate is a Junior Developer lacking the requested 2-4 years of experience, as well as essential frameworks like Spring Boot and REST APIs.""","Junior Java Developer with B.Tech in CS. Knowledge of Java, Data Structures, OOP, SQL, and HTML/CSS. Project experience building an e-commerce backend. (Candidate Ref 39)","Looking for Backend Java Developer with 2-4 years experience in Java, Spring Boot, REST APIs, and MySQL. (Job Posting Ref 11)"
PAIR_0098,RES_SOF_0039,JOB_DEV_0087,LOW,"""LOW match: Complete mismatch in role and technical stack. The job requires a Cloud Security & DevOps Specialist with Azure, Docker, and Kubernetes, whereas the candidate is an entry-level Java Developer lacking all of these required infrastructure and cloud skills.""","Junior Java Developer with B.Tech in CS. Knowledge of Java, Data Structures, OOP, SQL, and HTML/CSS. Project experience building an e-commerce backend. (Candidate Ref 39)","Cloud Security & DevOps Specialist required. Mandatory skills: Azure, Docker, Kubernetes, and Linux automation. (Job Posting Ref 87)"
PAIR_0099,RES_SOF_0040,JOB_SOF_0004,HIGH,"""HIGH match: Candidate shows strong overall suitability for the Architect role. They exceed the 5+ years experience requirement and possess the core requested technical stack including Java, Microservices, AWS, and Docker.""","Senior Software Developer with 6 years experience in Java, Microservices, AWS, Docker, Kubernetes, and Redis. Proven track record leading dev teams. (Candidate Ref 40)","Senior Java Microservices Architect requiring 5+ years experience in Java 17, Spring Cloud, AWS, and Docker. (Job Posting Ref 4)"
PAIR_0100,RES_SOF_0040,JOB_SOF_0005,MEDIUM,"""MEDIUM match: Meaningful alignment with Java backend and microservices experience, but noticeable gaps exist. The candidate lacks explicit mention of requested frameworks like Spring Boot, REST APIs, and MySQL, and is overqualified with 6 years of experience for a 2-4 year role.""","Senior Software Developer with 6 years experience in Java, Microservices, AWS, Docker, Kubernetes, and Redis. Proven track record leading dev teams. (Candidate Ref 40)","Looking for Backend Java Developer with 2-4 years experience in Java, Spring Boot, REST APIs, and MySQL. (Job Posting Ref 5)"
PAIR_0104,RES_SOF_0042,JOB_SOF_0003,MEDIUM,"""MEDIUM match: Meaningful alignment with Java backend development, but noticeable gaps exist. Candidate lacks explicit mention of exactly required skills like Spring Boot, REST APIs, and MySQL, and the specific years of experience are not stated.""","Backend Engineer specializing in Java 17, Spring Security, Hibernate, PostgreSQL, and Kafka. Demonstrated background in unit testing and scalable architecture. (Candidate Ref 42)","Looking for Backend Java Developer with 2-4 years experience in Java, Spring Boot, REST APIs, and MySQL. (Job Posting Ref 3)"
PAIR_0105,RES_SOF_0042,JOB_SOF_0004,MEDIUM,"""MEDIUM match: Meaningful alignment with Java 17 and backend development, but noticeable gaps exist. Candidate lacks explicitly required skills like AWS, Docker, and Spring Cloud, and does not mention the 5+ years of Senior Architect experience requested.""","Backend Engineer specializing in Java 17, Spring Security, Hibernate, PostgreSQL, and Kafka. Demonstrated background in unit testing and scalable architecture. (Candidate Ref 42)","Senior Java Microservices Architect requiring 5+ years experience in Java 17, Spring Cloud, AWS, and Docker. (Job Posting Ref 4)"
PAIR_0106,RES_SOF_0043,JOB_SOF_0002,LOW,"""LOW match: Substantial mismatch in experience level and required skills. The role demands a Senior Architect with 5+ years of experience in AWS, Docker, and Spring Cloud, whereas the candidate is a Junior Developer lacking these core technical requirements.""","Junior Java Developer with B.Tech in CS. Knowledge of Java, Data Structures, OOP, SQL, and HTML/CSS. Project experience building an e-commerce backend. (Candidate Ref 43)","Senior Java Microservices Architect requiring 5+ years experience in Java 17, Spring Cloud, AWS, and Docker. (Job Posting Ref 2)"
PAIR_0107,RES_SOF_0043,JOB_SOF_0003,LOW,"""LOW match: Major deficit in required experience and core technical skills. The candidate is a Junior Developer lacking the requested 2-4 years of experience, as well as essential frameworks like Spring Boot and REST APIs.""","Junior Java Developer with B.Tech in CS. Knowledge of Java, Data Structures, OOP, SQL, and HTML/CSS. Project experience building an e-commerce backend. (Candidate Ref 43)","Looking for Backend Java Developer with 2-4 years experience in Java, Spring Boot, REST APIs, and MySQL. (Job Posting Ref 3)"
PAIR_0108,RES_SOF_0043,JOB_QA _0120,LOW,"""LOW match: Complete mismatch in role, experience level, and technical stack. The job requires a Senior QA Lead with Python and Selenium automation skills, whereas the candidate is an entry-level Java Developer lacking both the required seniority and the QA/testing background.""","Junior Java Developer with B.Tech in CS. Knowledge of Java, Data Structures, OOP, SQL, and HTML/CSS. Project experience building an e-commerce backend. (Candidate Ref 43)","Senior Software Quality Assurance Lead requiring Selenium, Python automation, Postman API testing, and Jira defect tracking. (Job Posting Ref 120)"
PAIR_0114,RES_SOF_0046,JOB_SOF_0001,MEDIUM,"""MEDIUM match: Meaningful alignment with Java backend development, but noticeable gaps exist. Candidate lacks explicit mention of exactly required skills like Spring Boot, REST APIs, and MySQL, and the specific years of experience are not stated.""","Backend Engineer specializing in Java 17, Spring Security, Hibernate, PostgreSQL, and Kafka. Demonstrated background in unit testing and scalable architecture. (Candidate Ref 46)","Looking for Backend Java Developer with 2-4 years experience in Java, Spring Boot, REST APIs, and MySQL. (Job Posting Ref 1)"
PAIR_0115,RES_SOF_0046,JOB_SOF_0002,MEDIUM,"""MEDIUM match: Meaningful alignment with Java 17 and backend development, but noticeable gaps exist. Candidate lacks explicitly required skills like AWS, Docker, and Spring Cloud, and does not mention the 5+ years of Senior Architect experience requested.""","Backend Engineer specializing in Java 17, Spring Security, Hibernate, PostgreSQL, and Kafka. Demonstrated background in unit testing and scalable architecture. (Candidate Ref 46)","Senior Java Microservices Architect requiring 5+ years experience in Java 17, Spring Cloud, AWS, and Docker. (Job Posting Ref 2)"
PAIR_0116,RES_SOF_0047,JOB_SOF_0025,LOW,"""LOW match: Major deficit in required experience and core technical skills. The candidate is a Junior Developer lacking the requested 2-4 years of experience, as well as essential frameworks like Spring Boot and REST APIs.""","Junior Java Developer with B.Tech in CS. Knowledge of Java, Data Structures, OOP, SQL, and HTML/CSS. Project experience building an e-commerce backend. (Candidate Ref 47)","Looking for Backend Java Developer with 2-4 years experience in Java, Spring Boot, REST APIs, and MySQL. (Job Posting Ref 25)"
PAIR_0117,RES_SOF_0047,JOB_SOF_0001,LOW,"""LOW match: Major deficit in required experience and core technical skills. The candidate is a Junior Developer lacking the requested 2-4 years of experience, as well as essential frameworks like Spring Boot and REST APIs.""","Junior Java Developer with B.Tech in CS. Knowledge of Java, Data Structures, OOP, SQL, and HTML/CSS. Project experience building an e-commerce backend. (Candidate Ref 47)","Looking for Backend Java Developer with 2-4 years experience in Java, Spring Boot, REST APIs, and MySQL. (Job Posting Ref 1)"
PAIR_0118,RES_SOF_0047,JOB_QA _0116,LOW,"""LOW match: Complete mismatch in role, experience level, and technical stack. The job requires a Senior QA Lead with Python and Selenium automation skills, whereas the candidate is an entry-level Java Developer lacking both the required seniority and the QA/testing background.""","Junior Java Developer with B.Tech in CS. Knowledge of Java, Data Structures, OOP, SQL, and HTML/CSS. Project experience building an e-commerce backend. (Candidate Ref 47)","Senior Software Quality Assurance Lead requiring Selenium, Python automation, Postman API testing, and Jira defect tracking. (Job Posting Ref 116)"
PAIR_0119,RES_SOF_0048,JOB_SOF_0002,HIGH,"""HIGH match: Candidate shows strong overall suitability for the Architect role. They exceed the 5+ years experience requirement and possess the core requested technical stack including Java, Microservices, AWS, and Docker.""","Senior Software Developer with 6 years experience in Java, Microservices, AWS, Docker, Kubernetes, and Redis. Proven track record leading dev teams. (Candidate Ref 48)","Senior Java Microservices Architect requiring 5+ years experience in Java 17, Spring Cloud, AWS, and Docker. (Job Posting Ref 2)"
PAIR_0120,RES_SOF_0048,JOB_SOF_0003,MEDIUM,"""MEDIUM match: Meaningful alignment with Java backend and microservices experience, but noticeable gaps exist. The candidate lacks explicit mention of requested frameworks like Spring Boot, REST APIs, and MySQL, and is overqualified with 6 years of experience for a 2-4 year role.""","Senior Software Developer with 6 years experience in Java, Microservices, AWS, Docker, Kubernetes, and Redis. Proven track record leading dev teams. (Candidate Ref 48)","Looking for Backend Java Developer with 2-4 years experience in Java, Spring Boot, REST APIs, and MySQL. (Job Posting Ref 3)"
PAIR_0126,RES_SOF_0051,JOB_SOF_0009,LOW,"""LOW match: Major deficit in required experience and core technical skills. The candidate is a Junior Developer lacking the requested 2-4 years of experience, as well as essential frameworks like Spring Boot and REST APIs.""","Junior Java Developer with B.Tech in CS. Knowledge of Java, Data Structures, OOP, SQL, and HTML/CSS. Project experience building an e-commerce backend. (Candidate Ref 51)","Looking for Backend Java Developer with 2-4 years experience in Java, Spring Boot, REST APIs, and MySQL. (Job Posting Ref 9)"
PAIR_0127,RES_SOF_0051,JOB_SOF_0010,LOW,"""LOW match: Complete mismatch in role, experience level, and technical stack. The job requires a Senior Architect with 5+ years of experience and advanced skills like AWS, Spring Cloud, and Docker, whereas the candidate is an entry-level Junior Developer lacking the required seniority and architectural background.""","Junior Java Developer with B.Tech in CS. Knowledge of Java, Data Structures, OOP, SQL, and HTML/CSS. Project experience building an e-commerce backend. (Candidate Ref 51)","Senior Java Microservices Architect requiring 5+ years experience in Java 17, Spring Cloud, AWS, and Docker. (Job Posting Ref 10)"
PAIR_0128,RES_SOF_0051,JOB_QA _0112,LOW,"""LOW match: Complete mismatch in role, experience level, and technical stack. The job requires a Senior QA Lead with Python and Selenium automation skills, whereas the candidate is an entry-level Java Developer lacking both the required seniority and the QA/testing background.""","Junior Java Developer with B.Tech in CS. Knowledge of Java, Data Structures, OOP, SQL, and HTML/CSS. Project experience building an e-commerce backend. (Candidate Ref 51)","Senior Software Quality Assurance Lead requiring Selenium, Python automation, Postman API testing, and Jira defect tracking. (Job Posting Ref 112)"
PAIR_0129,RES_SOF_0052,JOB_SOF_0011,MEDIUM,"""MEDIUM match: Meaningful alignment with Java backend and microservices experience, but noticeable gaps exist. The candidate lacks explicit mention of requested frameworks like Spring Boot, REST APIs, and MySQL, and is overqualified with 6 years of experience for a 2-4 year role.""","Senior Software Developer with 6 years experience in Java, Microservices, AWS, Docker, Kubernetes, and Redis. Proven track record leading dev teams. (Candidate Ref 52)","Looking for Backend Java Developer with 2-4 years experience in Java, Spring Boot, REST APIs, and MySQL. (Job Posting Ref 11)"
PAIR_0130,RES_SOF_0052,JOB_SOF_0012,HIGH,"""HIGH match: Candidate shows strong overall suitability for the Architect role. They exceed the 5+ years experience requirement and possess the core requested technical stack including Java, Microservices, AWS, and Docker.""","Senior Software Developer with 6 years experience in Java, Microservices, AWS, Docker, Kubernetes, and Redis. Proven track record leading dev teams. (Candidate Ref 52)","Senior Java Microservices Architect requiring 5+ years experience in Java 17, Spring Cloud, AWS, and Docker. (Job Posting Ref 12)"
PAIR_0131,RES_SOF_0053,JOB_SOF_0001,HIGH,"""HIGH match: Candidate shows strong overall suitability. They perfectly fit the 2-4 years experience requirement and possess all requested core technical skills including Java, Spring Boot, REST APIs, and MySQL.""","Java Developer with 3+ years experience building Spring Boot microservices, REST APIs, and MySQL databases. Proficient in Git, JUnit, Docker, and CI/CD pipelines. (Candidate Ref 53)","Looking for Backend Java Developer with 2-4 years experience in Java, Spring Boot, REST APIs, and MySQL. (Job Posting Ref 1)"
PAIR_0132,RES_SOF_0053,JOB_SOF_0002,LOW,"""LOW match: Major deficit in experience level and role scope. The job requires a Senior Architect with 5+ years of experience and explicit skills in AWS and Spring Cloud, whereas the candidate is a mid-level Developer (3+ years) lacking architectural experience and the requested cloud skills.""","Java Developer with 3+ years experience building Spring Boot microservices, REST APIs, and MySQL databases. Proficient in Git, JUnit, Docker, and CI/CD pipelines. (Candidate Ref 53)","Senior Java Microservices Architect requiring 5+ years experience in Java 17, Spring Cloud, AWS, and Docker. (Job Posting Ref 2)"
PAIR_0133,RES_SOF_0053,JOB_QA _0119,LOW,"""LOW match: Significant mismatch in role focus and specific technical requirements. The job requires a QA Automation Engineer with Selenium and TestNG, whereas the candidate is a Backend Java Developer lacking dedicated automation testing tools and explicit QA experience.""","Java Developer with 3+ years experience building Spring Boot microservices, REST APIs, and MySQL databases. Proficient in Git, JUnit, Docker, and CI/CD pipelines. (Candidate Ref 53)","Hiring QA Automation Engineer with strong Java, Selenium WebDriver, TestNG, and REST API testing skills. (Job Posting Ref 119)"
PAIR_0139,RES_SOF_0056,JOB_SOF_0018,HIGH,"""HIGH match: Candidate shows strong overall suitability for the Architect role. They exceed the 5+ years experience requirement and possess the core requested technical stack including Java, Microservices, AWS, and Docker.""","Senior Software Developer with 6 years experience in Java, Microservices, AWS, Docker, Kubernetes, and Redis. Proven track record leading dev teams. (Candidate Ref 56)","Senior Java Microservices Architect requiring 5+ years experience in Java 17, Spring Cloud, AWS, and Docker. (Job Posting Ref 18)"
PAIR_0140,RES_SOF_0056,JOB_SOF_0019,MEDIUM,"""MEDIUM match: Meaningful alignment with Java backend and microservices experience, but noticeable gaps exist. The candidate lacks explicit mention of requested frameworks like Spring Boot, REST APIs, and MySQL, and is overqualified with 6 years of experience for a 2-4 year role.""","Senior Software Developer with 6 years experience in Java, Microservices, AWS, Docker, Kubernetes, and Redis. Proven track record leading dev teams. (Candidate Ref 56)","Looking for Backend Java Developer with 2-4 years experience in Java, Spring Boot, REST APIs, and MySQL. (Job Posting Ref 19)"
PAIR_0141,RES_SOF_0057,JOB_SOF_0008,LOW,"""LOW match: Major deficit in experience level and role scope. The job requires a Senior Architect with 5+ years of experience and explicit skills in AWS and Spring Cloud, whereas the candidate is a mid-level Developer (3+ years) lacking architectural experience and the requested cloud skills.""","Java Developer with 3+ years experience building Spring Boot microservices, REST APIs, and MySQL databases. Proficient in Git, JUnit, Docker, and CI/CD pipelines. (Candidate Ref 57)","Senior Java Microservices Architect requiring 5+ years experience in Java 17, Spring Cloud, AWS, and Docker. (Job Posting Ref 8)"
PAIR_0142,RES_SOF_0057,JOB_SOF_0009,HIGH,"""HIGH match: Candidate shows strong overall suitability. They perfectly fit the 2-4 years experience requirement and possess all requested core technical skills including Java, Spring Boot, REST APIs, and MySQL.""","Java Developer with 3+ years experience building Spring Boot microservices, REST APIs, and MySQL databases. Proficient in Git, JUnit, Docker, and CI/CD pipelines. (Candidate Ref 57)","Looking for Backend Java Developer with 2-4 years experience in Java, Spring Boot, REST APIs, and MySQL. (Job Posting Ref 9)"
PAIR_0143,RES_SOF_0057,JOB_QA _0119,LOW,"""LOW match: Significant mismatch in role focus and specific technical requirements. The job requires a QA Automation Engineer with Selenium and TestNG, whereas the candidate is a Backend Java Developer lacking dedicated automation testing tools and explicit QA experience.""","Java Developer with 3+ years experience building Spring Boot microservices, REST APIs, and MySQL databases. Proficient in Git, JUnit, Docker, and CI/CD pipelines. (Candidate Ref 57)","Hiring QA Automation Engineer with strong Java, Selenium WebDriver, TestNG, and REST API testing skills. (Job Posting Ref 119)"
PAIR_0144,RES_SOF_0058,JOB_SOF_0010,MEDIUM,"""MEDIUM match: Meaningful alignment with Java 17 and backend development, but noticeable gaps exist. Candidate lacks explicitly required skills like AWS, Docker, and Spring Cloud, and does not mention the 5+ years of Senior Architect experience requested.""","Backend Engineer specializing in Java 17, Spring Security, Hibernate, PostgreSQL, and Kafka. Demonstrated background in unit testing and scalable architecture. (Candidate Ref 58)","Senior Java Microservices Architect requiring 5+ years experience in Java 17, Spring Cloud, AWS, and Docker. (Job Posting Ref 10)"
PAIR_0145,RES_SOF_0058,JOB_SOF_0011,MEDIUM,"""MEDIUM match: Meaningful alignment with Java backend development, but noticeable gaps exist. Candidate lacks explicit mention of exactly required skills like Spring Boot, REST APIs, and MySQL, and the specific years of experience are not stated.""","Backend Engineer specializing in Java 17, Spring Security, Hibernate, PostgreSQL, and Kafka. Demonstrated background in unit testing and scalable architecture. (Candidate Ref 58)","Looking for Backend Java Developer with 2-4 years experience in Java, Spring Boot, REST APIs, and MySQL. (Job Posting Ref 11)"
PAIR_0156,RES_SOF_0063,JOB_SOF_0021,LOW,"""LOW match: Major deficit in required experience and core technical skills. The candidate is a Junior Developer lacking the requested 2-4 years of experience, as well as essential frameworks like Spring Boot and REST APIs.""","Junior Java Developer with B.Tech in CS. Knowledge of Java, Data Structures, OOP, SQL, and HTML/CSS. Project experience building an e-commerce backend. (Candidate Ref 63)","Looking for Backend Java Developer with 2-4 years experience in Java, Spring Boot, REST APIs, and MySQL. (Job Posting Ref 21)"
PAIR_0157,RES_SOF_0063,JOB_SOF_0022,LOW,"""LOW match: Complete mismatch in role, experience level, and technical stack. The job requires a Senior Architect with 5+ years of experience and advanced skills like AWS, Spring Cloud, and Docker, whereas the candidate is an entry-level Junior Developer lacking the required seniority and architectural background.""","Junior Java Developer with B.Tech in CS. Knowledge of Java, Data Structures, OOP, SQL, and HTML/CSS. Project experience building an e-commerce backend. (Candidate Ref 63)","Senior Java Microservices Architect requiring 5+ years experience in Java 17, Spring Cloud, AWS, and Docker. (Job Posting Ref 22)"
PAIR_0158,RES_SOF_0063,JOB_DEV_0085,LOW,"""LOW match: Complete mismatch in role and technology stack. The job requires a Cloud Security & DevOps Specialist with mandatory skills in Azure, Docker, and Kubernetes, whereas the candidate is an entry-level Junior Java Developer lacking any DevOps or cloud security experience.""","Junior Java Developer with B.Tech in CS. Knowledge of Java, Data Structures, OOP, SQL, and HTML/CSS. Project experience building an e-commerce backend. (Candidate Ref 63)","Cloud Security & DevOps Specialist required. Mandatory skills: Azure, Docker, Kubernetes, and Linux automation. (Job Posting Ref 85)"
PAIR_0159,RES_SOF_0064,JOB_SOF_0024,HIGH,"""HIGH match: Candidate shows strong overall suitability for the Architect role. They exceed the 5+ years experience requirement and possess the core requested technical stack including Java, Microservices, AWS, and Docker.""","Senior Software Developer with 6 years experience in Java, Microservices, AWS, Docker, Kubernetes, and Redis. Proven track record leading dev teams. (Candidate Ref 64)","Senior Java Microservices Architect requiring 5+ years experience in Java 17, Spring Cloud, AWS, and Docker. (Job Posting Ref 24)"
PAIR_0160,RES_SOF_0064,JOB_SOF_0025,MEDIUM,"""MEDIUM match: Meaningful alignment with Java backend and microservices experience, but noticeable gaps exist. The candidate lacks explicit mention of requested frameworks like Spring Boot, REST APIs, and MySQL, and is overqualified with 6 years of experience and leadership background for a 2-4 year role.""","Senior Software Developer with 6 years experience in Java, Microservices, AWS, Docker, Kubernetes, and Redis. Proven track record leading dev teams. (Candidate Ref 64)","Looking for Backend Java Developer with 2-4 years experience in Java, Spring Boot, REST APIs, and MySQL. (Job Posting Ref 25)"
PAIR_0161,RES_SOF_0065,JOB_SOF_0005,HIGH,"""HIGH match: Candidate shows strong overall suitability. They perfectly fit the 2-4 years experience requirement and possess all requested core technical skills including Java, Spring Boot, REST APIs, and MySQL.""","Java Developer with 3+ years experience building Spring Boot microservices, REST APIs, and MySQL databases. Proficient in Git, JUnit, Docker, and CI/CD pipelines. (Candidate Ref 65)","Looking for Backend Java Developer with 2-4 years experience in Java, Spring Boot, REST APIs, and MySQL. (Job Posting Ref 5)"
PAIR_0162,RES_SOF_0065,JOB_SOF_0006,LOW,"""LOW match: Major deficit in experience level and role scope. The job requires a Senior Architect with 5+ years of experience and explicit skills in AWS and Spring Cloud, whereas the candidate is a mid-level Developer (3+ years) lacking architectural experience and the requested cloud skills.""","Java Developer with 3+ years experience building Spring Boot microservices, REST APIs, and MySQL databases. Proficient in Git, JUnit, Docker, and CI/CD pipelines. (Candidate Ref 65)","Senior Java Microservices Architect requiring 5+ years experience in Java 17, Spring Cloud, AWS, and Docker. (Job Posting Ref 6)"
PAIR_0163,RES_SOF_0065,JOB_QA _0102,LOW,"""LOW match: Complete mismatch in role, experience level, and technology stack. The job requires a Senior QA Lead with Python, Selenium, and Postman experience, whereas the candidate is a mid-level Backend Java Developer lacking dedicated QA automation tools and leadership experience.""","Java Developer with 3+ years experience building Spring Boot microservices, REST APIs, and MySQL databases. Proficient in Git, JUnit, Docker, and CI/CD pipelines. (Candidate Ref 65)","Senior Software Quality Assurance Lead requiring Selenium, Python automation, Postman API testing, and Jira defect tracking. (Job Posting Ref 102)"
PAIR_0166,RES_SOF_0067,JOB_SOF_0004,LOW,"""LOW match: Complete mismatch in role, experience level, and technical stack. The job requires a Senior Architect with 5+ years of experience and advanced skills like AWS, Spring Cloud, and Docker, whereas the candidate is an entry-level Junior Developer lacking the required seniority and architectural background.""","Junior Java Developer with B.Tech in CS. Knowledge of Java, Data Structures, OOP, SQL, and HTML/CSS. Project experience building an e-commerce backend. (Candidate Ref 67)","Senior Java Microservices Architect requiring 5+ years experience in Java 17, Spring Cloud, AWS, and Docker. (Job Posting Ref 4)"
PAIR_0167,RES_SOF_0067,JOB_SOF_0005,LOW,"""LOW match: Major deficit in required experience and core technical skills. The candidate is a Junior Developer lacking the requested 2-4 years of experience, as well as essential frameworks like Spring Boot and REST APIs.""","Junior Java Developer with B.Tech in CS. Knowledge of Java, Data Structures, OOP, SQL, and HTML/CSS. Project experience building an e-commerce backend. (Candidate Ref 67)","Looking for Backend Java Developer with 2-4 years experience in Java, Spring Boot, REST APIs, and MySQL. (Job Posting Ref 5)"
PAIR_0168,RES_SOF_0067,JOB_DEV_0096,LOW,"""LOW match: Complete mismatch in role and technology stack. The job requires a DevOps Engineer with experience in AWS, Docker, Kubernetes, and Terraform, whereas the candidate is an entry-level Junior Java Developer lacking any cloud infrastructure or CI/CD experience.""","Junior Java Developer with B.Tech in CS. Knowledge of Java, Data Structures, OOP, SQL, and HTML/CSS. Project experience building an e-commerce backend. (Candidate Ref 67)","Looking for DevOps Engineer with experience in AWS, Docker, Kubernetes, CI/CD pipelines, and Terraform. (Job Posting Ref 96)"
PAIR_0174,RES_SOF_0070,JOB_SOF_0009,MEDIUM,"""MEDIUM match: Meaningful alignment with Java backend development, but noticeable gaps exist. Candidate lacks explicit mention of exactly required skills like Spring Boot, REST APIs, and MySQL, and the specific years of experience are not stated.""","Backend Engineer specializing in Java 17, Spring Security, Hibernate, PostgreSQL, and Kafka. Demonstrated background in unit testing and scalable architecture. (Candidate Ref 70)","Looking for Backend Java Developer with 2-4 years experience in Java, Spring Boot, REST APIs, and MySQL. (Job Posting Ref 9)"
PAIR_0175,RES_SOF_0070,JOB_SOF_0010,MEDIUM,"""MEDIUM match: Meaningful alignment with Java 17 and backend development, but noticeable gaps exist. Candidate lacks explicitly required skills like AWS, Docker, and Spring Cloud, and does not mention the 5+ years of Senior Architect experience requested.""","Backend Engineer specializing in Java 17, Spring Security, Hibernate, PostgreSQL, and Kafka. Demonstrated background in unit testing and scalable architecture. (Candidate Ref 70)","Senior Java Microservices Architect requiring 5+ years experience in Java 17, Spring Cloud, AWS, and Docker. (Job Posting Ref 10)"
PAIR_0176,RES_SOF_0071,JOB_SOF_0012,LOW,"""LOW match: Complete mismatch in role, experience level, and technical stack. The job requires a Senior Architect with 5+ years of experience and advanced skills like AWS, Spring Cloud, and Docker, whereas the candidate is an entry-level Junior Developer lacking the required seniority and architectural background.""","Junior Java Developer with B.Tech in CS. Knowledge of Java, Data Structures, OOP, SQL, and HTML/CSS. Project experience building an e-commerce backend. (Candidate Ref 71)","Senior Java Microservices Architect requiring 5+ years experience in Java 17, Spring Cloud, AWS, and Docker. (Job Posting Ref 12)"
PAIR_0177,RES_SOF_0071,JOB_SOF_0013,LOW,"""LOW match: Major deficit in required experience and core technical skills. The candidate is a Junior Developer lacking the requested 2-4 years of experience, as well as essential frameworks like Spring Boot and REST APIs.""","Junior Java Developer with B.Tech in CS. Knowledge of Java, Data Structures, OOP, SQL, and HTML/CSS. Project experience building an e-commerce backend. (Candidate Ref 71)","Looking for Backend Java Developer with 2-4 years experience in Java, Spring Boot, REST APIs, and MySQL. (Job Posting Ref 13)"
PAIR_0178,RES_SOF_0071,JOB_WEB_0035,LOW,"""LOW match: Complete mismatch in technology stack and role. The job requires a Full Stack JavaScript Developer with Node.js, React, and MongoDB, whereas the candidate is a Junior Java Developer focused on Java and SQL.""","Junior Java Developer with B.Tech in CS. Knowledge of Java, Data Structures, OOP, SQL, and HTML/CSS. Project experience building an e-commerce backend. (Candidate Ref 71)","Full Stack JavaScript Developer needed. Requirements: Node.js, React, MongoDB, and TypeScript. (Job Posting Ref 35)"
PAIR_0179,RES_SOF_0072,JOB_SOF_0022,HIGH,"""HIGH match: Candidate shows strong overall suitability for the Architect role. They exceed the 5+ years experience requirement and possess the core requested technical stack including Java, Microservices, AWS, and Docker.""","Senior Software Developer with 6 years experience in Java, Microservices, AWS, Docker, Kubernetes, and Redis. Proven track record leading dev teams. (Candidate Ref 72)","Senior Java Microservices Architect requiring 5+ years experience in Java 17, Spring Cloud, AWS, and Docker. (Job Posting Ref 22)"
PAIR_0180,RES_SOF_0072,JOB_SOF_0023,MEDIUM,"""MEDIUM match: Meaningful alignment with Java backend and microservices experience, but noticeable gaps exist. The candidate lacks explicit mention of requested frameworks like Spring Boot, REST APIs, and MySQL, and is overqualified with 6 years of experience and leadership background for a 2-4 year role.""","Senior Software Developer with 6 years experience in Java, Microservices, AWS, Docker, Kubernetes, and Redis. Proven track record leading dev teams. (Candidate Ref 72)","Looking for Backend Java Developer with 2-4 years experience in Java, Spring Boot, REST APIs, and MySQL. (Job Posting Ref 23)"
PAIR_0181,RES_SOF_0073,JOB_SOF_0001,HIGH,"""HIGH match: Candidate shows strong overall suitability. They perfectly fit the 2-4 years experience requirement and possess all requested core technical skills including Java, Spring Boot, REST APIs, and MySQL.""","Java Developer with 3+ years experience building Spring Boot microservices, REST APIs, and MySQL databases. Proficient in Git, JUnit, Docker, and CI/CD pipelines. (Candidate Ref 73)","Looking for Backend Java Developer with 2-4 years experience in Java, Spring Boot, REST APIs, and MySQL. (Job Posting Ref 1)"
PAIR_0182,RES_SOF_0073,JOB_SOF_0002,LOW,"""LOW match: Major deficit in experience level and role scope. The job requires a Senior Architect with 5+ years of experience and explicit skills in AWS and Spring Cloud, whereas the candidate is a mid-level Developer (3+ years) lacking architectural experience and the requested cloud skills.""","Java Developer with 3+ years experience building Spring Boot microservices, REST APIs, and MySQL databases. Proficient in Git, JUnit, Docker, and CI/CD pipelines. (Candidate Ref 73)","Senior Java Microservices Architect requiring 5+ years experience in Java 17, Spring Cloud, AWS, and Docker. (Job Posting Ref 2)"
PAIR_0183,RES_SOF_0073,JOB_WEB_0048,LOW,"""LOW match: Complete mismatch in role and technology stack. The job requires a React Frontend Developer with JavaScript and React.js expertise, whereas the candidate is a Backend Java Developer focused on Spring Boot and MySQL.""","Java Developer with 3+ years experience building Spring Boot microservices, REST APIs, and MySQL databases. Proficient in Git, JUnit, Docker, and CI/CD pipelines. (Candidate Ref 73)","Seeking React Frontend Developer with 2+ years experience in React.js, JavaScript (ES6+), HTML5/CSS3, and REST API integration. (Job Posting Ref 48)"
PAIR_0184,RES_SOF_0074,JOB_SOF_0022,MEDIUM,"""MEDIUM match: Meaningful alignment with Java 17 and backend development, but noticeable gaps exist. Candidate lacks explicitly required skills like AWS, Docker, and Spring Cloud, and does not mention the 5+ years of Senior Architect experience requested.""","Backend Engineer specializing in Java 17, Spring Security, Hibernate, PostgreSQL, and Kafka. Demonstrated background in unit testing and scalable architecture. (Candidate Ref 74)","Senior Java Microservices Architect requiring 5+ years experience in Java 17, Spring Cloud, AWS, and Docker. (Job Posting Ref 22)"
PAIR_0185,RES_SOF_0074,JOB_SOF_0023,MEDIUM,"""MEDIUM match: Meaningful alignment with Java backend development, but noticeable gaps exist. Candidate lacks explicit mention of exactly required skills like Spring Boot, REST APIs, and MySQL, and the specific years of experience are not stated.""","Backend Engineer specializing in Java 17, Spring Security, Hibernate, PostgreSQL, and Kafka. Demonstrated background in unit testing and scalable architecture. (Candidate Ref 74)","Looking for Backend Java Developer with 2-4 years experience in Java, Spring Boot, REST APIs, and MySQL. (Job Posting Ref 23)"
PAIR_0186,RES_SOF_0075,JOB_SOF_0005,LOW,"""LOW match: Major deficit in required experience and core technical skills. The candidate is a Junior Developer lacking the requested 2-4 years of experience, as well as essential frameworks like Spring Boot and REST APIs.""","Junior Java Developer with B.Tech in CS. Knowledge of Java, Data Structures, OOP, SQL, and HTML/CSS. Project experience building an e-commerce backend. (Candidate Ref 75)","Looking for Backend Java Developer with 2-4 years experience in Java, Spring Boot, REST APIs, and MySQL. (Job Posting Ref 5)"
PAIR_0187,RES_SOF_0075,JOB_SOF_0006,LOW,"""LOW match: Complete mismatch in role, experience level, and technical stack. The job requires a Senior Architect with 5+ years of experience and advanced skills like AWS, Spring Cloud, and Docker, whereas the candidate is an entry-level Junior Developer lacking the required seniority and architectural background.""","Junior Java Developer with B.Tech in CS. Knowledge of Java, Data Structures, OOP, SQL, and HTML/CSS. Project experience building an e-commerce backend. (Candidate Ref 75)","Senior Java Microservices Architect requiring 5+ years experience in Java 17, Spring Cloud, AWS, and Docker. (Job Posting Ref 6)"
PAIR_0188,RES_SOF_0075,JOB_QA _0123,LOW,"""LOW match: Complete mismatch in role and specific technical requirements. The job requires a QA Automation Engineer with Selenium and TestNG expertise, whereas the candidate is a Junior Java Developer lacking any software testing or automation framework experience.""","Junior Java Developer with B.Tech in CS. Knowledge of Java, Data Structures, OOP, SQL, and HTML/CSS. Project experience building an e-commerce backend. (Candidate Ref 75)","Hiring QA Automation Engineer with strong Java, Selenium WebDriver, TestNG, and REST API testing skills. (Job Posting Ref 123)"
PAIR_0191,RES_SOF_0077,JOB_SOF_0007,HIGH,"""HIGH match: Candidate shows strong overall suitability. They perfectly fit the 2-4 years experience requirement and possess all requested core technical skills including Java, Spring Boot, REST APIs, and MySQL.""","Java Developer with 3+ years experience building Spring Boot microservices, REST APIs, and MySQL databases. Proficient in Git, JUnit, Docker, and CI/CD pipelines. (Candidate Ref 77)","Looking for Backend Java Developer with 2-4 years experience in Java, Spring Boot, REST APIs, and MySQL. (Job Posting Ref 7)"
PAIR_0192,RES_SOF_0077,JOB_SOF_0008,LOW,"""LOW match: Major deficit in experience level and role scope. The job requires a Senior Architect with 5+ years of experience and explicit skills in AWS and Spring Cloud, whereas the candidate is a mid-level Developer (3+ years) lacking architectural experience and the requested cloud skills.""","Java Developer with 3+ years experience building Spring Boot microservices, REST APIs, and MySQL databases. Proficient in Git, JUnit, Docker, and CI/CD pipelines. (Candidate Ref 77)","Senior Java Microservices Architect requiring 5+ years experience in Java 17, Spring Cloud, AWS, and Docker. (Job Posting Ref 8)"
PAIR_0193,RES_SOF_0077,JOB_DEV_0096,LOW,"""LOW match: Mismatch in primary role and core technical stack. While the candidate has exposure to Docker and CI/CD pipelines as a developer, they lack the dedicated infrastructure tools required for a DevOps Engineer, such as AWS, Kubernetes, and Terraform.""","Java Developer with 3+ years experience building Spring Boot microservices, REST APIs, and MySQL databases. Proficient in Git, JUnit, Docker, and CI/CD pipelines. (Candidate Ref 77)","Looking for DevOps Engineer with experience in AWS, Docker, Kubernetes, CI/CD pipelines, and Terraform. (Job Posting Ref 96)"
PAIR_0194,RES_SOF_0078,JOB_SOF_0007,MEDIUM,"""MEDIUM match: Meaningful alignment with Java backend development, but noticeable gaps exist. Candidate lacks explicit mention of exactly required skills like Spring Boot, REST APIs, and MySQL, and the specific years of experience are not stated.""","Backend Engineer specializing in Java 17, Spring Security, Hibernate, PostgreSQL, and Kafka. Demonstrated background in unit testing and scalable architecture. (Candidate Ref 78)","Looking for Backend Java Developer with 2-4 years experience in Java, Spring Boot, REST APIs, and MySQL. (Job Posting Ref 7)"
PAIR_0195,RES_SOF_0078,JOB_SOF_0008,MEDIUM,"""MEDIUM match: Meaningful alignment with Java 17 and backend development, but noticeable gaps exist. Candidate lacks explicitly required skills like AWS, Docker, and Spring Cloud, and does not mention the 5+ years of Senior Architect experience requested.""","Backend Engineer specializing in Java 17, Spring Security, Hibernate, PostgreSQL, and Kafka. Demonstrated background in unit testing and scalable architecture. (Candidate Ref 78)","Senior Java Microservices Architect requiring 5+ years experience in Java 17, Spring Cloud, AWS, and Docker. (Job Posting Ref 8)"
PAIR_0196,RES_SOF_0079,JOB_SOF_0021,LOW,"""LOW match: Major deficit in required experience and core technical skills. The candidate is a Junior Developer lacking the requested 2-4 years of experience, as well as essential frameworks like Spring Boot and REST APIs.""","Junior Java Developer with B.Tech in CS. Knowledge of Java, Data Structures, OOP, SQL, and HTML/CSS. Project experience building an e-commerce backend. (Candidate Ref 79)","Looking for Backend Java Developer with 2-4 years experience in Java, Spring Boot, REST APIs, and MySQL. (Job Posting Ref 21)"
PAIR_0197,RES_SOF_0079,JOB_SOF_0022,LOW,"""LOW match: Complete mismatch in role, experience level, and technical stack. The job requires a Senior Architect with 5+ years of experience and advanced skills like AWS, Spring Cloud, and Docker, whereas the candidate is an entry-level Junior Developer lacking the required seniority and architectural background.""","Junior Java Developer with B.Tech in CS. Knowledge of Java, Data Structures, OOP, SQL, and HTML/CSS. Project experience building an e-commerce backend. (Candidate Ref 79)","Senior Java Microservices Architect requiring 5+ years experience in Java 17, Spring Cloud, AWS, and Docker. (Job Posting Ref 22)"
PAIR_0198,RES_SOF_0079,JOB_WEB_0032,LOW,"""LOW match: Complete mismatch in role, experience level, and core technology stack. The job requires a Frontend Developer with 2+ years of experience and React.js/JavaScript expertise, whereas the candidate is an entry-level Junior Java Developer focused on backend development.""","Junior Java Developer with B.Tech in CS. Knowledge of Java, Data Structures, OOP, SQL, and HTML/CSS. Project experience building an e-commerce backend. (Candidate Ref 79)","Seeking React Frontend Developer with 2+ years experience in React.js, JavaScript (ES6+), HTML5/CSS3, and REST API integration. (Job Posting Ref 32)"
PAIR_0199,RES_SOF_0080,JOB_SOF_0005,MEDIUM,"""MEDIUM match: Meaningful alignment with Java backend and microservices experience, but noticeable gaps exist. The candidate lacks explicit mention of requested frameworks like Spring Boot, REST APIs, and MySQL, and is overqualified with 6 years of experience and leadership background for a 2-4 year role.""","Senior Software Developer with 6 years experience in Java, Microservices, AWS, Docker, Kubernetes, and Redis. Proven track record leading dev teams. (Candidate Ref 80)","Looking for Backend Java Developer with 2-4 years experience in Java, Spring Boot, REST APIs, and MySQL. (Job Posting Ref 5)"
PAIR_0200,RES_SOF_0080,JOB_SOF_0006,HIGH,"""HIGH match: Candidate shows strong overall suitability for the Architect role. They exceed the 5+ years experience requirement and possess the core requested technical stack including Java, Microservices, AWS, and Docker.""","Senior Software Developer with 6 years experience in Java, Microservices, AWS, Docker, Kubernetes, and Redis. Proven track record leading dev teams. (Candidate Ref 80)","Senior Java Microservices Architect requiring 5+ years experience in Java 17, Spring Cloud, AWS, and Docker. (Job Posting Ref 6)"
PAIR_0206,RES_SOF_0083,JOB_SOF_0024,LOW,"""LOW match: Complete mismatch in role, experience level, and technical stack. The job requires a Senior Architect with 5+ years of experience and advanced skills like AWS, Spring Cloud, and Docker, whereas the candidate is an entry-level Junior Developer lacking the required seniority and architectural background.""","Junior Java Developer with B.Tech in CS. Knowledge of Java, Data Structures, OOP, SQL, and HTML/CSS. Project experience building an e-commerce backend. (Candidate Ref 83)","Senior Java Microservices Architect requiring 5+ years experience in Java 17, Spring Cloud, AWS, and Docker. (Job Posting Ref 24)"
PAIR_0207,RES_SOF_0083,JOB_SOF_0025,LOW,"""LOW match: Major deficit in required experience and core technical skills. The candidate is a Junior Developer lacking the requested 2-4 years of experience, as well as essential frameworks like Spring Boot and REST APIs.""","Junior Java Developer with B.Tech in CS. Knowledge of Java, Data Structures, OOP, SQL, and HTML/CSS. Project experience building an e-commerce backend. (Candidate Ref 83)","Looking for Backend Java Developer with 2-4 years experience in Java, Spring Boot, REST APIs, and MySQL. (Job Posting Ref 25)"
PAIR_0208,RES_SOF_0083,JOB_DEV_0078,LOW,"""LOW match: Complete mismatch in role and technology stack. The job requires a DevOps Engineer with expertise in AWS, Kubernetes, and Terraform, whereas the candidate is an entry-level Junior Java Developer with no infrastructure or CI/CD experience.""","Junior Java Developer with B.Tech in CS. Knowledge of Java, Data Structures, OOP, SQL, and HTML/CSS. Project experience building an e-commerce backend. (Candidate Ref 83)","Looking for DevOps Engineer with experience in AWS, Docker, Kubernetes, CI/CD pipelines, and Terraform. (Job Posting Ref 78)"
PAIR_0209,RES_SOF_0084,JOB_SOF_0008,HIGH,"""HIGH match: Candidate shows strong overall suitability for the Architect role. They exceed the 5+ years experience requirement and possess the core requested technical stack including Java, Microservices, AWS, and Docker.""","Senior Software Developer with 6 years experience in Java, Microservices, AWS, Docker, Kubernetes, and Redis. Proven track record leading dev teams. (Candidate Ref 84)","Senior Java Microservices Architect requiring 5+ years experience in Java 17, Spring Cloud, AWS, and Docker. (Job Posting Ref 8)"
PAIR_0210,RES_SOF_0084,JOB_SOF_0009,MEDIUM,"""MEDIUM match: Meaningful alignment with Java backend and microservices experience, but noticeable gaps exist. The candidate lacks explicit mention of requested frameworks like Spring Boot, REST APIs, and MySQL, and is overqualified with 6 years of experience and leadership background for a 2-4 year role.""","Senior Software Developer with 6 years experience in Java, Microservices, AWS, Docker, Kubernetes, and Redis. Proven track record leading dev teams. (Candidate Ref 84)","Looking for Backend Java Developer with 2-4 years experience in Java, Spring Boot, REST APIs, and MySQL. (Job Posting Ref 9)"
PAIR_0214,RES_SOF_0086,JOB_SOF_0009,MEDIUM,"""MEDIUM match: Meaningful alignment with Java backend development, but noticeable gaps exist. Candidate lacks explicit mention of exactly required skills like Spring Boot, REST APIs, and MySQL, and the specific years of experience are not stated.""","Backend Engineer specializing in Java 17, Spring Security, Hibernate, PostgreSQL, and Kafka. Demonstrated background in unit testing and scalable architecture. (Candidate Ref 86)","Looking for Backend Java Developer with 2-4 years experience in Java, Spring Boot, REST APIs, and MySQL. (Job Posting Ref 9)"
PAIR_0215,RES_SOF_0086,JOB_SOF_0010,MEDIUM,"""MEDIUM match: Meaningful alignment with Java 17 and backend development, but noticeable gaps exist. Candidate lacks explicitly required skills like AWS, Docker, and Spring Cloud, and does not mention the 5+ years of Senior Architect experience requested.""","Backend Engineer specializing in Java 17, Spring Security, Hibernate, PostgreSQL, and Kafka. Demonstrated background in unit testing and scalable architecture. (Candidate Ref 86)","Senior Java Microservices Architect requiring 5+ years experience in Java 17, Spring Cloud, AWS, and Docker. (Job Posting Ref 10)"
PAIR_0221,RES_SOF_0089,JOB_SOF_0014,LOW,"""LOW match: Major deficit in experience level and role scope. The job requires a Senior Architect with 5+ years of experience and explicit skills in AWS and Spring Cloud, whereas the candidate is a mid-level Developer (3+ years) lacking architectural experience and the requested cloud skills.""","Java Developer with 3+ years experience building Spring Boot microservices, REST APIs, and MySQL databases. Proficient in Git, JUnit, Docker, and CI/CD pipelines. (Candidate Ref 89)","Senior Java Microservices Architect requiring 5+ years experience in Java 17, Spring Cloud, AWS, and Docker. (Job Posting Ref 14)"
PAIR_0222,RES_SOF_0089,JOB_SOF_0015,HIGH,"""HIGH match: Candidate shows strong overall suitability. They perfectly fit the 2-4 years experience requirement and possess all requested core technical skills including Java, Spring Boot, REST APIs, and MySQL.""","Java Developer with 3+ years experience building Spring Boot microservices, REST APIs, and MySQL databases. Proficient in Git, JUnit, Docker, and CI/CD pipelines. (Candidate Ref 89)","Looking for Backend Java Developer with 2-4 years experience in Java, Spring Boot, REST APIs, and MySQL. (Job Posting Ref 15)"
PAIR_0223,RES_SOF_0089,JOB_DAT_0058,LOW,"""LOW match: Complete mismatch in role, domain, and technology stack. The job requires a Machine Learning Engineer with Python and PyTorch expertise, whereas the candidate is a Backend Java Developer with no ML or Data Science experience.""","Java Developer with 3+ years experience building Spring Boot microservices, REST APIs, and MySQL databases. Proficient in Git, JUnit, Docker, and CI/CD pipelines. (Candidate Ref 89)","Machine Learning Engineer position requiring Python, Scikit-Learn, PyTorch, and ML model training experience. (Job Posting Ref 58)"
PAIR_0224,RES_SOF_0090,JOB_SOF_0023,MEDIUM,"""MEDIUM match: Meaningful alignment with Java backend development, but noticeable gaps exist. Candidate lacks explicit mention of exactly required skills like Spring Boot, REST APIs, and MySQL, and the specific years of experience are not stated.""","Backend Engineer specializing in Java 17, Spring Security, Hibernate, PostgreSQL, and Kafka. Demonstrated background in unit testing and scalable architecture. (Candidate Ref 90)","Looking for Backend Java Developer with 2-4 years experience in Java, Spring Boot, REST APIs, and MySQL. (Job Posting Ref 23)"
PAIR_0225,RES_SOF_0090,JOB_SOF_0024,MEDIUM,"""MEDIUM match: Meaningful alignment with Java 17 and backend development, but noticeable gaps exist. Candidate lacks explicitly required skills like AWS, Docker, and Spring Cloud, and does not mention the 5+ years of Senior Architect experience requested.""","Backend Engineer specializing in Java 17, Spring Security, Hibernate, PostgreSQL, and Kafka. Demonstrated background in unit testing and scalable architecture. (Candidate Ref 90)","Senior Java Microservices Architect requiring 5+ years experience in Java 17, Spring Cloud, AWS, and Docker. (Job Posting Ref 24)"
PAIR_0226,RES_SOF_0091,JOB_SOF_0019,LOW,"""LOW match: Major deficit in required experience and core technical skills. The candidate is a Junior Developer lacking the requested 2-4 years of experience, as well as essential frameworks like Spring Boot and REST APIs.""","Junior Java Developer with B.Tech in CS. Knowledge of Java, Data Structures, OOP, SQL, and HTML/CSS. Project experience building an e-commerce backend. (Candidate Ref 91)","Looking for Backend Java Developer with 2-4 years experience in Java, Spring Boot, REST APIs, and MySQL. (Job Posting Ref 19)"
PAIR_0227,RES_SOF_0091,JOB_SOF_0020,LOW,"""LOW match: Complete mismatch in role, experience level, and technical stack. The job requires a Senior Architect with 5+ years of experience and advanced skills like AWS, Spring Cloud, and Docker, whereas the candidate is an entry-level Junior Developer lacking the required seniority and architectural background.""","Junior Java Developer with B.Tech in CS. Knowledge of Java, Data Structures, OOP, SQL, and HTML/CSS. Project experience building an e-commerce backend. (Candidate Ref 91)","Senior Java Microservices Architect requiring 5+ years experience in Java 17, Spring Cloud, AWS, and Docker. (Job Posting Ref 20)"
PAIR_0228,RES_SOF_0091,JOB_DAT_0051,LOW,"""LOW match: Complete mismatch in role and technology stack. The job requires a Data Analyst with Python and Tableau expertise, whereas the candidate is a Junior Java Developer focused on software engineering with no data analytics or visualization experience.""","Junior Java Developer with B.Tech in CS. Knowledge of Java, Data Structures, OOP, SQL, and HTML/CSS. Project experience building an e-commerce backend. (Candidate Ref 91)","Hiring Data Analyst with strong SQL, Python (Pandas/NumPy), and Tableau data visualization skills. (Job Posting Ref 51)"
PAIR_0231,RES_SOF_0093,JOB_SOF_0003,HIGH,"""HIGH match: Candidate shows strong overall suitability. They perfectly fit the 2-4 years experience requirement and possess all requested core technical skills including Java, Spring Boot, REST APIs, and MySQL.""","Java Developer with 3+ years experience building Spring Boot microservices, REST APIs, and MySQL databases. Proficient in Git, JUnit, Docker, and CI/CD pipelines. (Candidate Ref 93)","Looking for Backend Java Developer with 2-4 years experience in Java, Spring Boot, REST APIs, and MySQL. (Job Posting Ref 3)"
PAIR_0232,RES_SOF_0093,JOB_SOF_0004,LOW,"""LOW match: Major deficit in experience level and role scope. The job requires a Senior Architect with 5+ years of experience and explicit skills in AWS and Spring Cloud, whereas the candidate is a mid-level Developer (3+ years) lacking architectural experience and the requested cloud skills.""","Java Developer with 3+ years experience building Spring Boot microservices, REST APIs, and MySQL databases. Proficient in Git, JUnit, Docker, and CI/CD pipelines. (Candidate Ref 93)","Senior Java Microservices Architect requiring 5+ years experience in Java 17, Spring Cloud, AWS, and Docker. (Job Posting Ref 4)"
PAIR_0233,RES_SOF_0093,JOB_DAT_0059,LOW,"""LOW match: Complete mismatch in role, domain, and technology stack. The job requires a Data Analyst with Python and Tableau expertise, whereas the candidate is a Backend Java Developer with no data analytics or visualization experience.""","Java Developer with 3+ years experience building Spring Boot microservices, REST APIs, and MySQL databases. Proficient in Git, JUnit, Docker, and CI/CD pipelines. (Candidate Ref 93)","Hiring Data Analyst with strong SQL, Python (Pandas/NumPy), and Tableau data visualization skills. (Job Posting Ref 59)"
PAIR_0234,RES_SOF_0094,JOB_SOF_0024,MEDIUM,"""MEDIUM match: Meaningful alignment with Java 17 and backend development, but noticeable gaps exist. Candidate lacks explicitly required skills like AWS, Docker, and Spring Cloud, and does not mention the 5+ years of Senior Architect experience requested.""","Backend Engineer specializing in Java 17, Spring Security, Hibernate, PostgreSQL, and Kafka. Demonstrated background in unit testing and scalable architecture. (Candidate Ref 94)","Senior Java Microservices Architect requiring 5+ years experience in Java 17, Spring Cloud, AWS, and Docker. (Job Posting Ref 24)"
PAIR_0235,RES_SOF_0094,JOB_SOF_0025,MEDIUM,"""MEDIUM match: Meaningful alignment with Java backend development, but noticeable gaps exist. Candidate lacks explicit mention of exactly required skills like Spring Boot, REST APIs, and MySQL, and the specific years of experience are not stated.""","Backend Engineer specializing in Java 17, Spring Security, Hibernate, PostgreSQL, and Kafka. Demonstrated background in unit testing and scalable architecture. (Candidate Ref 94)","Looking for Backend Java Developer with 2-4 years experience in Java, Spring Boot, REST APIs, and MySQL. (Job Posting Ref 25)"
PAIR_0236,RES_SOF_0095,JOB_SOF_0003,LOW,"""LOW match: Major deficit in required experience and core technical skills. The candidate is a Junior Developer lacking the requested 2-4 years of experience, as well as essential frameworks like Spring Boot and REST APIs.""","Junior Java Developer with B.Tech in CS. Knowledge of Java, Data Structures, OOP, SQL, and HTML/CSS. Project experience building an e-commerce backend. (Candidate Ref 95)","Looking for Backend Java Developer with 2-4 years experience in Java, Spring Boot, REST APIs, and MySQL. (Job Posting Ref 3)"
PAIR_0237,RES_SOF_0095,JOB_SOF_0004,LOW,"""LOW match: Complete mismatch in role, experience level, and technical stack. The job requires a Senior Architect with 5+ years of experience and advanced skills like AWS, Spring Cloud, and Docker, whereas the candidate is an entry-level Junior Developer lacking the required seniority and architectural background.""","Junior Java Developer with B.Tech in CS. Knowledge of Java, Data Structures, OOP, SQL, and HTML/CSS. Project experience building an e-commerce backend. (Candidate Ref 95)","Senior Java Microservices Architect requiring 5+ years experience in Java 17, Spring Cloud, AWS, and Docker. (Job Posting Ref 4)"
PAIR_0238,RES_SOF_0095,JOB_WEB_0047,LOW,"""LOW match: Complete mismatch in technology stack and role. The job requires a Full Stack JavaScript Developer with Node.js, React, and MongoDB, whereas the candidate is a Junior Java Developer focused on Java and SQL with no modern JavaScript framework experience.""","Junior Java Developer with B.Tech in CS. Knowledge of Java, Data Structures, OOP, SQL, and HTML/CSS. Project experience building an e-commerce backend. (Candidate Ref 95)","Full Stack JavaScript Developer needed. Requirements: Node.js, React, MongoDB, and TypeScript. (Job Posting Ref 47)"
PAIR_0239,RES_SOF_0096,JOB_SOF_0024,HIGH,"""HIGH match: Candidate shows strong overall suitability for the Architect role. They exceed the 5+ years experience requirement and possess the core requested technical stack including Java, Microservices, AWS, and Docker.""","Senior Software Developer with 6 years experience in Java, Microservices, AWS, Docker, Kubernetes, and Redis. Proven track record leading dev teams. (Candidate Ref 96)","Senior Java Microservices Architect requiring 5+ years experience in Java 17, Spring Cloud, AWS, and Docker. (Job Posting Ref 24)"
PAIR_0240,RES_SOF_0096,JOB_SOF_0025,MEDIUM,"""MEDIUM match: Meaningful alignment with Java backend and microservices experience, but noticeable gaps exist. The candidate lacks explicit mention of requested frameworks like Spring Boot, REST APIs, and MySQL, and is overqualified with 6 years of experience and leadership background for a 2-4 year role.""","Senior Software Developer with 6 years experience in Java, Microservices, AWS, Docker, Kubernetes, and Redis. Proven track record leading dev teams. (Candidate Ref 96)","Looking for Backend Java Developer with 2-4 years experience in Java, Spring Boot, REST APIs, and MySQL. (Job Posting Ref 25)"
PAIR_0241,RES_SOF_0097,JOB_SOF_0005,HIGH,"""HIGH match: Candidate shows strong overall suitability. They perfectly fit the 2-4 years experience requirement and possess all requested core technical skills including Java, Spring Boot, REST APIs, and MySQL.""","Java Developer with 3+ years experience building Spring Boot microservices, REST APIs, and MySQL databases. Proficient in Git, JUnit, Docker, and CI/CD pipelines. (Candidate Ref 97)","Looking for Backend Java Developer with 2-4 years experience in Java, Spring Boot, REST APIs, and MySQL. (Job Posting Ref 5)"
PAIR_0242,RES_SOF_0097,JOB_SOF_0006,LOW,"""LOW match: Major deficit in experience level and role scope. The job requires a Senior Architect with 5+ years of experience and explicit skills in AWS and Spring Cloud, whereas the candidate is a mid-level Developer (3+ years) lacking architectural experience and the requested cloud skills.""","Java Developer with 3+ years experience building Spring Boot microservices, REST APIs, and MySQL databases. Proficient in Git, JUnit, Docker, and CI/CD pipelines. (Candidate Ref 97)","Senior Java Microservices Architect requiring 5+ years experience in Java 17, Spring Cloud, AWS, and Docker. (Job Posting Ref 6)"
PAIR_0243,RES_SOF_0097,JOB_WEB_0029,LOW,"""LOW match: Complete mismatch in technology stack and role. The job requires a Full Stack JavaScript Developer with Node.js, React, and MongoDB, whereas the candidate is a Backend Java Developer focused on Spring Boot and MySQL with no modern JavaScript framework experience.""","Java Developer with 3+ years experience building Spring Boot microservices, REST APIs, and MySQL databases. Proficient in Git, JUnit, Docker, and CI/CD pipelines. (Candidate Ref 97)","Full Stack JavaScript Developer needed. Requirements: Node.js, React, MongoDB, and TypeScript. (Job Posting Ref 29)"
PAIR_0244,RES_SOF_0098,JOB_SOF_0004,MEDIUM,"""MEDIUM match: Meaningful alignment with Java 17 and backend development, but noticeable gaps exist. Candidate lacks explicitly required skills like AWS, Docker, and Spring Cloud, and does not mention the 5+ years of Senior Architect experience requested.""","Backend Engineer specializing in Java 17, Spring Security, Hibernate, PostgreSQL, and Kafka. Demonstrated background in unit testing and scalable architecture. (Candidate Ref 98)","Senior Java Microservices Architect requiring 5+ years experience in Java 17, Spring Cloud, AWS, and Docker. (Job Posting Ref 4)"
PAIR_0245,RES_SOF_0098,JOB_SOF_0005,MEDIUM,"""MEDIUM match: Meaningful alignment with Java backend development, but noticeable gaps exist. Candidate lacks explicit mention of exactly required skills like Spring Boot, REST APIs, and MySQL, and the specific years of experience are not stated.""","Backend Engineer specializing in Java 17, Spring Security, Hibernate, PostgreSQL, and Kafka. Demonstrated background in unit testing and scalable architecture. (Candidate Ref 98)","Looking for Backend Java Developer with 2-4 years experience in Java, Spring Boot, REST APIs, and MySQL. (Job Posting Ref 5)"
PAIR_0251,RES_SOF_0101,JOB_SOF_0006,LOW,"""LOW match: Major deficit in experience level and role scope. The job requires a Senior Architect with 5+ years of experience and explicit skills in AWS and Spring Cloud, whereas the candidate is a mid-level Developer (3+ years) lacking architectural experience and the requested cloud skills.""","Java Developer with 3+ years experience building Spring Boot microservices, REST APIs, and MySQL databases. Proficient in Git, JUnit, Docker, and CI/CD pipelines. (Candidate Ref 101)","Senior Java Microservices Architect requiring 5+ years experience in Java 17, Spring Cloud, AWS, and Docker. (Job Posting Ref 6)"
PAIR_0252,RES_SOF_0101,JOB_SOF_0007,HIGH,"""HIGH match: Candidate shows strong overall suitability. They perfectly fit the 2-4 years experience requirement and possess all requested core technical skills including Java, Spring Boot, REST APIs, and MySQL.""","Java Developer with 3+ years experience building Spring Boot microservices, REST APIs, and MySQL databases. Proficient in Git, JUnit, Docker, and CI/CD pipelines. (Candidate Ref 101)","Looking for Backend Java Developer with 2-4 years experience in Java, Spring Boot, REST APIs, and MySQL. (Job Posting Ref 7)"
PAIR_0253,RES_SOF_0101,JOB_DAT_0061,LOW,"""LOW match: Complete mismatch in role, domain, and technology stack. The job requires a Data Analyst with Python and Tableau expertise, whereas the candidate is a Backend Java Developer focused on Spring Boot and microservices with no data analytics or visualization experience.""","Java Developer with 3+ years experience building Spring Boot microservices, REST APIs, and MySQL databases. Proficient in Git, JUnit, Docker, and CI/CD pipelines. (Candidate Ref 101)","Hiring Data Analyst with strong SQL, Python (Pandas/NumPy), and Tableau data visualization skills. (Job Posting Ref 61)"
PAIR_0254,RES_SOF_0102,JOB_SOF_0022,MEDIUM,"""MEDIUM match: Meaningful alignment with Java 17 and backend development, but noticeable gaps exist. Candidate lacks explicitly required skills like AWS, Docker, and Spring Cloud, and does not mention the 5+ years of Senior Architect experience requested.""","Backend Engineer specializing in Java 17, Spring Security, Hibernate, PostgreSQL, and Kafka. Demonstrated background in unit testing and scalable architecture. (Candidate Ref 102)","Senior Java Microservices Architect requiring 5+ years experience in Java 17, Spring Cloud, AWS, and Docker. (Job Posting Ref 22)"
PAIR_0255,RES_SOF_0102,JOB_SOF_0023,MEDIUM,"""MEDIUM match: Meaningful alignment with Java backend development, but noticeable gaps exist. Candidate lacks explicit mention of exactly required skills like Spring Boot, REST APIs, and MySQL, and the specific years of experience are not stated.""","Backend Engineer specializing in Java 17, Spring Security, Hibernate, PostgreSQL, and Kafka. Demonstrated background in unit testing and scalable architecture. (Candidate Ref 102)","Looking for Backend Java Developer with 2-4 years experience in Java, Spring Boot, REST APIs, and MySQL. (Job Posting Ref 23)"
PAIR_0256,RES_SOF_0103,JOB_SOF_0006,LOW,"""LOW match: Complete mismatch in role, experience level, and technical stack. The job requires a Senior Architect with 5+ years of experience and advanced skills like AWS, Spring Cloud, and Docker, whereas the candidate is an entry-level Junior Developer lacking the required seniority and architectural background.""","Junior Java Developer with B.Tech in CS. Knowledge of Java, Data Structures, OOP, SQL, and HTML/CSS. Project experience building an e-commerce backend. (Candidate Ref 103)","Senior Java Microservices Architect requiring 5+ years experience in Java 17, Spring Cloud, AWS, and Docker. (Job Posting Ref 6)"
PAIR_0257,RES_SOF_0103,JOB_SOF_0007,LOW,"""LOW match: Major deficit in required experience and core technical skills. The candidate is a Junior Developer lacking the requested 2-4 years of experience, as well as essential frameworks like Spring Boot and REST APIs.""","Junior Java Developer with B.Tech in CS. Knowledge of Java, Data Structures, OOP, SQL, and HTML/CSS. Project experience building an e-commerce backend. (Candidate Ref 103)","Looking for Backend Java Developer with 2-4 years experience in Java, Spring Boot, REST APIs, and MySQL. (Job Posting Ref 7)"
PAIR_0258,RES_SOF_0103,JOB_QA _0107,LOW,"""LOW match: Mismatch in role and specific technical skills. The job requires a QA Automation Engineer with expertise in Selenium WebDriver and TestNG, whereas the candidate is a Junior Java Developer focused on backend development with no test automation experience.""","Junior Java Developer with B.Tech in CS. Knowledge of Java, Data Structures, OOP, SQL, and HTML/CSS. Project experience building an e-commerce backend. (Candidate Ref 103)","Hiring QA Automation Engineer with strong Java, Selenium WebDriver, TestNG, and REST API testing skills. (Job Posting Ref 107)"
PAIR_0259,RES_SOF_0104,JOB_SOF_0025,MEDIUM,"""MEDIUM match: Meaningful alignment with Java backend and microservices experience, but noticeable gaps exist. The candidate lacks explicit mention of requested frameworks like Spring Boot, REST APIs, and MySQL, and is overqualified with 6 years of experience and leadership background for a 2-4 year role.""","Senior Software Developer with 6 years experience in Java, Microservices, AWS, Docker, Kubernetes, and Redis. Proven track record leading dev teams. (Candidate Ref 104)","Looking for Backend Java Developer with 2-4 years experience in Java, Spring Boot, REST APIs, and MySQL. (Job Posting Ref 25)"
PAIR_0260,RES_SOF_0104,JOB_SOF_0001,MEDIUM,"""MEDIUM match: Meaningful alignment with Java backend and microservices experience, but noticeable gaps exist. The candidate lacks explicit mention of requested frameworks like Spring Boot, REST APIs, and MySQL, and is overqualified with 6 years of experience and leadership background for a 2-4 year role.""","Senior Software Developer with 6 years experience in Java, Microservices, AWS, Docker, Kubernetes, and Redis. Proven track record leading dev teams. (Candidate Ref 104)","Looking for Backend Java Developer with 2-4 years experience in Java, Spring Boot, REST APIs, and MySQL. (Job Posting Ref 1)"
PAIR_0261,RES_SOF_0105,JOB_SOF_0001,HIGH,"""HIGH match: Candidate shows strong overall suitability. They perfectly fit the 2-4 years experience requirement and possess all requested core technical skills including Java, Spring Boot, REST APIs, and MySQL.""","Java Developer with 3+ years experience building Spring Boot microservices, REST APIs, and MySQL databases. Proficient in Git, JUnit, Docker, and CI/CD pipelines. (Candidate Ref 105)","Looking for Backend Java Developer with 2-4 years experience in Java, Spring Boot, REST APIs, and MySQL. (Job Posting Ref 1)"
PAIR_0262,RES_SOF_0105,JOB_SOF_0002,LOW,"""LOW match: Major deficit in experience level and role scope. The job requires a Senior Architect with 5+ years of experience and explicit skills in AWS and Spring Cloud, whereas the candidate is a mid-level Developer (3+ years) lacking architectural experience and the requested cloud skills.""","Java Developer with 3+ years experience building Spring Boot microservices, REST APIs, and MySQL databases. Proficient in Git, JUnit, Docker, and CI/CD pipelines. (Candidate Ref 105)","Senior Java Microservices Architect requiring 5+ years experience in Java 17, Spring Cloud, AWS, and Docker. (Job Posting Ref 2)"
PAIR_0263,RES_SOF_0105,JOB_DEV_0077,LOW,"""LOW match: Complete mismatch in primary role and technology stack. The job requires a Cloud Security & DevOps Specialist with mandatory skills in Azure, Kubernetes, and Linux automation, whereas the candidate is a Backend Java Developer lacking the requested cloud infrastructure and security expertise.""","Java Developer with 3+ years experience building Spring Boot microservices, REST APIs, and MySQL databases. Proficient in Git, JUnit, Docker, and CI/CD pipelines. (Candidate Ref 105)","Cloud Security & DevOps Specialist required. Mandatory skills: Azure, Docker, Kubernetes, and Linux automation. (Job Posting Ref 77)"
PAIR_0266,RES_SOF_0107,JOB_SOF_0017,LOW,"""LOW match: Major deficit in required experience and core technical skills. The candidate is a Junior Developer lacking the requested 2-4 years of experience, as well as essential frameworks like Spring Boot and REST APIs.""","Junior Java Developer with B.Tech in CS. Knowledge of Java, Data Structures, OOP, SQL, and HTML/CSS. Project experience building an e-commerce backend. (Candidate Ref 107)","Looking for Backend Java Developer with 2-4 years experience in Java, Spring Boot, REST APIs, and MySQL. (Job Posting Ref 17)"
PAIR_0267,RES_SOF_0107,JOB_SOF_0018,LOW,"""LOW match: Complete mismatch in role, experience level, and technical stack. The job requires a Senior Architect with 5+ years of experience and advanced skills like AWS, Spring Cloud, and Docker, whereas the candidate is an entry-level Junior Developer lacking the required seniority and architectural background.""","Junior Java Developer with B.Tech in CS. Knowledge of Java, Data Structures, OOP, SQL, and HTML/CSS. Project experience building an e-commerce backend. (Candidate Ref 107)","Senior Java Microservices Architect requiring 5+ years experience in Java 17, Spring Cloud, AWS, and Docker. (Job Posting Ref 18)"
PAIR_0268,RES_SOF_0107,JOB_QA _0110,LOW,"""LOW match: Complete mismatch in role, experience level, and technology stack. The job requires a Senior QA Lead with Python and Selenium automation expertise, whereas the candidate is an entry-level Junior Java Developer with no test automation or leadership experience.""","Junior Java Developer with B.Tech in CS. Knowledge of Java, Data Structures, OOP, SQL, and HTML/CSS. Project experience building an e-commerce backend. (Candidate Ref 107)","Senior Software Quality Assurance Lead requiring Selenium, Python automation, Postman API testing, and Jira defect tracking. (Job Posting Ref 110)"
PAIR_0269,RES_SOF_0108,JOB_SOF_0022,HIGH,"""HIGH match: Candidate shows strong overall suitability for the Architect role. They exceed the 5+ years experience requirement and possess the core requested technical stack including Java, Microservices, AWS, and Docker.""","Senior Software Developer with 6 years experience in Java, Microservices, AWS, Docker, Kubernetes, and Redis. Proven track record leading dev teams. (Candidate Ref 108)","Senior Java Microservices Architect requiring 5+ years experience in Java 17, Spring Cloud, AWS, and Docker. (Job Posting Ref 22)"
PAIR_0270,RES_SOF_0108,JOB_SOF_0023,MEDIUM,"""MEDIUM match: Meaningful alignment with Java backend and microservices experience, but noticeable gaps exist. The candidate lacks explicit mention of requested frameworks like Spring Boot, REST APIs, and MySQL, and is overqualified with 6 years of experience and leadership background for a 2-4 year role.""","Senior Software Developer with 6 years experience in Java, Microservices, AWS, Docker, Kubernetes, and Redis. Proven track record leading dev teams. (Candidate Ref 108)","Looking for Backend Java Developer with 2-4 years experience in Java, Spring Boot, REST APIs, and MySQL. (Job Posting Ref 23)"
PAIR_0271,RES_SOF_0109,JOB_SOF_0016,LOW,"""LOW match: Major deficit in experience level and role scope. The job requires a Senior Architect with 5+ years of experience and explicit skills in AWS and Spring Cloud, whereas the candidate is a mid-level Developer (3+ years) lacking architectural experience and the requested cloud skills.""","Java Developer with 3+ years experience building Spring Boot microservices, REST APIs, and MySQL databases. Proficient in Git, JUnit, Docker, and CI/CD pipelines. (Candidate Ref 109)","Senior Java Microservices Architect requiring 5+ years experience in Java 17, Spring Cloud, AWS, and Docker. (Job Posting Ref 16)"
PAIR_0272,RES_SOF_0109,JOB_SOF_0017,HIGH,"""HIGH match: Candidate shows strong overall suitability. They perfectly fit the 2-4 years experience requirement and possess all requested core technical skills including Java, Spring Boot, REST APIs, and MySQL.""","Java Developer with 3+ years experience building Spring Boot microservices, REST APIs, and MySQL databases. Proficient in Git, JUnit, Docker, and CI/CD pipelines. (Candidate Ref 109)","Looking for Backend Java Developer with 2-4 years experience in Java, Spring Boot, REST APIs, and MySQL. (Job Posting Ref 17)"
PAIR_0273,RES_SOF_0109,JOB_WEB_0036,LOW,"""LOW match: Complete mismatch in role, domain, and technology stack. The job requires a Frontend Developer with React and JavaScript expertise, whereas the candidate is a Backend Java Developer focused on Spring Boot and microservices with no frontend experience.""","Java Developer with 3+ years experience building Spring Boot microservices, REST APIs, and MySQL databases. Proficient in Git, JUnit, Docker, and CI/CD pipelines. (Candidate Ref 109)","Seeking React Frontend Developer with 2+ years experience in React.js, JavaScript (ES6+), HTML5/CSS3, and REST API integration. (Job Posting Ref 36)"
PAIR_0274,RES_SOF_0110,JOB_SOF_0016,MEDIUM,"""MEDIUM match: Meaningful alignment with Java 17 and backend development, but noticeable gaps exist. Candidate lacks explicitly required skills like AWS, Docker, and Spring Cloud, and does not mention the 5+ years of Senior Architect experience requested.""","Backend Engineer specializing in Java 17, Spring Security, Hibernate, PostgreSQL, and Kafka. Demonstrated background in unit testing and scalable architecture. (Candidate Ref 110)","Senior Java Microservices Architect requiring 5+ years experience in Java 17, Spring Cloud, AWS, and Docker. (Job Posting Ref 16)"
PAIR_0275,RES_SOF_0110,JOB_SOF_0017,MEDIUM,"""MEDIUM match: Meaningful alignment with Java backend development, but noticeable gaps exist. Candidate lacks explicit mention of exactly required skills like Spring Boot, REST APIs, and MySQL, and the specific years of experience are not stated.""","Backend Engineer specializing in Java 17, Spring Security, Hibernate, PostgreSQL, and Kafka. Demonstrated background in unit testing and scalable architecture. (Candidate Ref 110)","Looking for Backend Java Developer with 2-4 years experience in Java, Spring Boot, REST APIs, and MySQL. (Job Posting Ref 17)"
PAIR_0281,RES_SOF_0113,JOB_SOF_0005,HIGH,"""HIGH match: Candidate shows strong overall suitability. They perfectly fit the 2-4 years experience requirement and possess all requested core technical skills including Java, Spring Boot, REST APIs, and MySQL.""","Java Developer with 3+ years experience building Spring Boot microservices, REST APIs, and MySQL databases. Proficient in Git, JUnit, Docker, and CI/CD pipelines. (Candidate Ref 113)","Looking for Backend Java Developer with 2-4 years experience in Java, Spring Boot, REST APIs, and MySQL. (Job Posting Ref 5)"
PAIR_0282,RES_SOF_0113,JOB_SOF_0006,LOW,"""LOW match: Major deficit in experience level and role scope. The job requires a Senior Architect with 5+ years of experience and explicit skills in AWS and Spring Cloud, whereas the candidate is a mid-level Developer (3+ years) lacking architectural experience and the requested cloud skills.""","Java Developer with 3+ years experience building Spring Boot microservices, REST APIs, and MySQL databases. Proficient in Git, JUnit, Docker, and CI/CD pipelines. (Candidate Ref 113)","Senior Java Microservices Architect requiring 5+ years experience in Java 17, Spring Cloud, AWS, and Docker. (Job Posting Ref 6)"
PAIR_0283,RES_SOF_0113,JOB_QA _0117,LOW,"""LOW match: Major deficit in primary role and specific technical stack. The job requires a QA Automation Engineer with expertise in Selenium WebDriver and TestNG, whereas the candidate is a Backend Java Developer. Although they share Java knowledge, the candidate lacks the necessary test automation frameworks.""","Java Developer with 3+ years experience building Spring Boot microservices, REST APIs, and MySQL databases. Proficient in Git, JUnit, Docker, and CI/CD pipelines. (Candidate Ref 113)","Hiring QA Automation Engineer with strong Java, Selenium WebDriver, TestNG, and REST API testing skills. (Job Posting Ref 117)"
PAIR_0289,RES_SOF_0116,JOB_SOF_0009,MEDIUM,"""MEDIUM match: Meaningful alignment with Java backend and microservices experience, but noticeable gaps exist. The candidate lacks explicit mention of requested frameworks like Spring Boot, REST APIs, and MySQL, and is overqualified with 6 years of experience and leadership background for a 2-4 year role.""","Senior Software Developer with 6 years experience in Java, Microservices, AWS, Docker, Kubernetes, and Redis. Proven track record leading dev teams. (Candidate Ref 116)","Looking for Backend Java Developer with 2-4 years experience in Java, Spring Boot, REST APIs, and MySQL. (Job Posting Ref 9)"
PAIR_0290,RES_SOF_0116,JOB_SOF_0010,HIGH,"""HIGH match: Candidate shows strong overall suitability for the Architect role. They exceed the 5+ years experience requirement and possess the core requested technical stack including Java, Microservices, AWS, and Docker.""","Senior Software Developer with 6 years experience in Java, Microservices, AWS, Docker, Kubernetes, and Redis. Proven track record leading dev teams. (Candidate Ref 116)","Senior Java Microservices Architect requiring 5+ years experience in Java 17, Spring Cloud, AWS, and Docker. (Job Posting Ref 10)"
PAIR_0291,RES_SOF_0117,JOB_SOF_0007,HIGH,"""HIGH match: Candidate shows strong overall suitability. They perfectly fit the 2-4 years experience requirement and possess all requested core technical skills including Java, Spring Boot, REST APIs, and MySQL.""","Java Developer with 3+ years experience building Spring Boot microservices, REST APIs, and MySQL databases. Proficient in Git, JUnit, Docker, and CI/CD pipelines. (Candidate Ref 117)","Looking for Backend Java Developer with 2-4 years experience in Java, Spring Boot, REST APIs, and MySQL. (Job Posting Ref 7)"
PAIR_0292,RES_SOF_0117,JOB_SOF_0008,LOW,"""LOW match: Major deficit in experience level and role scope. The job requires a Senior Architect with 5+ years of experience and explicit skills in AWS and Spring Cloud, whereas the candidate is a mid-level Developer (3+ years) lacking architectural experience and the requested cloud skills.""","Java Developer with 3+ years experience building Spring Boot microservices, REST APIs, and MySQL databases. Proficient in Git, JUnit, Docker, and CI/CD pipelines. (Candidate Ref 117)","Senior Java Microservices Architect requiring 5+ years experience in Java 17, Spring Cloud, AWS, and Docker. (Job Posting Ref 8)"
PAIR_0293,RES_SOF_0117,JOB_QA _0107,LOW,"""LOW match: Major deficit in primary role and specific technical stack. The job requires a QA Automation Engineer with expertise in Selenium WebDriver and TestNG, whereas the candidate is a Backend Java Developer. Although they share Java knowledge, the candidate lacks the necessary test automation frameworks.""","Java Developer with 3+ years experience building Spring Boot microservices, REST APIs, and MySQL databases. Proficient in Git, JUnit, Docker, and CI/CD pipelines. (Candidate Ref 117)","Hiring QA Automation Engineer with strong Java, Selenium WebDriver, TestNG, and REST API testing skills. (Job Posting Ref 107)"
PAIR_0296,RES_WEB_0119,JOB_WEB_0047,LOW,"""LOW match: Major deficit in role scope and backend technical stack. The job requires a Full Stack Developer with Node.js, MongoDB, and TypeScript, whereas the candidate is strictly a Frontend Developer lacking the necessary backend and database skills.""","Frontend React Developer with 2 years experience building responsive web apps with React.js, Redux, JavaScript, HTML5, CSS3, and Tailwind CSS. (Candidate Ref 119)","Full Stack JavaScript Developer needed. Requirements: Node.js, React, MongoDB, and TypeScript. (Job Posting Ref 47)"
PAIR_0297,RES_WEB_0119,JOB_WEB_0048,HIGH,"""HIGH match: Candidate shows strong overall suitability. They perfectly fit the 2+ years experience requirement and possess all requested core frontend technical skills including React.js, JavaScript, HTML5, and CSS3.""","Frontend React Developer with 2 years experience building responsive web apps with React.js, Redux, JavaScript, HTML5, CSS3, and Tailwind CSS. (Candidate Ref 119)","Seeking React Frontend Developer with 2+ years experience in React.js, JavaScript (ES6+), HTML5/CSS3, and REST API integration. (Job Posting Ref 48)"
PAIR_0298,RES_WEB_0119,JOB_DAT_0055,LOW,"""LOW match: Complete mismatch in role, domain, and technology stack. The job requires a Data Analyst with SQL, Python, and Tableau expertise, whereas the candidate is a Frontend React Developer focused on web interfaces. The candidate entirely lacks the required data analysis tools and programming languages.""","Frontend React Developer with 2 years experience building responsive web apps with React.js, Redux, JavaScript, HTML5, CSS3, and Tailwind CSS. (Candidate Ref 119)","Hiring Data Analyst with strong SQL, Python (Pandas/NumPy), and Tableau data visualization skills. (Job Posting Ref 55)"
PAIR_0301,RES_WEB_0121,JOB_WEB_0047,LOW,"""LOW match: Major deficit in role scope and specific technical stack. The job requires a Full Stack Developer with React, Node.js, MongoDB, and TypeScript, whereas the candidate is a frontend-focused Web UI Engineer with Vue.js, completely lacking the required backend, database, and specific frontend frameworks.""","Web UI Engineer skilled in HTML, CSS, JavaScript, Vue.js, Bootstrap, and Git. Focused on accessibility and cross-browser performance. (Candidate Ref 121)","Full Stack JavaScript Developer needed. Requirements: Node.js, React, MongoDB, and TypeScript. (Job Posting Ref 47)"
PAIR_0302,RES_WEB_0121,JOB_WEB_0048,LOW,"""LOW match: Major deficit in core required framework and experience level. The job specifically requires a React Frontend Developer with 2+ years of experience, whereas the candidate specializes in Vue.js and completely lacks the requested React.js expertise and clear experience details.""","Web UI Engineer skilled in HTML, CSS, JavaScript, Vue.js, Bootstrap, and Git. Focused on accessibility and cross-browser performance. (Candidate Ref 121)","Seeking React Frontend Developer with 2+ years experience in React.js, JavaScript (ES6+), HTML5/CSS3, and REST API integration. (Job Posting Ref 48)"
PAIR_0303,RES_WEB_0121,JOB_QA _0115,LOW,"""LOW match: Complete mismatch in role, domain, and technology stack. The job requires a QA Automation Engineer with Java, Selenium WebDriver, and TestNG expertise, whereas the candidate is a Web UI Engineer focused on frontend interfaces with Vue.js. The candidate entirely lacks the required test automation frameworks and programming languages.""","Web UI Engineer skilled in HTML, CSS, JavaScript, Vue.js, Bootstrap, and Git. Focused on accessibility and cross-browser performance. (Candidate Ref 121)","Hiring QA Automation Engineer with strong Java, Selenium WebDriver, TestNG, and REST API testing skills. (Job Posting Ref 115)"
PAIR_0314,RES_WEB_0126,JOB_WEB_0043,LOW,"""LOW match: Major deficit in role scope and specific technical stack. The job requires a Full Stack Developer with Node.js, MongoDB, and TypeScript, whereas the candidate is an entry-level Junior Web Developer with only basic React knowledge, completely lacking the required backend and database expertise.""","Junior Web Developer with strong foundation in JavaScript, HTML5, CSS3, and basic React. Built portfolio projects including blogging platform. (Candidate Ref 126)","Full Stack JavaScript Developer needed. Requirements: Node.js, React, MongoDB, and TypeScript. (Job Posting Ref 43)"
PAIR_0315,RES_WEB_0126,JOB_WEB_0044,LOW,"""LOW match: Major deficit in required experience level and framework depth. The job requires 2+ years of professional experience and strong React.js skills with REST API integration, whereas the candidate is an entry-level Junior Developer with only basic React knowledge and portfolio-level experience.""","Junior Web Developer with strong foundation in JavaScript, HTML5, CSS3, and basic React. Built portfolio projects including blogging platform. (Candidate Ref 126)","Seeking React Frontend Developer with 2+ years experience in React.js, JavaScript (ES6+), HTML5/CSS3, and REST API integration. (Job Posting Ref 44)"
PAIR_0316,RES_WEB_0127,JOB_WEB_0032,HIGH,"""HIGH match: Candidate shows strong overall suitability. They perfectly fit the 2+ years experience requirement and possess all requested core frontend technical skills including React.js, JavaScript, HTML5, and CSS3.""","Frontend React Developer with 2 years experience building responsive web apps with React.js, Redux, JavaScript, HTML5, CSS3, and Tailwind CSS. (Candidate Ref 127)","Seeking React Frontend Developer with 2+ years experience in React.js, JavaScript (ES6+), HTML5/CSS3, and REST API integration. (Job Posting Ref 32)"
PAIR_0317,RES_WEB_0127,JOB_WEB_0033,LOW,"""LOW match: Major deficit in role scope and specific technical stack. The job requires a Full Stack Developer with Node.js, MongoDB, and TypeScript, whereas the candidate is a frontend-focused React Developer completely lacking the required backend, database, and TypeScript expertise.""","Frontend React Developer with 2 years experience building responsive web apps with React.js, Redux, JavaScript, HTML5, CSS3, and Tailwind CSS. (Candidate Ref 127)","Full Stack JavaScript Developer needed. Requirements: Node.js, React, MongoDB, and TypeScript. (Job Posting Ref 33)"
PAIR_0318,RES_WEB_0127,JOB_QA _0124,LOW,"""LOW match: Complete mismatch in role, technology stack, and seniority. The job requires a Senior QA Lead with Python automation and Selenium expertise, whereas the candidate is a junior-level Frontend React Developer. The candidate entirely lacks the required QA testing frameworks, programming languages, and leadership experience.""","Frontend React Developer with 2 years experience building responsive web apps with React.js, Redux, JavaScript, HTML5, CSS3, and Tailwind CSS. (Candidate Ref 127)","Senior Software Quality Assurance Lead requiring Selenium, Python automation, Postman API testing, and Jira defect tracking. (Job Posting Ref 124)"
PAIR_0319,RES_WEB_0128,JOB_WEB_0044,MEDIUM,"""MEDIUM match: Meaningful alignment with React and REST API integration, but noticeable gaps exist. The candidate lacks explicit mention of exactly required skills like JavaScript (ES6+) and HTML5/CSS3, and the specific years of experience are not stated.""","Full Stack Web Developer proficient in Node.js, Express.js, React, MongoDB, and TypeScript. Experience integrating REST APIs and modern UI/UX. (Candidate Ref 128)","Seeking React Frontend Developer with 2+ years experience in React.js, JavaScript (ES6+), HTML5/CSS3, and REST API integration. (Job Posting Ref 44)"
PAIR_0320,RES_WEB_0128,JOB_WEB_0045,HIGH,"""HIGH match: Candidate shows perfect alignment with the required technical stack. They possess all requested core technologies including Node.js, React, MongoDB, and TypeScript for the Full Stack Developer role.""","Full Stack Web Developer proficient in Node.js, Express.js, React, MongoDB, and TypeScript. Experience integrating REST APIs and modern UI/UX. (Candidate Ref 128)","Full Stack JavaScript Developer needed. Requirements: Node.js, React, MongoDB, and TypeScript. (Job Posting Ref 45)"
PAIR_0321,RES_WEB_0129,JOB_WEB_0042,LOW,"""LOW match: Major deficit in core required framework and experience level. The job specifically requires a React Frontend Developer with 2+ years of experience, whereas the candidate specializes in Vue.js and completely lacks the requested React.js expertise and clear experience details.""","Web UI Engineer skilled in HTML, CSS, JavaScript, Vue.js, Bootstrap, and Git. Focused on accessibility and cross-browser performance. (Candidate Ref 129)","Seeking React Frontend Developer with 2+ years experience in React.js, JavaScript (ES6+), HTML5/CSS3, and REST API integration. (Job Posting Ref 42)"
PAIR_0322,RES_WEB_0129,JOB_WEB_0043,LOW,"""LOW match: Major deficit in role scope and specific technical stack. The job requires a Full Stack Developer with React, Node.js, MongoDB, and TypeScript, whereas the candidate is a frontend-focused Web UI Engineer with Vue.js, completely lacking the required backend, database, and specific frontend frameworks.""","Web UI Engineer skilled in HTML, CSS, JavaScript, Vue.js, Bootstrap, and Git. Focused on accessibility and cross-browser performance. (Candidate Ref 129)","Full Stack JavaScript Developer needed. Requirements: Node.js, React, MongoDB, and TypeScript. (Job Posting Ref 43)"
PAIR_0323,RES_WEB_0129,JOB_QA _0104,LOW,"""LOW match: Complete mismatch in role, technology stack, and seniority. The job requires a Senior QA Lead with Python automation and Selenium expertise, whereas the candidate is a Web UI Engineer focused on frontend interfaces with Vue.js. The candidate entirely lacks the required QA testing frameworks, programming languages, and leadership experience.""","Web UI Engineer skilled in HTML, CSS, JavaScript, Vue.js, Bootstrap, and Git. Focused on accessibility and cross-browser performance. (Candidate Ref 129)","Senior Software Quality Assurance Lead requiring Selenium, Python automation, Postman API testing, and Jira defect tracking. (Job Posting Ref 104)"
PAIR_0324,RES_WEB_0130,JOB_WEB_0042,LOW,"""LOW match: Major deficit in required experience level and framework depth. The job requires 2+ years of professional experience and strong React.js skills with REST API integration, whereas the candidate is an entry-level Junior Developer with only basic React knowledge and portfolio-level experience.""","Junior Web Developer with strong foundation in JavaScript, HTML5, CSS3, and basic React. Built portfolio projects including blogging platform. (Candidate Ref 130)","Seeking React Frontend Developer with 2+ years experience in React.js, JavaScript (ES6+), HTML5/CSS3, and REST API integration. (Job Posting Ref 42)"
PAIR_0325,RES_WEB_0130,JOB_WEB_0043,LOW,"""LOW match: Major deficit in role scope and specific technical stack. The job requires a Full Stack Developer with Node.js, MongoDB, and TypeScript, whereas the candidate is an entry-level Junior Web Developer with only basic React knowledge, completely lacking the required backend and database expertise.""","Junior Web Developer with strong foundation in JavaScript, HTML5, CSS3, and basic React. Built portfolio projects including blogging platform. (Candidate Ref 130)","Full Stack JavaScript Developer needed. Requirements: Node.js, React, MongoDB, and TypeScript. (Job Posting Ref 43)"
PAIR_0326,RES_WEB_0131,JOB_WEB_0030,HIGH,"""HIGH match: Candidate shows strong overall suitability. They perfectly fit the 2+ years experience requirement and possess all requested core frontend technical skills including React.js, JavaScript, HTML5, and CSS3.""","Frontend React Developer with 2 years experience building responsive web apps with React.js, Redux, JavaScript, HTML5, CSS3, and Tailwind CSS. (Candidate Ref 131)","Seeking React Frontend Developer with 2+ years experience in React.js, JavaScript (ES6+), HTML5/CSS3, and REST API integration. (Job Posting Ref 30)"
PAIR_0327,RES_WEB_0131,JOB_WEB_0031,LOW,"""LOW match: Major deficit in role scope and specific technical stack. The job requires a Full Stack Developer with Node.js, MongoDB, and TypeScript, whereas the candidate is a frontend-focused React Developer completely lacking the required backend, database, and TypeScript expertise.""","Frontend React Developer with 2 years experience building responsive web apps with React.js, Redux, JavaScript, HTML5, CSS3, and Tailwind CSS. (Candidate Ref 131)","Full Stack JavaScript Developer needed. Requirements: Node.js, React, MongoDB, and TypeScript. (Job Posting Ref 31)"
PAIR_0328,RES_WEB_0131,JOB_QA _0115,LOW,"""LOW match: Complete mismatch in role, domain, and technology stack. The job requires a QA Automation Engineer with Java, Selenium WebDriver, and TestNG expertise, whereas the candidate is a Frontend React Developer focused on web UI development. The candidate entirely lacks the required QA automation tools and programming languages.""","Frontend React Developer with 2 years experience building responsive web apps with React.js, Redux, JavaScript, HTML5, CSS3, and Tailwind CSS. (Candidate Ref 131)","Hiring QA Automation Engineer with strong Java, Selenium WebDriver, TestNG, and REST API testing skills. (Job Posting Ref 115)"
PAIR_0331,RES_WEB_0133,JOB_WEB_0044,LOW,"""LOW match: Major deficit in core required framework and experience level. The job specifically requires a React Frontend Developer with 2+ years of experience, whereas the candidate specializes in Vue.js and completely lacks the requested React.js expertise and clear experience details.""","Web UI Engineer skilled in HTML, CSS, JavaScript, Vue.js, Bootstrap, and Git. Focused on accessibility and cross-browser performance. (Candidate Ref 133)","Seeking React Frontend Developer with 2+ years experience in React.js, JavaScript (ES6+), HTML5/CSS3, and REST API integration. (Job Posting Ref 44)"
PAIR_0332,RES_WEB_0133,JOB_WEB_0045,LOW,"""LOW match: Major deficit in role scope and specific technical stack. The job requires a Full Stack Developer with React, Node.js, MongoDB, and TypeScript, whereas the candidate is a frontend-focused Web UI Engineer with Vue.js, completely lacking the required backend, database, and specific frontend frameworks.""","Web UI Engineer skilled in HTML, CSS, JavaScript, Vue.js, Bootstrap, and Git. Focused on accessibility and cross-browser performance. (Candidate Ref 133)","Full Stack JavaScript Developer needed. Requirements: Node.js, React, MongoDB, and TypeScript. (Job Posting Ref 45)"
PAIR_0333,RES_WEB_0133,JOB_DEV_0100,LOW,"""LOW match: Complete mismatch in role, domain, and technology stack. The job requires a DevOps Engineer with AWS, Docker, Kubernetes, and Terraform expertise, whereas the candidate is a Web UI Engineer focused on frontend web development with Vue.js. The candidate entirely lacks the required cloud infrastructure and deployment automation skills.""","Web UI Engineer skilled in HTML, CSS, JavaScript, Vue.js, Bootstrap, and Git. Focused on accessibility and cross-browser performance. (Candidate Ref 133)","Looking for DevOps Engineer with experience in AWS, Docker, Kubernetes, CI/CD pipelines, and Terraform. (Job Posting Ref 100)"
PAIR_0334,RES_WEB_0134,JOB_WEB_0035,LOW,"""LOW match: Major deficit in role scope and specific technical stack. The job requires a Full Stack Developer with Node.js, MongoDB, and TypeScript, whereas the candidate is an entry-level Junior Web Developer with only basic React knowledge, completely lacking the required backend and database expertise.""","Junior Web Developer with strong foundation in JavaScript, HTML5, CSS3, and basic React. Built portfolio projects including blogging platform. (Candidate Ref 134)","Full Stack JavaScript Developer needed. Requirements: Node.js, React, MongoDB, and TypeScript. (Job Posting Ref 35)"
PAIR_0335,RES_WEB_0134,JOB_WEB_0036,LOW,"""LOW match: Major deficit in required experience level and framework depth. The job requires 2+ years of professional experience and strong React.js skills with REST API integration, whereas the candidate is an entry-level Junior Developer with only basic React knowledge and portfolio-level experience.""","Junior Web Developer with strong foundation in JavaScript, HTML5, CSS3, and basic React. Built portfolio projects including blogging platform. (Candidate Ref 134)","Seeking React Frontend Developer with 2+ years experience in React.js, JavaScript (ES6+), HTML5/CSS3, and REST API integration. (Job Posting Ref 36)"
PAIR_0336,RES_WEB_0135,JOB_WEB_0044,HIGH,"""HIGH match: Candidate shows strong overall suitability. They perfectly fit the 2+ years experience requirement and possess all requested core frontend technical skills including React.js, JavaScript, HTML5, and CSS3.""","Frontend React Developer with 2 years experience building responsive web apps with React.js, Redux, JavaScript, HTML5, CSS3, and Tailwind CSS. (Candidate Ref 135)","Seeking React Frontend Developer with 2+ years experience in React.js, JavaScript (ES6+), HTML5/CSS3, and REST API integration. (Job Posting Ref 44)"
PAIR_0337,RES_WEB_0135,JOB_WEB_0045,LOW,"""LOW match: Major deficit in role scope and specific technical stack. The job requires a Full Stack Developer with Node.js, MongoDB, and TypeScript, whereas the candidate is a frontend-focused React Developer completely lacking the required backend, database, and TypeScript expertise.""","Frontend React Developer with 2 years experience building responsive web apps with React.js, Redux, JavaScript, HTML5, CSS3, and Tailwind CSS. (Candidate Ref 135)","Full Stack JavaScript Developer needed. Requirements: Node.js, React, MongoDB, and TypeScript. (Job Posting Ref 45)"
PAIR_0338,RES_WEB_0135,JOB_QA _0104,LOW,"""LOW match: Complete mismatch in role, technology stack, and seniority. The job requires a Senior QA Lead with Python automation and Selenium expertise, whereas the candidate is a Frontend React Developer with 2 years of experience. The candidate entirely lacks the required QA testing frameworks, programming languages, and leadership experience.""","Frontend React Developer with 2 years experience building responsive web apps with React.js, Redux, JavaScript, HTML5, CSS3, and Tailwind CSS. (Candidate Ref 135)","Senior Software Quality Assurance Lead requiring Selenium, Python automation, Postman API testing, and Jira defect tracking. (Job Posting Ref 104)"
PAIR_0339,RES_WEB_0136,JOB_WEB_0039,HIGH,"""HIGH match: Candidate shows perfect alignment with the required technical stack. They possess all requested core technologies including Node.js, React, MongoDB, and TypeScript for the Full Stack Developer role.""","Full Stack Web Developer proficient in Node.js, Express.js, React, MongoDB, and TypeScript. Experience integrating REST APIs and modern UI/UX. (Candidate Ref 136)","Full Stack JavaScript Developer needed. Requirements: Node.js, React, MongoDB, and TypeScript. (Job Posting Ref 39)"
PAIR_0340,RES_WEB_0136,JOB_WEB_0040,MEDIUM,"""MEDIUM match: Meaningful alignment with React and REST API integration, but noticeable gaps exist. The candidate lacks explicit mention of exactly required skills like JavaScript (ES6+) and HTML5/CSS3, and the specific years of experience are not stated.""","Full Stack Web Developer proficient in Node.js, Express.js, React, MongoDB, and TypeScript. Experience integrating REST APIs and modern UI/UX. (Candidate Ref 136)","Seeking React Frontend Developer with 2+ years experience in React.js, JavaScript (ES6+), HTML5/CSS3, and REST API integration. (Job Posting Ref 40)"
PAIR_0341,RES_WEB_0137,JOB_WEB_0045,LOW,"""LOW match: Major deficit in role scope and specific technical stack. The job requires a Full Stack Developer with React, Node.js, MongoDB, and TypeScript, whereas the candidate is a frontend-focused Web UI Engineer with Vue.js, completely lacking the required backend, database, and specific frontend frameworks.""","Web UI Engineer skilled in HTML, CSS, JavaScript, Vue.js, Bootstrap, and Git. Focused on accessibility and cross-browser performance. (Candidate Ref 137)","Full Stack JavaScript Developer needed. Requirements: Node.js, React, MongoDB, and TypeScript. (Job Posting Ref 45)"
PAIR_0342,RES_WEB_0137,JOB_WEB_0046,LOW,"""LOW match: Major deficit in core required framework and experience level. The job specifically requires a React Frontend Developer with 2+ years of experience, whereas the candidate specializes in Vue.js and completely lacks the requested React.js expertise and clear experience details.""","Web UI Engineer skilled in HTML, CSS, JavaScript, Vue.js, Bootstrap, and Git. Focused on accessibility and cross-browser performance. (Candidate Ref 137)","Seeking React Frontend Developer with 2+ years experience in React.js, JavaScript (ES6+), HTML5/CSS3, and REST API integration. (Job Posting Ref 46)"
PAIR_0343,RES_WEB_0137,JOB_QA _0103,LOW,"""LOW match: Complete mismatch in role, domain, and technology stack. The job requires a QA Automation Engineer with Java, Selenium WebDriver, and TestNG expertise, whereas the candidate is a Web UI Engineer focused on frontend web development with Vue.js. The candidate entirely lacks the required QA automation tools and programming languages.""","Web UI Engineer skilled in HTML, CSS, JavaScript, Vue.js, Bootstrap, and Git. Focused on accessibility and cross-browser performance. (Candidate Ref 137)","Hiring QA Automation Engineer with strong Java, Selenium WebDriver, TestNG, and REST API testing skills. (Job Posting Ref 103)"
PAIR_0344,RES_WEB_0138,JOB_WEB_0048,LOW,"""LOW match: Major deficit in required experience level and framework depth. The job requires 2+ years of professional experience and strong React.js skills with REST API integration, whereas the candidate is an entry-level Junior Developer with only basic React knowledge and portfolio-level experience.""","Junior Web Developer with strong foundation in JavaScript, HTML5, CSS3, and basic React. Built portfolio projects including blogging platform. (Candidate Ref 138)","Seeking React Frontend Developer with 2+ years experience in React.js, JavaScript (ES6+), HTML5/CSS3, and REST API integration. (Job Posting Ref 48)"
PAIR_0345,RES_WEB_0138,JOB_WEB_0049,LOW,"""LOW match: Major deficit in role scope and specific technical stack. The job requires a Full Stack Developer with Node.js, MongoDB, and TypeScript, whereas the candidate is an entry-level Junior Web Developer with only basic React knowledge, completely lacking the required backend and database expertise.""","Junior Web Developer with strong foundation in JavaScript, HTML5, CSS3, and basic React. Built portfolio projects including blogging platform. (Candidate Ref 138)","Full Stack JavaScript Developer needed. Requirements: Node.js, React, MongoDB, and TypeScript. (Job Posting Ref 49)"
PAIR_0346,RES_WEB_0139,JOB_WEB_0042,HIGH,"""HIGH match: Candidate shows strong overall suitability. They perfectly fit the 2+ years experience requirement and possess all requested core frontend technical skills including React.js, JavaScript, HTML5, and CSS3.""","Frontend React Developer with 2 years experience building responsive web apps with React.js, Redux, JavaScript, HTML5, CSS3, and Tailwind CSS. (Candidate Ref 139)","Seeking React Frontend Developer with 2+ years experience in React.js, JavaScript (ES6+), HTML5/CSS3, and REST API integration. (Job Posting Ref 42)"
PAIR_0347,RES_WEB_0139,JOB_WEB_0043,LOW,"""LOW match: Major deficit in role scope and specific technical stack. The job requires a Full Stack Developer with Node.js, MongoDB, and TypeScript, whereas the candidate is a frontend-focused React Developer completely lacking the required backend, database, and TypeScript expertise.""","Frontend React Developer with 2 years experience building responsive web apps with React.js, Redux, JavaScript, HTML5, CSS3, and Tailwind CSS. (Candidate Ref 139)","Full Stack JavaScript Developer needed. Requirements: Node.js, React, MongoDB, and TypeScript. (Job Posting Ref 43)"
PAIR_0348,RES_WEB_0139,JOB_DEV_0080,LOW,"""LOW match: Complete mismatch in role, domain, and technology stack. The job requires a DevOps Engineer with AWS, Docker, Kubernetes, and Terraform expertise, whereas the candidate is a Frontend React Developer focused on web UI. The candidate entirely lacks the required cloud infrastructure and deployment automation skills.""","Frontend React Developer with 2 years experience building responsive web apps with React.js, Redux, JavaScript, HTML5, CSS3, and Tailwind CSS. (Candidate Ref 139)","Looking for DevOps Engineer with experience in AWS, Docker, Kubernetes, CI/CD pipelines, and Terraform. (Job Posting Ref 80)"
PAIR_0349,RES_WEB_0140,JOB_WEB_0031,HIGH,"""HIGH match: Candidate shows perfect alignment with the required technical stack. They possess all requested core technologies including Node.js, React, MongoDB, and TypeScript for the Full Stack Developer role.""","Full Stack Web Developer proficient in Node.js, Express.js, React, MongoDB, and TypeScript. Experience integrating REST APIs and modern UI/UX. (Candidate Ref 140)","Full Stack JavaScript Developer needed. Requirements: Node.js, React, MongoDB, and TypeScript. (Job Posting Ref 31)"
PAIR_0350,RES_WEB_0140,JOB_WEB_0032,MEDIUM,"""MEDIUM match: Meaningful alignment with React and REST API integration, but noticeable gaps exist. The candidate lacks explicit mention of exactly required skills like JavaScript (ES6+) and HTML5/CSS3, and the specific years of experience are not stated.""","Full Stack Web Developer proficient in Node.js, Express.js, React, MongoDB, and TypeScript. Experience integrating REST APIs and modern UI/UX. (Candidate Ref 140)","Seeking React Frontend Developer with 2+ years experience in React.js, JavaScript (ES6+), HTML5/CSS3, and REST API integration. (Job Posting Ref 32)"
PAIR_0351,RES_WEB_0141,JOB_WEB_0026,LOW,"""LOW match: Major deficit in core required framework and experience level. The job specifically requires a React Frontend Developer with 2+ years of experience, whereas the candidate specializes in Vue.js and completely lacks the requested React.js expertise and clear experience details.""","Web UI Engineer skilled in HTML, CSS, JavaScript, Vue.js, Bootstrap, and Git. Focused on accessibility and cross-browser performance. (Candidate Ref 141)","Seeking React Frontend Developer with 2+ years experience in React.js, JavaScript (ES6+), HTML5/CSS3, and REST API integration. (Job Posting Ref 26)"
PAIR_0352,RES_WEB_0141,JOB_WEB_0027,LOW,"""LOW match: Major deficit in core required framework and experience level. The job specifically requires a React Frontend Developer with 2+ years of experience, whereas the candidate specializes in Vue.js and completely lacks the requested React.js expertise and clear experience details.""","Web UI Engineer skilled in HTML, CSS, JavaScript, Vue.js, Bootstrap, and Git. Focused on accessibility and cross-browser performance. (Candidate Ref 141)","Full Stack JavaScript Developer needed. Requirements: Node.js, React, MongoDB, and TypeScript. (Job Posting Ref 27)"
PAIR_0353,RES_WEB_0141,JOB_QA _0119,LOW,"""LOW match: Complete mismatch in role, domain, and technology stack. The job requires a QA Automation Engineer with Java, Selenium WebDriver, and TestNG expertise, whereas the candidate is a Web UI Engineer focused on frontend web development with Vue.js. The candidate entirely lacks the required QA automation tools and programming languages.""","Web UI Engineer skilled in HTML, CSS, JavaScript, Vue.js, Bootstrap, and Git. Focused on accessibility and cross-browser performance. (Candidate Ref 141)","Hiring QA Automation Engineer with strong Java, Selenium WebDriver, TestNG, and REST API testing skills. (Job Posting Ref 119)"
PAIR_0354,RES_WEB_0142,JOB_WEB_0039,LOW,"""LOW match: Major deficit in role scope and specific technical stack. The job requires a Full Stack Developer with Node.js, MongoDB, and TypeScript, whereas the candidate is an entry-level Junior Web Developer with only basic React knowledge, completely lacking the required backend and database expertise.""","Junior Web Developer with strong foundation in JavaScript, HTML5, CSS3, and basic React. Built portfolio projects including blogging platform. (Candidate Ref 142)","Full Stack JavaScript Developer needed. Requirements: Node.js, React, MongoDB, and TypeScript. (Job Posting Ref 39)"
PAIR_0355,RES_WEB_0142,JOB_WEB_0040,LOW,"""LOW match: Major deficit in required experience level and framework depth. The job requires 2+ years of professional experience and strong React.js skills with REST API integration, whereas the candidate is an entry-level Junior Developer with only basic React knowledge and portfolio-level experience.""","Junior Web Developer with strong foundation in JavaScript, HTML5, CSS3, and basic React. Built portfolio projects including blogging platform. (Candidate Ref 142)","Seeking React Frontend Developer with 2+ years experience in React.js, JavaScript (ES6+), HTML5/CSS3, and REST API integration. (Job Posting Ref 40)"
PAIR_0361,RES_WEB_0145,JOB_WEB_0035,LOW,"""LOW match: Major deficit in role scope and specific technical stack. The job requires a Full Stack Developer with React, Node.js, MongoDB, and TypeScript, whereas the candidate is a frontend-focused Web UI Engineer with Vue.js, completely lacking the required backend, database, and specific frontend frameworks.""","Web UI Engineer skilled in HTML, CSS, JavaScript, Vue.js, Bootstrap, and Git. Focused on accessibility and cross-browser performance. (Candidate Ref 145)","Full Stack JavaScript Developer needed. Requirements: Node.js, React, MongoDB, and TypeScript. (Job Posting Ref 35)"
PAIR_0362,RES_WEB_0145,JOB_WEB_0036,LOW,"""LOW match: Major deficit in core required framework and experience level. The job specifically requires a React Frontend Developer with 2+ years of experience, whereas the candidate specializes in Vue.js and completely lacks the requested React.js expertise and clear experience details.""","Web UI Engineer skilled in HTML, CSS, JavaScript, Vue.js, Bootstrap, and Git. Focused on accessibility and cross-browser performance. (Candidate Ref 145)","Seeking React Frontend Developer with 2+ years experience in React.js, JavaScript (ES6+), HTML5/CSS3, and REST API integration. (Job Posting Ref 36)"
PAIR_0363,RES_WEB_0145,JOB_DAT_0057,LOW,"""LOW match: Complete mismatch in role, domain, and technology stack. The job requires a Data Analyst with SQL, Python, and Tableau expertise, whereas the candidate is a Web UI Engineer focused on frontend web development. The candidate entirely lacks the required data analysis tools and programming languages.""","Web UI Engineer skilled in HTML, CSS, JavaScript, Vue.js, Bootstrap, and Git. Focused on accessibility and cross-browser performance. (Candidate Ref 145)","Hiring Data Analyst with strong SQL, Python (Pandas/NumPy), and Tableau data visualization skills. (Job Posting Ref 57)"
PAIR_0364,RES_WEB_0146,JOB_WEB_0034,LOW,"""LOW match: Major deficit in required experience level and framework depth. The job requires 2+ years of professional experience and strong React.js skills with REST API integration, whereas the candidate is an entry-level Junior Developer with only basic React knowledge and portfolio-level experience.""","Junior Web Developer with strong foundation in JavaScript, HTML5, CSS3, and basic React. Built portfolio projects including blogging platform. (Candidate Ref 146)","Seeking React Frontend Developer with 2+ years experience in React.js, JavaScript (ES6+), HTML5/CSS3, and REST API integration. (Job Posting Ref 34)"
PAIR_0365,RES_WEB_0146,JOB_WEB_0035,LOW,"""LOW match: Major deficit in role scope and specific technical stack. The job requires a Full Stack Developer with Node.js, MongoDB, and TypeScript, whereas the candidate is an entry-level Junior Web Developer with only basic React knowledge, completely lacking the required backend and database expertise.""","Junior Web Developer with strong foundation in JavaScript, HTML5, CSS3, and basic React. Built portfolio projects including blogging platform. (Candidate Ref 146)","Full Stack JavaScript Developer needed. Requirements: Node.js, React, MongoDB, and TypeScript. (Job Posting Ref 35)"
PAIR_0366,RES_WEB_0147,JOB_WEB_0049,LOW,"""LOW match: Major deficit in role scope and specific technical stack. The job requires a Full Stack Developer with Node.js, MongoDB, and TypeScript, whereas the candidate is a frontend-focused React Developer completely lacking the required backend, database, and TypeScript expertise.""","Frontend React Developer with 2 years experience building responsive web apps with React.js, Redux, JavaScript, HTML5, CSS3, and Tailwind CSS. (Candidate Ref 147)","Full Stack JavaScript Developer needed. Requirements: Node.js, React, MongoDB, and TypeScript. (Job Posting Ref 49)"
PAIR_0367,RES_WEB_0147,JOB_WEB_0050,HIGH,"""HIGH match: Candidate shows strong overall suitability. They perfectly fit the 2+ years experience requirement and possess all requested core frontend technical skills including React.js, JavaScript, HTML5, and CSS3.""","Frontend React Developer with 2 years experience building responsive web apps with React.js, Redux, JavaScript, HTML5, CSS3, and Tailwind CSS. (Candidate Ref 147)","Seeking React Frontend Developer with 2+ years experience in React.js, JavaScript (ES6+), HTML5/CSS3, and REST API integration. (Job Posting Ref 50)"
PAIR_0368,RES_WEB_0147,JOB_QA _0101,LOW,"""LOW match: Complete mismatch in role, domain, and technology stack. The job requires a QA Automation Engineer with Java, Selenium WebDriver, and TestNG expertise, whereas the candidate is a Frontend React Developer focused on web UI. The candidate entirely lacks the required QA automation tools and programming languages.""","Frontend React Developer with 2 years experience building responsive web apps with React.js, Redux, JavaScript, HTML5, CSS3, and Tailwind CSS. (Candidate Ref 147)","Hiring QA Automation Engineer with strong Java, Selenium WebDriver, TestNG, and REST API testing skills. (Job Posting Ref 101)"
PAIR_0369,RES_WEB_0148,JOB_WEB_0032,MEDIUM,"""MEDIUM match: Meaningful alignment with React and REST API integration, but noticeable gaps exist. The candidate lacks explicit mention of exactly required skills like JavaScript (ES6+) and HTML5/CSS3, and the specific years of experience are not stated.""","Full Stack Web Developer proficient in Node.js, Express.js, React, MongoDB, and TypeScript. Experience integrating REST APIs and modern UI/UX. (Candidate Ref 148)","Seeking React Frontend Developer with 2+ years experience in React.js, JavaScript (ES6+), HTML5/CSS3, and REST API integration. (Job Posting Ref 32)"
PAIR_0370,RES_WEB_0148,JOB_WEB_0033,HIGH,"""HIGH match: Candidate shows perfect alignment with the required technical stack. They possess all requested core technologies including Node.js, React, MongoDB, and TypeScript for the Full Stack Developer role.""","Full Stack Web Developer proficient in Node.js, Express.js, React, MongoDB, and TypeScript. Experience integrating REST APIs and modern UI/UX. (Candidate Ref 148)","Full Stack JavaScript Developer needed. Requirements: Node.js, React, MongoDB, and TypeScript. (Job Posting Ref 33)"
PAIR_0376,RES_WEB_0151,JOB_WEB_0029,LOW,"""LOW match: Major deficit in role scope and specific technical stack. The job requires a Full Stack Developer with Node.js, MongoDB, and TypeScript, whereas the candidate is a frontend-focused React Developer completely lacking the required backend, database, and TypeScript expertise.""","Frontend React Developer with 2 years experience building responsive web apps with React.js, Redux, JavaScript, HTML5, CSS3, and Tailwind CSS. (Candidate Ref 151)","Full Stack JavaScript Developer needed. Requirements: Node.js, React, MongoDB, and TypeScript. (Job Posting Ref 29)"
PAIR_0377,RES_WEB_0151,JOB_WEB_0030,HIGH,"""HIGH match: Candidate shows strong overall suitability. They perfectly fit the 2+ years experience requirement and possess all requested core frontend technical skills including React.js, JavaScript, HTML5, and CSS3.""","Frontend React Developer with 2 years experience building responsive web apps with React.js, Redux, JavaScript, HTML5, CSS3, and Tailwind CSS. (Candidate Ref 151)","Seeking React Frontend Developer with 2+ years experience in React.js, JavaScript (ES6+), HTML5/CSS3, and REST API integration. (Job Posting Ref 30)"
PAIR_0378,RES_WEB_0151,JOB_SOF_0017,LOW,"""LOW match: Complete mismatch in role and technology stack. The job requires a Backend Java Developer with Java, Spring Boot, and MySQL expertise, whereas the candidate is a Frontend React Developer. The candidate entirely lacks the required backend programming languages and frameworks.""","Frontend React Developer with 2 years experience building responsive web apps with React.js, Redux, JavaScript, HTML5, CSS3, and Tailwind CSS. (Candidate Ref 151)","Looking for Backend Java Developer with 2-4 years experience in Java, Spring Boot, REST APIs, and MySQL. (Job Posting Ref 17)"
PAIR_0379,RES_WEB_0152,JOB_WEB_0044,MEDIUM,"""MEDIUM match: Meaningful alignment with React and REST API integration, but noticeable gaps exist. The candidate lacks explicit mention of exactly required skills like JavaScript (ES6+) and HTML5/CSS3, and the specific years of experience are not stated.""","Full Stack Web Developer proficient in Node.js, Express.js, React, MongoDB, and TypeScript. Experience integrating REST APIs and modern UI/UX. (Candidate Ref 152)","Seeking React Frontend Developer with 2+ years experience in React.js, JavaScript (ES6+), HTML5/CSS3, and REST API integration. (Job Posting Ref 44)"
PAIR_0380,RES_WEB_0152,JOB_WEB_0045,HIGH,"""HIGH match: Candidate shows perfect alignment with the required technical stack. They possess all requested core technologies including Node.js, React, MongoDB, and TypeScript for the Full Stack Developer role.""","Full Stack Web Developer proficient in Node.js, Express.js, React, MongoDB, and TypeScript. Experience integrating REST APIs and modern UI/UX. (Candidate Ref 152)","Full Stack JavaScript Developer needed. Requirements: Node.js, React, MongoDB, and TypeScript. (Job Posting Ref 45)"
PAIR_0381,RES_WEB_0153,JOB_WEB_0050,LOW,"""LOW match: Major deficit in core required framework and experience level. The job specifically requires a React Frontend Developer with 2+ years of experience, whereas the candidate specializes in Vue.js and completely lacks the requested React.js expertise and clear experience details.""","Web UI Engineer skilled in HTML, CSS, JavaScript, Vue.js, Bootstrap, and Git. Focused on accessibility and cross-browser performance. (Candidate Ref 153)","Seeking React Frontend Developer with 2+ years experience in React.js, JavaScript (ES6+), HTML5/CSS3, and REST API integration. (Job Posting Ref 50)"
PAIR_0382,RES_WEB_0153,JOB_WEB_0026,LOW,"""LOW match: Major deficit in core required framework and experience level. The job specifically requires a React Frontend Developer with 2+ years of experience, whereas the candidate specializes in Vue.js and completely lacks the requested React.js expertise and clear experience details.""","Web UI Engineer skilled in HTML, CSS, JavaScript, Vue.js, Bootstrap, and Git. Focused on accessibility and cross-browser performance. (Candidate Ref 153)","Seeking React Frontend Developer with 2+ years experience in React.js, JavaScript (ES6+), HTML5/CSS3, and REST API integration. (Job Posting Ref 26)"
PAIR_0383,RES_WEB_0153,JOB_QA _0113,LOW,"""LOW match: Complete mismatch in role, domain, and technology stack. The job requires a QA Automation Engineer with Java, Selenium WebDriver, and TestNG expertise, whereas the candidate is a Web UI Engineer focused on frontend web development. The candidate entirely lacks the required QA automation tools and programming languages.""","Web UI Engineer skilled in HTML, CSS, JavaScript, Vue.js, Bootstrap, and Git. Focused on accessibility and cross-browser performance. (Candidate Ref 153)","Hiring QA Automation Engineer with strong Java, Selenium WebDriver, TestNG, and REST API testing skills. (Job Posting Ref 113)"
PAIR_0386,RES_WEB_0155,JOB_WEB_0043,LOW,"""LOW match: Major deficit in role scope and specific technical stack. The job requires a Full Stack Developer with Node.js, MongoDB, and TypeScript, whereas the candidate is a frontend-focused React Developer completely lacking the required backend, database, and TypeScript expertise.""","Frontend React Developer with 2 years experience building responsive web apps with React.js, Redux, JavaScript, HTML5, CSS3, and Tailwind CSS. (Candidate Ref 155)","Full Stack JavaScript Developer needed. Requirements: Node.js, React, MongoDB, and TypeScript. (Job Posting Ref 43)"
PAIR_0387,RES_WEB_0155,JOB_WEB_0044,HIGH,"""HIGH match: Candidate shows strong overall suitability. They perfectly fit the 2+ years experience requirement and possess all requested core frontend technical skills including React.js, JavaScript, HTML5, and CSS3.""","Frontend React Developer with 2 years experience building responsive web apps with React.js, Redux, JavaScript, HTML5, CSS3, and Tailwind CSS. (Candidate Ref 155)","Seeking React Frontend Developer with 2+ years experience in React.js, JavaScript (ES6+), HTML5/CSS3, and REST API integration. (Job Posting Ref 44)"
PAIR_0388,RES_WEB_0155,JOB_SOF_0019,LOW,"""LOW match: Complete mismatch in role and technology stack. The job requires a Backend Java Developer with Java, Spring Boot, and MySQL expertise, whereas the candidate is a Frontend React Developer. The candidate entirely lacks the required backend programming languages and frameworks.""","Frontend React Developer with 2 years experience building responsive web apps with React.js, Redux, JavaScript, HTML5, CSS3, and Tailwind CSS. (Candidate Ref 155)","Looking for Backend Java Developer with 2-4 years experience in Java, Spring Boot, REST APIs, and MySQL. (Job Posting Ref 19)"
PAIR_0389,RES_WEB_0156,JOB_WEB_0048,MEDIUM,"""MEDIUM match: Meaningful alignment with React and REST API integration, but noticeable gaps exist. The candidate lacks explicit mention of exactly required skills like JavaScript (ES6+) and HTML5/CSS3, and the specific years of experience are not stated.""","Full Stack Web Developer proficient in Node.js, Express.js, React, MongoDB, and TypeScript. Experience integrating REST APIs and modern UI/UX. (Candidate Ref 156)","Seeking React Frontend Developer with 2+ years experience in React.js, JavaScript (ES6+), HTML5/CSS3, and REST API integration. (Job Posting Ref 48)"
PAIR_0390,RES_WEB_0156,JOB_WEB_0049,HIGH,"""HIGH match: Candidate shows perfect alignment with the required technical stack. They possess all requested core technologies including Node.js, React, MongoDB, and TypeScript for the Full Stack Developer role.""","Full Stack Web Developer proficient in Node.js, Express.js, React, MongoDB, and TypeScript. Experience integrating REST APIs and modern UI/UX. (Candidate Ref 156)","Full Stack JavaScript Developer needed. Requirements: Node.js, React, MongoDB, and TypeScript. (Job Posting Ref 49)"
PAIR_0391,RES_WEB_0157,JOB_WEB_0042,LOW,"""LOW match: Major deficit in core required framework and experience level. The job specifically requires a React Frontend Developer with 2+ years of experience, whereas the candidate specializes in Vue.js and completely lacks the requested React.js expertise and clear experience details.""","Web UI Engineer skilled in HTML, CSS, JavaScript, Vue.js, Bootstrap, and Git. Focused on accessibility and cross-browser performance. (Candidate Ref 157)","Seeking React Frontend Developer with 2+ years experience in React.js, JavaScript (ES6+), HTML5/CSS3, and REST API integration. (Job Posting Ref 42)"
PAIR_0392,RES_WEB_0157,JOB_WEB_0043,LOW,"""LOW match: Major deficit in role scope and specific technical stack. The job requires a Full Stack Developer with Node.js, React, MongoDB, and TypeScript, whereas the candidate is a frontend-focused Web UI Engineer specializing in Vue.js, completely lacking the required backend, database, TypeScript, and React expertise.""","Web UI Engineer skilled in HTML, CSS, JavaScript, Vue.js, Bootstrap, and Git. Focused on accessibility and cross-browser performance. (Candidate Ref 157)","Full Stack JavaScript Developer needed. Requirements: Node.js, React, MongoDB, and TypeScript. (Job Posting Ref 43)"
PAIR_0393,RES_WEB_0157,JOB_DEV_0085,LOW,"""LOW match: Complete mismatch in role, domain, and technology stack. The job requires a Cloud Security & DevOps Specialist with Azure, Docker, Kubernetes, and Linux expertise, whereas the candidate is a Web UI Engineer focused on frontend web development. The candidate entirely lacks the required cloud, security, and infrastructure automation skills.""","Web UI Engineer skilled in HTML, CSS, JavaScript, Vue.js, Bootstrap, and Git. Focused on accessibility and cross-browser performance. (Candidate Ref 157)","Cloud Security & DevOps Specialist required. Mandatory skills: Azure, Docker, Kubernetes, and Linux automation. (Job Posting Ref 85)"
PAIR_0394,RES_WEB_0158,JOB_WEB_0038,LOW,"""LOW match: Major deficit in required experience level and framework depth. The job requires 2+ years of professional experience and strong React.js skills with REST API integration, whereas the candidate is an entry-level Junior Developer with only basic React knowledge and portfolio-level experience.""","Junior Web Developer with strong foundation in JavaScript, HTML5, CSS3, and basic React. Built portfolio projects including blogging platform. (Candidate Ref 158)","Seeking React Frontend Developer with 2+ years experience in React.js, JavaScript (ES6+), HTML5/CSS3, and REST API integration. (Job Posting Ref 38)"
PAIR_0395,RES_WEB_0158,JOB_WEB_0039,LOW,"""LOW match: Major deficit in role scope and specific technical stack. The job requires a Full Stack Developer with Node.js, MongoDB, and TypeScript, whereas the candidate is an entry-level Junior Web Developer with only basic React knowledge, completely lacking the required backend and database expertise.""","Junior Web Developer with strong foundation in JavaScript, HTML5, CSS3, and basic React. Built portfolio projects including blogging platform. (Candidate Ref 158)","Full Stack JavaScript Developer needed. Requirements: Node.js, React, MongoDB, and TypeScript. (Job Posting Ref 39)"
PAIR_0396,RES_WEB_0159,JOB_WEB_0036,HIGH,"""HIGH match: Candidate shows strong overall suitability. They perfectly fit the 2+ years experience requirement and possess all requested core frontend technical skills including React.js, JavaScript, HTML5, and CSS3.""","Frontend React Developer with 2 years experience building responsive web apps with React.js, Redux, JavaScript, HTML5, CSS3, and Tailwind CSS. (Candidate Ref 159)","Seeking React Frontend Developer with 2+ years experience in React.js, JavaScript (ES6+), HTML5/CSS3, and REST API integration. (Job Posting Ref 36)"
PAIR_0397,RES_WEB_0159,JOB_WEB_0037,LOW,"""LOW match: Major deficit in role scope and specific technical stack. The job requires a Full Stack Developer with Node.js, MongoDB, and TypeScript, whereas the candidate is a frontend-focused React Developer completely lacking the required backend, database, and TypeScript expertise.""","Frontend React Developer with 2 years experience building responsive web apps with React.js, Redux, JavaScript, HTML5, CSS3, and Tailwind CSS. (Candidate Ref 159)","Full Stack JavaScript Developer needed. Requirements: Node.js, React, MongoDB, and TypeScript. (Job Posting Ref 37)"
PAIR_0398,RES_WEB_0159,JOB_DEV_0079,LOW,"""LOW match: Complete mismatch in role, domain, and technology stack. The job requires a Cloud Security & DevOps Specialist with Azure, Docker, Kubernetes, and Linux expertise, whereas the candidate is a Frontend React Developer focused on web applications. The candidate entirely lacks the required cloud, security, and infrastructure automation skills.""","Frontend React Developer with 2 years experience building responsive web apps with React.js, Redux, JavaScript, HTML5, CSS3, and Tailwind CSS. (Candidate Ref 159)","Cloud Security & DevOps Specialist required. Mandatory skills: Azure, Docker, Kubernetes, and Linux automation. (Job Posting Ref 79)"
PAIR_0399,RES_WEB_0160,JOB_WEB_0041,HIGH,"""HIGH match: Candidate shows perfect alignment with the required technical stack. They possess all requested core technologies including Node.js, React, MongoDB, and TypeScript for the Full Stack Developer role.""","Full Stack Web Developer proficient in Node.js, Express.js, React, MongoDB, and TypeScript. Experience integrating REST APIs and modern UI/UX. (Candidate Ref 160)","Full Stack JavaScript Developer needed. Requirements: Node.js, React, MongoDB, and TypeScript. (Job Posting Ref 41)"
PAIR_0400,RES_WEB_0160,JOB_WEB_0042,MEDIUM,"""MEDIUM match: Meaningful alignment with React and REST API integration, but noticeable gaps exist. The candidate lacks explicit mention of exactly required skills like JavaScript (ES6+) and HTML5/CSS3, and the specific years of experience are not stated.""","Full Stack Web Developer proficient in Node.js, Express.js, React, MongoDB, and TypeScript. Experience integrating REST APIs and modern UI/UX. (Candidate Ref 160)","Seeking React Frontend Developer with 2+ years experience in React.js, JavaScript (ES6+), HTML5/CSS3, and REST API integration. (Job Posting Ref 42)"
PAIR_0401,RES_WEB_0161,JOB_WEB_0037,LOW,"""LOW match: Major deficit in role scope and specific technical stack. The job requires a Full Stack Developer with Node.js, React, MongoDB, and TypeScript, whereas the candidate is a frontend-focused Web UI Engineer specializing in Vue.js, completely lacking the required backend, database, TypeScript, and React expertise.""","Web UI Engineer skilled in HTML, CSS, JavaScript, Vue.js, Bootstrap, and Git. Focused on accessibility and cross-browser performance. (Candidate Ref 161)","Full Stack JavaScript Developer needed. Requirements: Node.js, React, MongoDB, and TypeScript. (Job Posting Ref 37)"
PAIR_0402,RES_WEB_0161,JOB_WEB_0038,LOW,"""LOW match: Major deficit in core required framework and experience level. The job specifically requires a React Frontend Developer with 2+ years of experience, whereas the candidate specializes in Vue.js and completely lacks the requested React.js expertise and clear experience details.""","Web UI Engineer skilled in HTML, CSS, JavaScript, Vue.js, Bootstrap, and Git. Focused on accessibility and cross-browser performance. (Candidate Ref 161)","Seeking React Frontend Developer with 2+ years experience in React.js, JavaScript (ES6+), HTML5/CSS3, and REST API integration. (Job Posting Ref 38)"
PAIR_0403,RES_WEB_0161,JOB_QA _0112,LOW,"""LOW match: Complete mismatch in role and technology stack. The job requires a Senior QA Lead with Selenium, Python, and API testing expertise, whereas the candidate is a Web UI Engineer focused on frontend web development. The candidate entirely lacks the required quality assurance and test automation skills.""","Web UI Engineer skilled in HTML, CSS, JavaScript, Vue.js, Bootstrap, and Git. Focused on accessibility and cross-browser performance. (Candidate Ref 161)","Senior Software Quality Assurance Lead requiring Selenium, Python automation, Postman API testing, and Jira defect tracking. (Job Posting Ref 112)"
PAIR_0404,RES_WEB_0162,JOB_WEB_0032,LOW,"""LOW match: Major deficit in required experience level and framework depth. The job requires 2+ years of professional experience and strong React.js skills with REST API integration, whereas the candidate is an entry-level Junior Developer with only basic React knowledge and portfolio-level experience.""","Junior Web Developer with strong foundation in JavaScript, HTML5, CSS3, and basic React. Built portfolio projects including blogging platform. (Candidate Ref 162)","Seeking React Frontend Developer with 2+ years experience in React.js, JavaScript (ES6+), HTML5/CSS3, and REST API integration. (Job Posting Ref 32)"
PAIR_0405,RES_WEB_0162,JOB_WEB_0033,LOW,"""LOW match: Major deficit in role scope and specific technical stack. The job requires a Full Stack Developer with Node.js, MongoDB, and TypeScript, whereas the candidate is an entry-level Junior Web Developer with only basic React knowledge, completely lacking the required backend, database, and TypeScript expertise.""","Junior Web Developer with strong foundation in JavaScript, HTML5, CSS3, and basic React. Built portfolio projects including blogging platform. (Candidate Ref 162)","Full Stack JavaScript Developer needed. Requirements: Node.js, React, MongoDB, and TypeScript. (Job Posting Ref 33)"
PAIR_0406,RES_WEB_0163,JOB_WEB_0031,LOW,"""LOW match: Major deficit in role scope and specific technical stack. The job requires a Full Stack Developer with Node.js, MongoDB, and TypeScript, whereas the candidate is a frontend-focused React Developer completely lacking the required backend, database, and TypeScript expertise.""","Frontend React Developer with 2 years experience building responsive web apps with React.js, Redux, JavaScript, HTML5, CSS3, and Tailwind CSS. (Candidate Ref 163)","Full Stack JavaScript Developer needed. Requirements: Node.js, React, MongoDB, and TypeScript. (Job Posting Ref 31)"
PAIR_0407,RES_WEB_0163,JOB_WEB_0032,HIGH,"""HIGH match: Candidate shows strong overall suitability. They perfectly fit the 2+ years experience requirement and possess all requested core frontend technical skills including React.js, JavaScript, HTML5, and CSS3.""","Frontend React Developer with 2 years experience building responsive web apps with React.js, Redux, JavaScript, HTML5, CSS3, and Tailwind CSS. (Candidate Ref 163)","Seeking React Frontend Developer with 2+ years experience in React.js, JavaScript (ES6+), HTML5/CSS3, and REST API integration. (Job Posting Ref 32)"
PAIR_0408,RES_WEB_0163,JOB_QA _0114,LOW,"""LOW match: Complete mismatch in role, experience level, and technology stack. The job requires a Senior QA Lead with Selenium, Python, and API testing expertise, whereas the candidate is a Frontend React Developer focused on web applications. The candidate entirely lacks the required quality assurance and test automation skills.""","Frontend React Developer with 2 years experience building responsive web apps with React.js, Redux, JavaScript, HTML5, CSS3, and Tailwind CSS. (Candidate Ref 163)","Senior Software Quality Assurance Lead requiring Selenium, Python automation, Postman API testing, and Jira defect tracking. (Job Posting Ref 114)"
PAIR_0409,RES_WEB_0164,JOB_WEB_0047,HIGH,"""HIGH match: Candidate shows perfect alignment with the required technical stack. They possess all requested core technologies including Node.js, React, MongoDB, and TypeScript for the Full Stack Developer role.""","Full Stack Web Developer proficient in Node.js, Express.js, React, MongoDB, and TypeScript. Experience integrating REST APIs and modern UI/UX. (Candidate Ref 164)","Full Stack JavaScript Developer needed. Requirements: Node.js, React, MongoDB, and TypeScript. (Job Posting Ref 47)"
PAIR_0410,RES_WEB_0164,JOB_WEB_0048,MEDIUM,"""MEDIUM match: Meaningful alignment with React and REST API integration, but noticeable gaps exist. The candidate lacks explicit mention of exactly required skills like JavaScript (ES6+) and HTML5/CSS3, and the specific years of experience are not stated.""","Full Stack Web Developer proficient in Node.js, Express.js, React, MongoDB, and TypeScript. Experience integrating REST APIs and modern UI/UX. (Candidate Ref 164)","Seeking React Frontend Developer with 2+ years experience in React.js, JavaScript (ES6+), HTML5/CSS3, and REST API integration. (Job Posting Ref 48)"
PAIR_0414,RES_WEB_0166,JOB_WEB_0031,LOW,"""LOW match: Major deficit in role scope and specific technical stack. The job requires a Full Stack Developer with Node.js, MongoDB, and TypeScript, whereas the candidate is an entry-level Junior Web Developer with only basic React knowledge, completely lacking the required backend, database, and TypeScript expertise.""","Junior Web Developer with strong foundation in JavaScript, HTML5, CSS3, and basic React. Built portfolio projects including blogging platform. (Candidate Ref 166)","Full Stack JavaScript Developer needed. Requirements: Node.js, React, MongoDB, and TypeScript. (Job Posting Ref 31)"
PAIR_0415,RES_WEB_0166,JOB_WEB_0032,LOW,"""LOW match: Major deficit in required experience level and framework depth. The job requires 2+ years of professional experience and strong React.js skills with REST API integration, whereas the candidate is an entry-level Junior Developer with only basic React knowledge and portfolio-level experience.""","Junior Web Developer with strong foundation in JavaScript, HTML5, CSS3, and basic React. Built portfolio projects including blogging platform. (Candidate Ref 166)","Seeking React Frontend Developer with 2+ years experience in React.js, JavaScript (ES6+), HTML5/CSS3, and REST API integration. (Job Posting Ref 32)"
PAIR_0416,RES_WEB_0167,JOB_WEB_0026,HIGH,"""HIGH match: Candidate shows strong overall suitability. They perfectly fit the 2+ years experience requirement and possess all requested core frontend technical skills including React.js, JavaScript, HTML5, and CSS3.""","Frontend React Developer with 2 years experience building responsive web apps with React.js, Redux, JavaScript, HTML5, CSS3, and Tailwind CSS. (Candidate Ref 167)","Seeking React Frontend Developer with 2+ years experience in React.js, JavaScript (ES6+), HTML5/CSS3, and REST API integration. (Job Posting Ref 26)"
PAIR_0417,RES_WEB_0167,JOB_WEB_0027,LOW,"""LOW match: Major deficit in role scope and specific technical stack. The job requires a Full Stack Developer with Node.js, MongoDB, and TypeScript, whereas the candidate is a frontend-focused React Developer completely lacking the required backend, database, and TypeScript expertise.""","Frontend React Developer with 2 years experience building responsive web apps with React.js, Redux, JavaScript, HTML5, CSS3, and Tailwind CSS. (Candidate Ref 167)","Full Stack JavaScript Developer needed. Requirements: Node.js, React, MongoDB, and TypeScript. (Job Posting Ref 27)"
PAIR_0418,RES_WEB_0167,JOB_QA _0119,LOW,"""LOW match: Complete mismatch in role and technology stack. The job requires a QA Automation Engineer with Java, Selenium, and TestNG expertise, whereas the candidate is a Frontend React Developer focused on web applications. The candidate entirely lacks the required quality assurance and test automation skills.""","Frontend React Developer with 2 years experience building responsive web apps with React.js, Redux, JavaScript, HTML5, CSS3, and Tailwind CSS. (Candidate Ref 167)","Hiring QA Automation Engineer with strong Java, Selenium WebDriver, TestNG, and REST API testing skills. (Job Posting Ref 119)"
PAIR_0419,RES_WEB_0168,JOB_WEB_0046,MEDIUM,"""MEDIUM match: Meaningful alignment with React and REST API integration, but noticeable gaps exist. The candidate lacks explicit mention of exactly required skills like JavaScript (ES6+) and HTML5/CSS3, and the specific years of experience are not stated.""","Full Stack Web Developer proficient in Node.js, Express.js, React, MongoDB, and TypeScript. Experience integrating REST APIs and modern UI/UX. (Candidate Ref 168)","Seeking React Frontend Developer with 2+ years experience in React.js, JavaScript (ES6+), HTML5/CSS3, and REST API integration. (Job Posting Ref 46)"
PAIR_0420,RES_WEB_0168,JOB_WEB_0047,HIGH,"""HIGH match: Candidate shows perfect alignment with the required technical stack. They possess all requested core technologies including Node.js, React, MongoDB, and TypeScript for the Full Stack Developer role.""","Full Stack Web Developer proficient in Node.js, Express.js, React, MongoDB, and TypeScript. Experience integrating REST APIs and modern UI/UX. (Candidate Ref 168)","Full Stack JavaScript Developer needed. Requirements: Node.js, React, MongoDB, and TypeScript. (Job Posting Ref 47)"
PAIR_0421,RES_WEB_0169,JOB_WEB_0032,LOW,"""LOW match: Major deficit in core required framework and experience level. The job specifically requires a React Frontend Developer with 2+ years of experience, whereas the candidate specializes in Vue.js and completely lacks the requested React.js expertise and clear experience details.""","Web UI Engineer skilled in HTML, CSS, JavaScript, Vue.js, Bootstrap, and Git. Focused on accessibility and cross-browser performance. (Candidate Ref 169)","Seeking React Frontend Developer with 2+ years experience in React.js, JavaScript (ES6+), HTML5/CSS3, and REST API integration. (Job Posting Ref 32)"
PAIR_0422,RES_WEB_0169,JOB_WEB_0033,LOW,"""LOW match: Major deficit in role scope and specific technical stack. The job requires a Full Stack Developer with Node.js, React, MongoDB, and TypeScript, whereas the candidate is a frontend-focused Web UI Engineer specializing in Vue.js, completely lacking the required backend, database, TypeScript, and React expertise.""","Web UI Engineer skilled in HTML, CSS, JavaScript, Vue.js, Bootstrap, and Git. Focused on accessibility and cross-browser performance. (Candidate Ref 169)","Full Stack JavaScript Developer needed. Requirements: Node.js, React, MongoDB, and TypeScript. (Job Posting Ref 33)"
PAIR_0423,RES_WEB_0169,JOB_DAT_0051,LOW,"""LOW match: Complete mismatch in role, domain, and technology stack. The job requires a Data Analyst with SQL, Python, and Tableau expertise, whereas the candidate is a Web UI Engineer focused on frontend web development. The candidate entirely lacks the required data analysis and visualization skills.""","Web UI Engineer skilled in HTML, CSS, JavaScript, Vue.js, Bootstrap, and Git. Focused on accessibility and cross-browser performance. (Candidate Ref 169)","Hiring Data Analyst with strong SQL, Python (Pandas/NumPy), and Tableau data visualization skills. (Job Posting Ref 51)"
PAIR_0424,RES_WEB_0170,JOB_WEB_0029,LOW,"""LOW match: Major deficit in role scope and specific technical stack. The job requires a Full Stack Developer with Node.js, MongoDB, and TypeScript, whereas the candidate is an entry-level Junior Web Developer with only basic React knowledge, completely lacking the required backend, database, and TypeScript expertise.""","Junior Web Developer with strong foundation in JavaScript, HTML5, CSS3, and basic React. Built portfolio projects including blogging platform. (Candidate Ref 170)","Full Stack JavaScript Developer needed. Requirements: Node.js, React, MongoDB, and TypeScript. (Job Posting Ref 29)"
PAIR_0425,RES_WEB_0170,JOB_WEB_0030,LOW,"""LOW match: Major deficit in required experience level and framework depth. The job requires 2+ years of professional experience and strong React.js skills with REST API integration, whereas the candidate is an entry-level Junior Developer with only basic React knowledge and portfolio-level experience.""","Junior Web Developer with strong foundation in JavaScript, HTML5, CSS3, and basic React. Built portfolio projects including blogging platform. (Candidate Ref 170)","Seeking React Frontend Developer with 2+ years experience in React.js, JavaScript (ES6+), HTML5/CSS3, and REST API integration. (Job Posting Ref 30)"
PAIR_0426,RES_WEB_0171,JOB_WEB_0046,HIGH,"""HIGH match: Candidate shows strong overall suitability. They perfectly fit the 2+ years experience requirement and possess all requested core frontend technical skills including React.js, JavaScript, HTML5, and CSS3.""","Frontend React Developer with 2 years experience building responsive web apps with React.js, Redux, JavaScript, HTML5, CSS3, and Tailwind CSS. (Candidate Ref 171)","Seeking React Frontend Developer with 2+ years experience in React.js, JavaScript (ES6+), HTML5/CSS3, and REST API integration. (Job Posting Ref 46)"
PAIR_0427,RES_WEB_0171,JOB_WEB_0047,LOW,"""LOW match: Major deficit in role scope and specific technical stack. The job requires a Full Stack Developer with Node.js, MongoDB, and TypeScript, whereas the candidate is a frontend-focused React Developer completely lacking the required backend, database, and TypeScript expertise.""","Frontend React Developer with 2 years experience building responsive web apps with React.js, Redux, JavaScript, HTML5, CSS3, and Tailwind CSS. (Candidate Ref 171)","Full Stack JavaScript Developer needed. Requirements: Node.js, React, MongoDB, and TypeScript. (Job Posting Ref 47)"
PAIR_0428,RES_WEB_0171,JOB_DEV_0085,LOW,"""LOW match: Complete mismatch in role, domain, and technology stack. The job requires a Cloud Security & DevOps Specialist with Azure, Docker, and Kubernetes expertise, whereas the candidate is a Frontend React Developer focused on web applications. The candidate entirely lacks the required cloud infrastructure, security, and DevOps skills.""","Frontend React Developer with 2 years experience building responsive web apps with React.js, Redux, JavaScript, HTML5, CSS3, and Tailwind CSS. (Candidate Ref 171)","Cloud Security & DevOps Specialist required. Mandatory skills: Azure, Docker, Kubernetes, and Linux automation. (Job Posting Ref 85)"
PAIR_0429,RES_WEB_0172,JOB_WEB_0035,HIGH,"""HIGH match: Candidate shows perfect alignment with the required technical stack. They possess all requested core technologies including Node.js, React, MongoDB, and TypeScript for the Full Stack Developer role.""","Full Stack Web Developer proficient in Node.js, Express.js, React, MongoDB, and TypeScript. Experience integrating REST APIs and modern UI/UX. (Candidate Ref 172)","Full Stack JavaScript Developer needed. Requirements: Node.js, React, MongoDB, and TypeScript. (Job Posting Ref 35)"
PAIR_0430,RES_WEB_0172,JOB_WEB_0036,MEDIUM,"""MEDIUM match: Meaningful alignment with React and REST API integration, but noticeable gaps exist. The candidate lacks explicit mention of exactly required skills like JavaScript (ES6+) and HTML5/CSS3, and the specific years of experience are not stated.""","Full Stack Web Developer proficient in Node.js, Express.js, React, MongoDB, and TypeScript. Experience integrating REST APIs and modern UI/UX. (Candidate Ref 172)","Seeking React Frontend Developer with 2+ years experience in React.js, JavaScript (ES6+), HTML5/CSS3, and REST API integration. (Job Posting Ref 36)"
PAIR_0431,RES_WEB_0173,JOB_WEB_0041,LOW,"""LOW match: Major deficit in role scope and specific technical stack. The job requires a Full Stack Developer with Node.js, React, MongoDB, and TypeScript, whereas the candidate is a frontend-focused Web UI Engineer specializing in Vue.js, completely lacking the required backend, database, TypeScript, and React expertise.""","Web UI Engineer skilled in HTML, CSS, JavaScript, Vue.js, Bootstrap, and Git. Focused on accessibility and cross-browser performance. (Candidate Ref 173)","Full Stack JavaScript Developer needed. Requirements: Node.js, React, MongoDB, and TypeScript. (Job Posting Ref 41)"
PAIR_0432,RES_WEB_0173,JOB_WEB_0042,LOW,"""LOW match: Major deficit in core required framework and experience level. The job specifically requires a React Frontend Developer with 2+ years of experience, whereas the candidate specializes in Vue.js and completely lacks the requested React.js expertise and clear experience details.""","Web UI Engineer skilled in HTML, CSS, JavaScript, Vue.js, Bootstrap, and Git. Focused on accessibility and cross-browser performance. (Candidate Ref 173)","Seeking React Frontend Developer with 2+ years experience in React.js, JavaScript (ES6+), HTML5/CSS3, and REST API integration. (Job Posting Ref 42)"
PAIR_0433,RES_WEB_0173,JOB_DAT_0057,LOW,"""LOW match: Complete mismatch in role, domain, and technology stack. The job requires a Data Analyst with SQL, Python, and Tableau expertise, whereas the candidate is a Web UI Engineer focused on frontend web development. The candidate entirely lacks the required data analysis and visualization skills.""","Web UI Engineer skilled in HTML, CSS, JavaScript, Vue.js, Bootstrap, and Git. Focused on accessibility and cross-browser performance. (Candidate Ref 173)","Hiring Data Analyst with strong SQL, Python (Pandas/NumPy), and Tableau data visualization skills. (Job Posting Ref 57)"
PAIR_0434,RES_WEB_0174,JOB_WEB_0034,LOW,"""LOW match: Major deficit in required experience level and framework depth. The job requires 2+ years of professional experience and strong React.js skills with REST API integration, whereas the candidate is an entry-level Junior Developer with only basic React knowledge and portfolio-level experience.""","Junior Web Developer with strong foundation in JavaScript, HTML5, CSS3, and basic React. Built portfolio projects including blogging platform. (Candidate Ref 174)","Seeking React Frontend Developer with 2+ years experience in React.js, JavaScript (ES6+), HTML5/CSS3, and REST API integration. (Job Posting Ref 34)"
PAIR_0435,RES_WEB_0174,JOB_WEB_0035,LOW,"""LOW match: Major deficit in role scope and specific technical stack. The job requires a Full Stack Developer with Node.js, MongoDB, and TypeScript, whereas the candidate is an entry-level Junior Web Developer with only basic React knowledge, completely lacking the required backend, database, and TypeScript expertise.""","Junior Web Developer with strong foundation in JavaScript, HTML5, CSS3, and basic React. Built portfolio projects including blogging platform. (Candidate Ref 174)","Full Stack JavaScript Developer needed. Requirements: Node.js, React, MongoDB, and TypeScript. (Job Posting Ref 35)"
PAIR_0436,RES_WEB_0175,JOB_WEB_0035,LOW,"""LOW match: Major deficit in role scope and specific technical stack. The job requires a Full Stack Developer with Node.js, MongoDB, and TypeScript, whereas the candidate is a frontend-focused React Developer completely lacking the required backend, database, and TypeScript expertise.""","Frontend React Developer with 2 years experience building responsive web apps with React.js, Redux, JavaScript, HTML5, CSS3, and Tailwind CSS. (Candidate Ref 175)","Full Stack JavaScript Developer needed. Requirements: Node.js, React, MongoDB, and TypeScript. (Job Posting Ref 35)"
PAIR_0437,RES_WEB_0175,JOB_WEB_0036,HIGH,"""HIGH match: Candidate shows strong overall suitability. They perfectly fit the 2+ years experience requirement and possess all requested core frontend technical skills including React.js, JavaScript, HTML5, and CSS3.""","Frontend React Developer with 2 years experience building responsive web apps with React.js, Redux, JavaScript, HTML5, CSS3, and Tailwind CSS. (Candidate Ref 175)","Seeking React Frontend Developer with 2+ years experience in React.js, JavaScript (ES6+), HTML5/CSS3, and REST API integration. (Job Posting Ref 36)"
PAIR_0438,RES_WEB_0175,JOB_DEV_0086,LOW,"""LOW match: Complete mismatch in role, domain, and technology stack. The job requires a DevOps Engineer with AWS, Docker, Kubernetes, and Terraform expertise, whereas the candidate is a Frontend React Developer focused on web applications. The candidate entirely lacks the required cloud infrastructure, deployment, and DevOps skills.""","Frontend React Developer with 2 years experience building responsive web apps with React.js, Redux, JavaScript, HTML5, CSS3, and Tailwind CSS. (Candidate Ref 175)","Looking for DevOps Engineer with experience in AWS, Docker, Kubernetes, CI/CD pipelines, and Terraform. (Job Posting Ref 86)"
PAIR_0441,RES_WEB_0177,JOB_WEB_0040,LOW,"""LOW match: Major deficit in core required framework and experience level. The job specifically requires a React Frontend Developer with 2+ years of experience, whereas the candidate specializes in Vue.js and completely lacks the requested React.js expertise and clear experience details.""","Web UI Engineer skilled in HTML, CSS, JavaScript, Vue.js, Bootstrap, and Git. Focused on accessibility and cross-browser performance. (Candidate Ref 177)","Seeking React Frontend Developer with 2+ years experience in React.js, JavaScript (ES6+), HTML5/CSS3, and REST API integration. (Job Posting Ref 40)"
PAIR_0442,RES_WEB_0177,JOB_WEB_0041,LOW,"""LOW match: Major deficit in role scope and specific technical stack. The job requires a Full Stack Developer with Node.js, React, MongoDB, and TypeScript, whereas the candidate is a frontend-focused Web UI Engineer specializing in Vue.js, completely lacking the required backend, database, TypeScript, and React expertise.""","Web UI Engineer skilled in HTML, CSS, JavaScript, Vue.js, Bootstrap, and Git. Focused on accessibility and cross-browser performance. (Candidate Ref 177)","Full Stack JavaScript Developer needed. Requirements: Node.js, React, MongoDB, and TypeScript. (Job Posting Ref 41)"
PAIR_0443,RES_WEB_0177,JOB_DAT_0073,LOW,"""LOW match: Complete mismatch in role, domain, and technology stack. The job requires a Data Analyst with SQL, Python, and Tableau expertise, whereas the candidate is a Web UI Engineer focused on frontend web development. The candidate entirely lacks the required data analysis and visualization skills.""","Web UI Engineer skilled in HTML, CSS, JavaScript, Vue.js, Bootstrap, and Git. Focused on accessibility and cross-browser performance. (Candidate Ref 177)","Hiring Data Analyst with strong SQL, Python (Pandas/NumPy), and Tableau data visualization skills. (Job Posting Ref 73)"
PAIR_0444,RES_WEB_0178,JOB_WEB_0041,LOW,"""LOW match: Major deficit in role scope and specific technical stack. The job requires a Full Stack Developer with Node.js, MongoDB, and TypeScript, whereas the candidate is an entry-level Junior Web Developer with only basic React knowledge, completely lacking the required backend, database, and TypeScript expertise.""","Junior Web Developer with strong foundation in JavaScript, HTML5, CSS3, and basic React. Built portfolio projects including blogging platform. (Candidate Ref 178)","Full Stack JavaScript Developer needed. Requirements: Node.js, React, MongoDB, and TypeScript. (Job Posting Ref 41)"
PAIR_0445,RES_WEB_0178,JOB_WEB_0042,LOW,"""LOW match: Major deficit in required experience level and framework depth. The job requires 2+ years of professional experience and strong React.js skills with REST API integration, whereas the candidate is an entry-level Junior Developer with only basic React knowledge and portfolio-level experience.""","Junior Web Developer with strong foundation in JavaScript, HTML5, CSS3, and basic React. Built portfolio projects including blogging platform. (Candidate Ref 178)","Seeking React Frontend Developer with 2+ years experience in React.js, JavaScript (ES6+), HTML5/CSS3, and REST API integration. (Job Posting Ref 42)"
PAIR_0446,RES_WEB_0179,JOB_WEB_0033,LOW,"""LOW match: Major deficit in role scope and specific technical stack. The job requires a Full Stack Developer with Node.js, MongoDB, and TypeScript, whereas the candidate is a frontend-focused React Developer completely lacking the required backend, database, and TypeScript expertise.""","Frontend React Developer with 2 years experience building responsive web apps with React.js, Redux, JavaScript, HTML5, CSS3, and Tailwind CSS. (Candidate Ref 179)","Full Stack JavaScript Developer needed. Requirements: Node.js, React, MongoDB, and TypeScript. (Job Posting Ref 33)"
PAIR_0447,RES_WEB_0179,JOB_WEB_0034,HIGH,"""HIGH match: Candidate shows strong overall suitability. They perfectly fit the 2+ years experience requirement and possess all requested core frontend technical skills including React.js, JavaScript, HTML5, and CSS3.""","Frontend React Developer with 2 years experience building responsive web apps with React.js, Redux, JavaScript, HTML5, CSS3, and Tailwind CSS. (Candidate Ref 179)","Seeking React Frontend Developer with 2+ years experience in React.js, JavaScript (ES6+), HTML5/CSS3, and REST API integration. (Job Posting Ref 34)"
PAIR_0448,RES_WEB_0179,JOB_QA _0125,LOW,"""LOW match: Complete mismatch in role, domain, and technology stack. The job requires a QA Automation Engineer with Java and Selenium expertise, whereas the candidate is a Frontend React Developer focused on web applications. The candidate entirely lacks the required QA, test automation, and Java skills.""","Frontend React Developer with 2 years experience building responsive web apps with React.js, Redux, JavaScript, HTML5, CSS3, and Tailwind CSS. (Candidate Ref 179)","Hiring QA Automation Engineer with strong Java, Selenium WebDriver, TestNG, and REST API testing skills. (Job Posting Ref 125)"
PAIR_0449,RES_WEB_0180,JOB_WEB_0032,MEDIUM,"""MEDIUM match: Meaningful alignment with React and REST API integration, but noticeable gaps exist. The candidate lacks explicit mention of exactly required skills like JavaScript (ES6+) and HTML5/CSS3, and the specific years of experience are not stated.""","Full Stack Web Developer proficient in Node.js, Express.js, React, MongoDB, and TypeScript. Experience integrating REST APIs and modern UI/UX. (Candidate Ref 180)","Seeking React Frontend Developer with 2+ years experience in React.js, JavaScript (ES6+), HTML5/CSS3, and REST API integration. (Job Posting Ref 32)"
PAIR_0450,RES_WEB_0180,JOB_WEB_0033,HIGH,"""HIGH match: Candidate shows perfect alignment with the required technical stack. They possess all requested core technologies including Node.js, React, MongoDB, and TypeScript for the Full Stack Developer role.""","Full Stack Web Developer proficient in Node.js, Express.js, React, MongoDB, and TypeScript. Experience integrating REST APIs and modern UI/UX. (Candidate Ref 180)","Full Stack JavaScript Developer needed. Requirements: Node.js, React, MongoDB, and TypeScript. (Job Posting Ref 33)"
PAIR_0451,RES_WEB_0181,JOB_WEB_0045,LOW,"""LOW match: Major deficit in role scope and specific technical stack. The job requires a Full Stack Developer with Node.js, React, MongoDB, and TypeScript, whereas the candidate is a frontend-focused Web UI Engineer specializing in Vue.js, completely lacking the required backend, database, TypeScript, and React expertise.""","Web UI Engineer skilled in HTML, CSS, JavaScript, Vue.js, Bootstrap, and Git. Focused on accessibility and cross-browser performance. (Candidate Ref 181)","Full Stack JavaScript Developer needed. Requirements: Node.js, React, MongoDB, and TypeScript. (Job Posting Ref 45)"
PAIR_0452,RES_WEB_0181,JOB_WEB_0046,LOW,"""LOW match: Major deficit in core required framework and experience level. The job specifically requires a React Frontend Developer with 2+ years of experience, whereas the candidate specializes in Vue.js and completely lacks the requested React.js expertise and clear experience details.""","Web UI Engineer skilled in HTML, CSS, JavaScript, Vue.js, Bootstrap, and Git. Focused on accessibility and cross-browser performance. (Candidate Ref 181)","Seeking React Frontend Developer with 2+ years experience in React.js, JavaScript (ES6+), HTML5/CSS3, and REST API integration. (Job Posting Ref 46)"
PAIR_0453,RES_WEB_0181,JOB_DAT_0066,LOW,"""LOW match: Complete mismatch in role, domain, and technology stack. The job requires a Machine Learning Engineer with Python, Scikit-Learn, and PyTorch expertise, whereas the candidate is a Web UI Engineer focused on frontend web development. The candidate entirely lacks the required machine learning, data science, and Python skills.""","Web UI Engineer skilled in HTML, CSS, JavaScript, Vue.js, Bootstrap, and Git. Focused on accessibility and cross-browser performance. (Candidate Ref 181)","Machine Learning Engineer position requiring Python, Scikit-Learn, PyTorch, and ML model training experience. (Job Posting Ref 66)"
PAIR_0454,RES_WEB_0182,JOB_WEB_0039,LOW,"""LOW match: Major deficit in role scope and specific technical stack. The job requires a Full Stack Developer with Node.js, MongoDB, and TypeScript, whereas the candidate is an entry-level Junior Web Developer with only basic React knowledge, completely lacking the required backend, database, and TypeScript expertise.""","Junior Web Developer with strong foundation in JavaScript, HTML5, CSS3, and basic React. Built portfolio projects including blogging platform. (Candidate Ref 182)","Full Stack JavaScript Developer needed. Requirements: Node.js, React, MongoDB, and TypeScript. (Job Posting Ref 39)"
PAIR_0455,RES_WEB_0182,JOB_WEB_0040,LOW,"""LOW match: Major deficit in required experience level and framework depth. The job requires 2+ years of professional experience and strong React.js skills with REST API integration, whereas the candidate is an entry-level Junior Developer with only basic React knowledge and portfolio-level experience.""","Junior Web Developer with strong foundation in JavaScript, HTML5, CSS3, and basic React. Built portfolio projects including blogging platform. (Candidate Ref 182)","Seeking React Frontend Developer with 2+ years experience in React.js, JavaScript (ES6+), HTML5/CSS3, and REST API integration. (Job Posting Ref 40)"
PAIR_0456,RES_WEB_0183,JOB_WEB_0032,HIGH,"""HIGH match: Candidate shows strong overall suitability. They perfectly fit the 2+ years experience requirement and possess all requested core frontend technical skills including React.js, JavaScript, HTML5, and CSS3.""","Frontend React Developer with 2 years experience building responsive web apps with React.js, Redux, JavaScript, HTML5, CSS3, and Tailwind CSS. (Candidate Ref 183)","Seeking React Frontend Developer with 2+ years experience in React.js, JavaScript (ES6+), HTML5/CSS3, and REST API integration. (Job Posting Ref 32)"
PAIR_0457,RES_WEB_0183,JOB_WEB_0033,HIGH,"""HIGH match: Candidate shows strong overall suitability. They perfectly fit the 2+ years experience requirement and possess all requested core frontend technical skills including React.js, JavaScript, HTML5, and CSS3.""","Frontend React Developer with 2 years experience building responsive web apps with React.js, Redux, JavaScript, HTML5, CSS3, and Tailwind CSS. (Candidate Ref 183)","Full Stack JavaScript Developer needed. Requirements: Node.js, React, MongoDB, and TypeScript. (Job Posting Ref 33)"
PAIR_0458,RES_WEB_0183,JOB_SOF_0011,LOW,"""LOW match: Complete mismatch in role, domain, and technology stack. The job requires a Backend Java Developer with Java, Spring Boot, and MySQL expertise, whereas the candidate is a Frontend React Developer focused on web applications. The candidate entirely lacks the required backend and Java skills.""","Frontend React Developer with 2 years experience building responsive web apps with React.js, Redux, JavaScript, HTML5, CSS3, and Tailwind CSS. (Candidate Ref 183)","Looking for Backend Java Developer with 2-4 years experience in Java, Spring Boot, REST APIs, and MySQL. (Job Posting Ref 11)"
PAIR_0459,RES_WEB_0184,JOB_WEB_0035,HIGH,"""HIGH match: Candidate shows perfect alignment with the required technical stack. They possess all requested core technologies including Node.js, React, MongoDB, and TypeScript for the Full Stack Developer role.""","Full Stack Web Developer proficient in Node.js, Express.js, React, MongoDB, and TypeScript. Experience integrating REST APIs and modern UI/UX. (Candidate Ref 184)","Full Stack JavaScript Developer needed. Requirements: Node.js, React, MongoDB, and TypeScript. (Job Posting Ref 35)"
PAIR_0460,RES_WEB_0184,JOB_WEB_0036,MEDIUM,"""MEDIUM match: Meaningful alignment with React and REST API integration, but noticeable gaps exist. The candidate lacks explicit mention of exactly required skills like JavaScript (ES6+) and HTML5/CSS3, and the specific years of experience are not stated.""","Full Stack Web Developer proficient in Node.js, Express.js, React, MongoDB, and TypeScript. Experience integrating REST APIs and modern UI/UX. (Candidate Ref 184)","Seeking React Frontend Developer with 2+ years experience in React.js, JavaScript (ES6+), HTML5/CSS3, and REST API integration. (Job Posting Ref 36)"
PAIR_0461,RES_WEB_0185,JOB_WEB_0037,LOW,"""LOW match: Major deficit in role scope and specific technical stack. The job requires a Full Stack Developer with Node.js, React, MongoDB, and TypeScript, whereas the candidate is a frontend-focused Web UI Engineer specializing in Vue.js, completely lacking the required backend, database, TypeScript, and React expertise.""","Web UI Engineer skilled in HTML, CSS, JavaScript, Vue.js, Bootstrap, and Git. Focused on accessibility and cross-browser performance. (Candidate Ref 185)","Full Stack JavaScript Developer needed. Requirements: Node.js, React, MongoDB, and TypeScript. (Job Posting Ref 37)"
PAIR_0462,RES_WEB_0185,JOB_WEB_0038,LOW,"""LOW match: Major deficit in core required framework and experience level. The job specifically requires a React Frontend Developer with 2+ years of experience, whereas the candidate specializes in Vue.js and completely lacks the requested React.js expertise and clear experience details.""","Web UI Engineer skilled in HTML, CSS, JavaScript, Vue.js, Bootstrap, and Git. Focused on accessibility and cross-browser performance. (Candidate Ref 185)","Seeking React Frontend Developer with 2+ years experience in React.js, JavaScript (ES6+), HTML5/CSS3, and REST API integration. (Job Posting Ref 38)"
PAIR_0463,RES_WEB_0185,JOB_SOF_0007,LOW,"""LOW match: Complete mismatch in role, domain, and technology stack. The job requires a Backend Java Developer with Java, Spring Boot, and MySQL expertise, whereas the candidate is a Web UI Engineer focused on frontend web development. The candidate entirely lacks the required backend and Java skills.""","Web UI Engineer skilled in HTML, CSS, JavaScript, Vue.js, Bootstrap, and Git. Focused on accessibility and cross-browser performance. (Candidate Ref 185)","Looking for Backend Java Developer with 2-4 years experience in Java, Spring Boot, REST APIs, and MySQL. (Job Posting Ref 7)"
PAIR_0464,RES_WEB_0186,JOB_WEB_0044,LOW,"""LOW match: Major deficit in required experience level and framework depth. The job requires 2+ years of professional experience and strong React.js skills with REST API integration, whereas the candidate is an entry-level Junior Developer with only basic React knowledge and portfolio-level experience.""","Junior Web Developer with strong foundation in JavaScript, HTML5, CSS3, and basic React. Built portfolio projects including blogging platform. (Candidate Ref 186)","Seeking React Frontend Developer with 2+ years experience in React.js, JavaScript (ES6+), HTML5/CSS3, and REST API integration. (Job Posting Ref 44)"
PAIR_0465,RES_WEB_0186,JOB_WEB_0045,LOW,"""LOW match: Major deficit in role scope and specific technical stack. The job requires a Full Stack Developer with Node.js, MongoDB, and TypeScript, whereas the candidate is an entry-level Junior Web Developer with only basic React knowledge, completely lacking the required backend, database, and TypeScript expertise.""","Junior Web Developer with strong foundation in JavaScript, HTML5, CSS3, and basic React. Built portfolio projects including blogging platform. (Candidate Ref 186)","Full Stack JavaScript Developer needed. Requirements: Node.js, React, MongoDB, and TypeScript. (Job Posting Ref 45)"
PAIR_0466,RES_WEB_0187,JOB_WEB_0043,LOW,"""LOW match: Major deficit in role scope and specific technical stack. The job requires a Full Stack Developer with Node.js, MongoDB, and TypeScript, whereas the candidate is a frontend-focused React Developer completely lacking the required backend, database, and TypeScript expertise.""","Frontend React Developer with 2 years experience building responsive web apps with React.js, Redux, JavaScript, HTML5, CSS3, and Tailwind CSS. (Candidate Ref 187)","Full Stack JavaScript Developer needed. Requirements: Node.js, React, MongoDB, and TypeScript. (Job Posting Ref 43)"
PAIR_0467,RES_WEB_0187,JOB_WEB_0044,HIGH,"""HIGH match: Candidate shows strong overall suitability. They perfectly fit the 2+ years experience requirement and possess all requested core frontend technical skills including React.js, JavaScript, HTML5, and CSS3.""","Frontend React Developer with 2 years experience building responsive web apps with React.js, Redux, JavaScript, HTML5, CSS3, and Tailwind CSS. (Candidate Ref 187)","Seeking React Frontend Developer with 2+ years experience in React.js, JavaScript (ES6+), HTML5/CSS3, and REST API integration. (Job Posting Ref 44)"
PAIR_0468,RES_WEB_0187,JOB_DEV_0093,LOW,"""LOW match: Complete mismatch in role, domain, and technology stack. The job requires a Cloud Security & DevOps Specialist with Azure, Docker, and Kubernetes expertise, whereas the candidate is a Frontend React Developer focused on web applications. The candidate entirely lacks the required cloud, DevOps, and security skills.""","Frontend React Developer with 2 years experience building responsive web apps with React.js, Redux, JavaScript, HTML5, CSS3, and Tailwind CSS. (Candidate Ref 187)","Cloud Security & DevOps Specialist required. Mandatory skills: Azure, Docker, Kubernetes, and Linux automation. (Job Posting Ref 93)"
PAIR_0474,RES_WEB_0190,JOB_WEB_0036,LOW,"""LOW match: Major deficit in required experience level and framework depth. The job requires 2+ years of professional experience and strong React.js skills with REST API integration, whereas the candidate is an entry-level Junior Developer with only basic React knowledge and portfolio-level experience.""","Junior Web Developer with strong foundation in JavaScript, HTML5, CSS3, and basic React. Built portfolio projects including blogging platform. (Candidate Ref 190)","Seeking React Frontend Developer with 2+ years experience in React.js, JavaScript (ES6+), HTML5/CSS3, and REST API integration. (Job Posting Ref 36)"
PAIR_0475,RES_WEB_0190,JOB_WEB_0037,LOW,"""LOW match: Major deficit in role scope and specific technical stack. The job requires a Full Stack Developer with Node.js, MongoDB, and TypeScript, whereas the candidate is an entry-level Junior Web Developer with only basic React knowledge, completely lacking the required backend, database, and TypeScript expertise.""","Junior Web Developer with strong foundation in JavaScript, HTML5, CSS3, and basic React. Built portfolio projects including blogging platform. (Candidate Ref 190)","Full Stack JavaScript Developer needed. Requirements: Node.js, React, MongoDB, and TypeScript. (Job Posting Ref 37)"
PAIR_0476,RES_WEB_0191,JOB_WEB_0042,HIGH,"""HIGH match: Candidate shows strong overall suitability. They perfectly fit the 2+ years experience requirement and possess all requested core frontend technical skills including React.js, JavaScript, HTML5, and CSS3.""","Frontend React Developer with 2 years experience building responsive web apps with React.js, Redux, JavaScript, HTML5, CSS3, and Tailwind CSS. (Candidate Ref 191)","Seeking React Frontend Developer with 2+ years experience in React.js, JavaScript (ES6+), HTML5/CSS3, and REST API integration. (Job Posting Ref 42)"
PAIR_0477,RES_WEB_0191,JOB_WEB_0043,LOW,"""LOW match: Major deficit in role scope and specific technical stack. The job requires a Full Stack Developer with Node.js, MongoDB, and TypeScript, whereas the candidate is a frontend-focused React Developer completely lacking the required backend, database, and TypeScript expertise.""","Frontend React Developer with 2 years experience building responsive web apps with React.js, Redux, JavaScript, HTML5, CSS3, and Tailwind CSS. (Candidate Ref 191)","Full Stack JavaScript Developer needed. Requirements: Node.js, React, MongoDB, and TypeScript. (Job Posting Ref 43)"
PAIR_0478,RES_WEB_0191,JOB_SOF_0020,LOW,"""LOW match: Complete mismatch in role, domain, experience level, and technology stack. The job requires a Senior Java Microservices Architect with 5+ years of experience in Java, Spring Cloud, AWS, and Docker, whereas the candidate is a junior-level Frontend React Developer. The candidate entirely lacks the required backend architecture, cloud, and Java skills.""","Frontend React Developer with 2 years experience building responsive web apps with React.js, Redux, JavaScript, HTML5, CSS3, and Tailwind CSS. (Candidate Ref 191)","Senior Java Microservices Architect requiring 5+ years experience in Java 17, Spring Cloud, AWS, and Docker. (Job Posting Ref 20)"
PAIR_0479,RES_WEB_0192,JOB_WEB_0039,HIGH,"""HIGH match: Candidate shows perfect alignment with the required technical stack. They possess all requested core technologies including Node.js, React, MongoDB, and TypeScript for the Full Stack Developer role.""","Full Stack Web Developer proficient in Node.js, Express.js, React, MongoDB, and TypeScript. Experience integrating REST APIs and modern UI/UX. (Candidate Ref 192)","Full Stack JavaScript Developer needed. Requirements: Node.js, React, MongoDB, and TypeScript. (Job Posting Ref 39)"
PAIR_0480,RES_WEB_0192,JOB_WEB_0040,MEDIUM,"""MEDIUM match: Meaningful alignment with React and REST API integration, but noticeable gaps exist. The candidate lacks explicit mention of exactly required skills like JavaScript (ES6+) and HTML5/CSS3, and the specific years of experience are not stated.""","Full Stack Web Developer proficient in Node.js, Express.js, React, MongoDB, and TypeScript. Experience integrating REST APIs and modern UI/UX. (Candidate Ref 192)","Seeking React Frontend Developer with 2+ years experience in React.js, JavaScript (ES6+), HTML5/CSS3, and REST API integration. (Job Posting Ref 40)"
PAIR_0481,RES_WEB_0193,JOB_WEB_0026,MEDIUM,"""MEDIUM match: Meaningful alignment with React and REST API integration, but noticeable gaps exist. The candidate lacks explicit mention of exactly required skills like JavaScript (ES6+) and HTML5/CSS3, and the specific years of experience are not stated.""","Web UI Engineer skilled in HTML, CSS, JavaScript, Vue.js, Bootstrap, and Git. Focused on accessibility and cross-browser performance. (Candidate Ref 193)","Seeking React Frontend Developer with 2+ years experience in React.js, JavaScript (ES6+), HTML5/CSS3, and REST API integration. (Job Posting Ref 26)"
PAIR_0482,RES_WEB_0193,JOB_WEB_0027,LOW,"""LOW match: Major deficit in core required framework and experience level. The job specifically requires a React Frontend Developer with 2+ years of experience, whereas the candidate specializes in Vue.js and completely lacks the requested React.js expertise and clear experience details.""","Web UI Engineer skilled in HTML, CSS, JavaScript, Vue.js, Bootstrap, and Git. Focused on accessibility and cross-browser performance. (Candidate Ref 193)","Full Stack JavaScript Developer needed. Requirements: Node.js, React, MongoDB, and TypeScript. (Job Posting Ref 27)"
PAIR_0483,RES_WEB_0193,JOB_QA _0116,LOW,"""LOW match: Complete mismatch in role, domain, and technology stack. The job requires a Senior QA Lead with Selenium and Python automation expertise, whereas the candidate is a Web UI Engineer focused on frontend web development. The candidate entirely lacks the required QA, automation, and API testing skills.""","Web UI Engineer skilled in HTML, CSS, JavaScript, Vue.js, Bootstrap, and Git. Focused on accessibility and cross-browser performance. (Candidate Ref 193)","Senior Software Quality Assurance Lead requiring Selenium, Python automation, Postman API testing, and Jira defect tracking. (Job Posting Ref 116)"
PAIR_0486,RES_WEB_0195,JOB_WEB_0044,HIGH,"""HIGH match: Candidate shows strong overall suitability. They perfectly fit the 2+ years experience requirement and possess all requested core frontend technical skills including React.js, JavaScript, HTML5, and CSS3.""","Frontend React Developer with 2 years experience building responsive web apps with React.js, Redux, JavaScript, HTML5, CSS3, and Tailwind CSS. (Candidate Ref 195)","Seeking React Frontend Developer with 2+ years experience in React.js, JavaScript (ES6+), HTML5/CSS3, and REST API integration. (Job Posting Ref 44)"
PAIR_0487,RES_WEB_0195,JOB_WEB_0045,LOW,"""LOW match: Major deficit in role scope and specific technical stack. The job requires a Full Stack Developer with Node.js, MongoDB, and TypeScript, whereas the candidate is a frontend-focused React Developer completely lacking the required backend, database, and TypeScript expertise.""","Frontend React Developer with 2 years experience building responsive web apps with React.js, Redux, JavaScript, HTML5, CSS3, and Tailwind CSS. (Candidate Ref 195)","Full Stack JavaScript Developer needed. Requirements: Node.js, React, MongoDB, and TypeScript. (Job Posting Ref 45)"
PAIR_0488,RES_WEB_0195,JOB_SOF_0020,LOW,"""LOW match: Complete mismatch in role, domain, experience level, and technology stack. The job requires a Senior Java Microservices Architect with 5+ years of experience in Java, Spring Cloud, AWS, and Docker, whereas the candidate is a junior-level Frontend React Developer. The candidate entirely lacks the required backend architecture, cloud, and Java skills.""","Frontend React Developer with 2 years experience building responsive web apps with React.js, Redux, JavaScript, HTML5, CSS3, and Tailwind CSS. (Candidate Ref 195)","Senior Java Microservices Architect requiring 5+ years experience in Java 17, Spring Cloud, AWS, and Docker. (Job Posting Ref 20)"
PAIR_0494,RES_WEB_0198,JOB_WEB_0039,LOW,"""LOW match: Major deficit in role scope and specific technical stack. The job requires a Full Stack Developer with Node.js, MongoDB, and TypeScript, whereas the candidate is an entry-level Junior Web Developer with only basic React knowledge, completely lacking the required backend, database, and TypeScript expertise.""","Junior Web Developer with strong foundation in JavaScript, HTML5, CSS3, and basic React. Built portfolio projects including blogging platform. (Candidate Ref 198)","Full Stack JavaScript Developer needed. Requirements: Node.js, React, MongoDB, and TypeScript. (Job Posting Ref 39)"
PAIR_0495,RES_WEB_0198,JOB_WEB_0040,LOW,"""LOW match: Major deficit in required experience level and framework depth. The job requires 2+ years of professional experience and strong React.js skills with REST API integration, whereas the candidate is an entry-level Junior Developer with only basic React knowledge and portfolio-level experience.""","Junior Web Developer with strong foundation in JavaScript, HTML5, CSS3, and basic React. Built portfolio projects including blogging platform. (Candidate Ref 198)","Seeking React Frontend Developer with 2+ years experience in React.js, JavaScript (ES6+), HTML5/CSS3, and REST API integration. (Job Posting Ref 40)"
PAIR_0499,RES_WEB_0200,JOB_WEB_0044,MEDIUM,"""MEDIUM match: Meaningful alignment with React and REST API integration, but noticeable gaps exist. The candidate lacks explicit mention of exactly required skills like JavaScript (ES6+) and HTML5/CSS3, and the specific years of experience are not stated.""","Full Stack Web Developer proficient in Node.js, Express.js, React, MongoDB, and TypeScript. Experience integrating REST APIs and modern UI/UX. (Candidate Ref 200)","Seeking React Frontend Developer with 2+ years experience in React.js, JavaScript (ES6+), HTML5/CSS3, and REST API integration. (Job Posting Ref 44)"
PAIR_0500,RES_WEB_0200,JOB_WEB_0045,HIGH,"""HIGH match: Candidate shows perfect alignment with the required technical stack. They possess all requested core technologies including Node.js, React, MongoDB, and TypeScript for the Full Stack Developer role.""","Full Stack Web Developer proficient in Node.js, Express.js, React, MongoDB, and TypeScript. Experience integrating REST APIs and modern UI/UX. (Candidate Ref 200)","Full Stack JavaScript Developer needed. Requirements: Node.js, React, MongoDB, and TypeScript. (Job Posting Ref 45)"
PAIR_0501,RES_WEB_0201,JOB_WEB_0048,LOW,"""LOW match: Major deficit in core required framework and experience level. The job specifically requires a React Frontend Developer with 2+ years of experience, whereas the candidate specializes in Vue.js and completely lacks the requested React.js expertise and clear experience details.""","Web UI Engineer skilled in HTML, CSS, JavaScript, Vue.js, Bootstrap, and Git. Focused on accessibility and cross-browser performance. (Candidate Ref 201)","Seeking React Frontend Developer with 2+ years experience in React.js, JavaScript (ES6+), HTML5/CSS3, and REST API integration. (Job Posting Ref 48)"
PAIR_0502,RES_WEB_0201,JOB_WEB_0049,LOW,"""LOW match: Major deficit in role scope and specific technical stack. The job requires a Full Stack Developer with Node.js, React, MongoDB, and TypeScript, whereas the candidate is a frontend-focused Web UI Engineer specializing in Vue.js, completely lacking the required backend, database, TypeScript, and React expertise.""","Web UI Engineer skilled in HTML, CSS, JavaScript, Vue.js, Bootstrap, and Git. Focused on accessibility and cross-browser performance. (Candidate Ref 201)","Full Stack JavaScript Developer needed. Requirements: Node.js, React, MongoDB, and TypeScript. (Job Posting Ref 49)"
PAIR_0503,RES_WEB_0201,JOB_QA _0115,LOW,"""LOW match: Complete mismatch in role, domain, and technology stack. The job requires a QA Automation Engineer with Java, Selenium, and TestNG expertise, whereas the candidate is a Web UI Engineer focused on frontend web development. The candidate entirely lacks the required QA automation, testing frameworks, and Java skills.""","Web UI Engineer skilled in HTML, CSS, JavaScript, Vue.js, Bootstrap, and Git. Focused on accessibility and cross-browser performance. (Candidate Ref 201)","Hiring QA Automation Engineer with strong Java, Selenium WebDriver, TestNG, and REST API testing skills. (Job Posting Ref 115)"
PAIR_0504,RES_WEB_0202,JOB_WEB_0035,LOW,"""LOW match: Major deficit in role scope and specific technical stack. The job requires a Full Stack Developer with Node.js, MongoDB, and TypeScript, whereas the candidate is an entry-level Junior Web Developer with only basic React knowledge, completely lacking the required backend, database, and TypeScript expertise.""","Junior Web Developer with strong foundation in JavaScript, HTML5, CSS3, and basic React. Built portfolio projects including blogging platform. (Candidate Ref 202)","Full Stack JavaScript Developer needed. Requirements: Node.js, React, MongoDB, and TypeScript. (Job Posting Ref 35)"
PAIR_0505,RES_WEB_0202,JOB_WEB_0036,LOW,"""LOW match: Major deficit in required experience level and framework depth. The job requires 2+ years of professional experience and strong React.js skills with REST API integration, whereas the candidate is an entry-level Junior Developer with only basic React knowledge and portfolio-level experience.""","Junior Web Developer with strong foundation in JavaScript, HTML5, CSS3, and basic React. Built portfolio projects including blogging platform. (Candidate Ref 202)","Seeking React Frontend Developer with 2+ years experience in React.js, JavaScript (ES6+), HTML5/CSS3, and REST API integration. (Job Posting Ref 36)"
PAIR_0514,RES_WEB_0206,JOB_WEB_0042,LOW,"""LOW match: Major deficit in required experience level and framework depth. The job requires 2+ years of professional experience and strong React.js skills with REST API integration, whereas the candidate is an entry-level Junior Developer with only basic React knowledge and portfolio-level experience.""","Junior Web Developer with strong foundation in JavaScript, HTML5, CSS3, and basic React. Built portfolio projects including blogging platform. (Candidate Ref 206)","Seeking React Frontend Developer with 2+ years experience in React.js, JavaScript (ES6+), HTML5/CSS3, and REST API integration. (Job Posting Ref 42)"
PAIR_0515,RES_WEB_0206,JOB_WEB_0043,LOW,"""LOW match: Major deficit in role scope and specific technical stack. The job requires a Full Stack Developer with Node.js, MongoDB, and TypeScript, whereas the candidate is an entry-level Junior Web Developer with only basic React knowledge, completely lacking the required backend, database, and TypeScript expertise.""","Junior Web Developer with strong foundation in JavaScript, HTML5, CSS3, and basic React. Built portfolio projects including blogging platform. (Candidate Ref 206)","Full Stack JavaScript Developer needed. Requirements: Node.js, React, MongoDB, and TypeScript. (Job Posting Ref 43)"
PAIR_0516,RES_WEB_0207,JOB_WEB_0028,HIGH,"""HIGH match: Candidate shows strong overall suitability. They perfectly fit the 2+ years experience requirement and possess all requested core frontend technical skills including React.js, JavaScript, HTML5, and CSS3.""","Frontend React Developer with 2 years experience building responsive web apps with React.js, Redux, JavaScript, HTML5, CSS3, and Tailwind CSS. (Candidate Ref 207)","Seeking React Frontend Developer with 2+ years experience in React.js, JavaScript (ES6+), HTML5/CSS3, and REST API integration. (Job Posting Ref 28)"
PAIR_0517,RES_WEB_0207,JOB_WEB_0029,LOW,"""LOW match: Major deficit in role scope and specific technical stack. The job requires a Full Stack Developer with Node.js, MongoDB, and TypeScript, whereas the candidate is a frontend-focused React Developer completely lacking the required backend, database, and TypeScript expertise.""","Frontend React Developer with 2 years experience building responsive web apps with React.js, Redux, JavaScript, HTML5, CSS3, and Tailwind CSS. (Candidate Ref 207)","Full Stack JavaScript Developer needed. Requirements: Node.js, React, MongoDB, and TypeScript. (Job Posting Ref 29)"
PAIR_0518,RES_WEB_0207,JOB_DEV_0091,LOW,"""LOW match: Complete mismatch in role, domain, and technology stack. The job requires a Cloud Security & DevOps Specialist with Azure, Docker, Kubernetes, and Linux automation expertise, whereas the candidate is a Frontend React Developer focused on web applications. The candidate entirely lacks the required cloud, security, containerization, and infrastructure automation skills.""","Frontend React Developer with 2 years experience building responsive web apps with React.js, Redux, JavaScript, HTML5, CSS3, and Tailwind CSS. (Candidate Ref 207)","Cloud Security & DevOps Specialist required. Mandatory skills: Azure, Docker, Kubernetes, and Linux automation. (Job Posting Ref 91)"
PAIR_0519,RES_WEB_0208,JOB_WEB_0039,HIGH,"""HIGH match: Candidate shows perfect alignment with the required technical stack. They possess all requested core technologies including Node.js, React, MongoDB, and TypeScript for the Full Stack Developer role.""","Full Stack Web Developer proficient in Node.js, Express.js, React, MongoDB, and TypeScript. Experience integrating REST APIs and modern UI/UX. (Candidate Ref 208)","Full Stack JavaScript Developer needed. Requirements: Node.js, React, MongoDB, and TypeScript. (Job Posting Ref 39)"
PAIR_0520,RES_WEB_0208,JOB_WEB_0040,MEDIUM,"""MEDIUM match: Meaningful alignment with React and REST API integration, but noticeable gaps exist. The candidate lacks explicit mention of exactly required skills like JavaScript (ES6+) and HTML5/CSS3, and the specific years of experience are not stated.""","Full Stack Web Developer proficient in Node.js, Express.js, React, MongoDB, and TypeScript. Experience integrating REST APIs and modern UI/UX. (Candidate Ref 208)","Seeking React Frontend Developer with 2+ years experience in React.js, JavaScript (ES6+), HTML5/CSS3, and REST API integration. (Job Posting Ref 40)"
PAIR_0521,RES_WEB_0209,JOB_WEB_0035,LOW,"""LOW match: Major deficit in role scope and specific technical stack. The job requires a Full Stack Developer with Node.js, React, MongoDB, and TypeScript, whereas the candidate is a frontend-focused Web UI Engineer specializing in Vue.js, completely lacking the required backend, database, TypeScript, and React expertise.""","Web UI Engineer skilled in HTML, CSS, JavaScript, Vue.js, Bootstrap, and Git. Focused on accessibility and cross-browser performance. (Candidate Ref 209)","Full Stack JavaScript Developer needed. Requirements: Node.js, React, MongoDB, and TypeScript. (Job Posting Ref 35)"
PAIR_0522,RES_WEB_0209,JOB_WEB_0036,LOW,"""LOW match: Major deficit in core required framework and experience level. The job specifically requires a React Frontend Developer with 2+ years of experience, whereas the candidate specializes in Vue.js and completely lacks the requested React.js expertise and clear experience details.""","Web UI Engineer skilled in HTML, CSS, JavaScript, Vue.js, Bootstrap, and Git. Focused on accessibility and cross-browser performance. (Candidate Ref 209)","Seeking React Frontend Developer with 2+ years experience in React.js, JavaScript (ES6+), HTML5/CSS3, and REST API integration. (Job Posting Ref 36)"
PAIR_0523,RES_WEB_0209,JOB_DEV_0100,LOW,"""LOW match: Complete mismatch in role, domain, and technology stack. The job requires a DevOps Engineer with AWS, Docker, Kubernetes, CI/CD, and Terraform expertise, whereas the candidate is a Web UI Engineer focused on frontend web development. The candidate entirely lacks the required cloud infrastructure, containerization, and automation skills.""","Web UI Engineer skilled in HTML, CSS, JavaScript, Vue.js, Bootstrap, and Git. Focused on accessibility and cross-browser performance. (Candidate Ref 209)","Looking for DevOps Engineer with experience in AWS, Docker, Kubernetes, CI/CD pipelines, and Terraform. (Job Posting Ref 100)"
PAIR_0526,RES_WEB_0211,JOB_WEB_0045,LOW,"""LOW match: Major deficit in role scope and specific technical stack. The job requires a Full Stack Developer with Node.js, MongoDB, and TypeScript, whereas the candidate is a frontend-focused React Developer completely lacking the required backend, database, and TypeScript expertise.""","Frontend React Developer with 2 years experience building responsive web apps with React.js, Redux, JavaScript, HTML5, CSS3, and Tailwind CSS. (Candidate Ref 211)","Full Stack JavaScript Developer needed. Requirements: Node.js, React, MongoDB, and TypeScript. (Job Posting Ref 45)"
PAIR_0527,RES_WEB_0211,JOB_WEB_0046,HIGH,"""HIGH match: Candidate shows strong overall suitability. They perfectly fit the 2+ years experience requirement and possess all requested core frontend technical skills including React.js, JavaScript, HTML5, and CSS3.""","Frontend React Developer with 2 years experience building responsive web apps with React.js, Redux, JavaScript, HTML5, CSS3, and Tailwind CSS. (Candidate Ref 211)","Seeking React Frontend Developer with 2+ years experience in React.js, JavaScript (ES6+), HTML5/CSS3, and REST API integration. (Job Posting Ref 46)"
PAIR_0528,RES_WEB_0211,JOB_DEV_0081,LOW,"""LOW match: Complete mismatch in role, domain, and technology stack. The job requires a Cloud Security & DevOps Specialist with Azure, Docker, Kubernetes, and Linux automation expertise, whereas the candidate is a Frontend React Developer focused on web applications. The candidate entirely lacks the required cloud, security, containerization, and infrastructure automation skills.""","Frontend React Developer with 2 years experience building responsive web apps with React.js, Redux, JavaScript, HTML5, CSS3, and Tailwind CSS. (Candidate Ref 211)","Cloud Security & DevOps Specialist required. Mandatory skills: Azure, Docker, Kubernetes, and Linux automation. (Job Posting Ref 81)"
PAIR_0531,RES_WEB_0213,JOB_WEB_0031,LOW,"""LOW match: Major deficit in role scope and specific technical stack. The job requires a Full Stack Developer with Node.js, React, MongoDB, and TypeScript, whereas the candidate is a frontend-focused Web UI Engineer specializing in Vue.js, completely lacking the required backend, database, TypeScript, and React expertise.""","Web UI Engineer skilled in HTML, CSS, JavaScript, Vue.js, Bootstrap, and Git. Focused on accessibility and cross-browser performance. (Candidate Ref 213)","Full Stack JavaScript Developer needed. Requirements: Node.js, React, MongoDB, and TypeScript. (Job Posting Ref 31)"
PAIR_0532,RES_WEB_0213,JOB_WEB_0032,LOW,"""LOW match: Major deficit in core required framework and experience level. The job specifically requires a React Frontend Developer with 2+ years of experience, whereas the candidate specializes in Vue.js and completely lacks the requested React.js expertise and clear experience details.""","Web UI Engineer skilled in HTML, CSS, JavaScript, Vue.js, Bootstrap, and Git. Focused on accessibility and cross-browser performance. (Candidate Ref 213)","Seeking React Frontend Developer with 2+ years experience in React.js, JavaScript (ES6+), HTML5/CSS3, and REST API integration. (Job Posting Ref 32)"
PAIR_0533,RES_WEB_0213,JOB_SOF_0001,LOW,"""LOW match: Complete mismatch in role and technology stack. The job requires a Backend Java Developer with Java, Spring Boot, and MySQL experience, whereas the candidate is a Web UI Engineer focused entirely on frontend development (Vue.js, HTML/CSS). The candidate completely lacks the required backend programming and database expertise.""","Web UI Engineer skilled in HTML, CSS, JavaScript, Vue.js, Bootstrap, and Git. Focused on accessibility and cross-browser performance. (Candidate Ref 213)","Looking for Backend Java Developer with 2-4 years experience in Java, Spring Boot, REST APIs, and MySQL. (Job Posting Ref 1)"
PAIR_0534,RES_WEB_0214,JOB_WEB_0038,LOW,"""LOW match: Major deficit in required experience level and framework depth. The job requires 2+ years of professional experience and strong React.js skills with REST API integration, whereas the candidate is an entry-level Junior Developer with only basic React knowledge and portfolio-level experience.""","Junior Web Developer with strong foundation in JavaScript, HTML5, CSS3, and basic React. Built portfolio projects including blogging platform. (Candidate Ref 214)","Seeking React Frontend Developer with 2+ years experience in React.js, JavaScript (ES6+), HTML5/CSS3, and REST API integration. (Job Posting Ref 38)"
PAIR_0535,RES_WEB_0214,JOB_WEB_0039,LOW,"""LOW match: Major deficit in role scope and specific technical stack. The job requires a Full Stack Developer with Node.js, MongoDB, and TypeScript, whereas the candidate is an entry-level Junior Web Developer with only basic React knowledge, completely lacking the required backend, database, and TypeScript expertise.""","Junior Web Developer with strong foundation in JavaScript, HTML5, CSS3, and basic React. Built portfolio projects including blogging platform. (Candidate Ref 214)","Full Stack JavaScript Developer needed. Requirements: Node.js, React, MongoDB, and TypeScript. (Job Posting Ref 39)"
PAIR_0539,RES_WEB_0216,JOB_WEB_0035,HIGH,"""HIGH match: Candidate shows perfect alignment with the required technical stack. They possess all requested core technologies including Node.js, React, MongoDB, and TypeScript for the Full Stack Developer role.""","Full Stack Web Developer proficient in Node.js, Express.js, React, MongoDB, and TypeScript. Experience integrating REST APIs and modern UI/UX. (Candidate Ref 216)","Full Stack JavaScript Developer needed. Requirements: Node.js, React, MongoDB, and TypeScript. (Job Posting Ref 35)"
PAIR_0540,RES_WEB_0216,JOB_WEB_0036,MEDIUM,"""MEDIUM match: Meaningful alignment with React and REST API integration, but noticeable gaps exist. The candidate lacks explicit mention of exactly required skills like JavaScript (ES6+) and HTML5/CSS3, and the specific years of experience are not stated.""","Full Stack Web Developer proficient in Node.js, Express.js, React, MongoDB, and TypeScript. Experience integrating REST APIs and modern UI/UX. (Candidate Ref 216)","Seeking React Frontend Developer with 2+ years experience in React.js, JavaScript (ES6+), HTML5/CSS3, and REST API integration. (Job Posting Ref 36)"
PAIR_0541,RES_WEB_0217,JOB_WEB_0039,LOW,"""LOW match: Major deficit in role scope and specific technical stack. The job requires a Full Stack Developer with Node.js, React, MongoDB, and TypeScript, whereas the candidate is a frontend-focused Web UI Engineer specializing in Vue.js, completely lacking the required backend, database, TypeScript, and React expertise.""","Web UI Engineer skilled in HTML, CSS, JavaScript, Vue.js, Bootstrap, and Git. Focused on accessibility and cross-browser performance. (Candidate Ref 217)","Full Stack JavaScript Developer needed. Requirements: Node.js, React, MongoDB, and TypeScript. (Job Posting Ref 39)"
PAIR_0542,RES_WEB_0217,JOB_WEB_0040,LOW,"""LOW match: Major deficit in core required framework and experience level. The job specifically requires a React Frontend Developer with 2+ years of experience, whereas the candidate specializes in Vue.js and completely lacks the requested React.js expertise and clear experience details.""","Web UI Engineer skilled in HTML, CSS, JavaScript, Vue.js, Bootstrap, and Git. Focused on accessibility and cross-browser performance. (Candidate Ref 217)","Seeking React Frontend Developer with 2+ years experience in React.js, JavaScript (ES6+), HTML5/CSS3, and REST API integration. (Job Posting Ref 40)"
PAIR_0543,RES_WEB_0217,JOB_SOF_0019,LOW,"""LOW match: Complete mismatch in role and technology stack. The job requires a Backend Java Developer with Java, Spring Boot, and MySQL experience, whereas the candidate is a Web UI Engineer focused entirely on frontend development (Vue.js, HTML/CSS). The candidate completely lacks the required backend programming and database expertise.""","Web UI Engineer skilled in HTML, CSS, JavaScript, Vue.js, Bootstrap, and Git. Focused on accessibility and cross-browser performance. (Candidate Ref 217)","Looking for Backend Java Developer with 2-4 years experience in Java, Spring Boot, REST APIs, and MySQL. (Job Posting Ref 19)"
PAIR_0546,RES_WEB_0219,JOB_WEB_0032,HIGH,"""HIGH match: Candidate shows strong overall suitability. They perfectly fit the 2+ years experience requirement and possess all requested core frontend technical skills including React.js, JavaScript, HTML5, and CSS3.""","Frontend React Developer with 2 years experience building responsive web apps with React.js, Redux, JavaScript, HTML5, CSS3, and Tailwind CSS. (Candidate Ref 219)","Seeking React Frontend Developer with 2+ years experience in React.js, JavaScript (ES6+), HTML5/CSS3, and REST API integration. (Job Posting Ref 32)"
PAIR_0547,RES_WEB_0219,JOB_WEB_0033,LOW,"""LOW match: Major deficit in role scope and specific technical stack. The job requires a Full Stack Developer with Node.js, MongoDB, and TypeScript, whereas the candidate is a frontend-focused React Developer completely lacking the required backend, database, and TypeScript expertise.""","Frontend React Developer with 2 years experience building responsive web apps with React.js, Redux, JavaScript, HTML5, CSS3, and Tailwind CSS. (Candidate Ref 219)","Full Stack JavaScript Developer needed. Requirements: Node.js, React, MongoDB, and TypeScript. (Job Posting Ref 33)"
PAIR_0548,RES_WEB_0219,JOB_QA _0112,LOW,"""LOW match: Complete mismatch in role, domain, seniority, and technology stack. The job requires a Senior QA Lead with Selenium and Python automation expertise, whereas the candidate is a junior-to-mid level Frontend React Developer entirely lacking the required testing frameworks and QA experience.""","Frontend React Developer with 2 years experience building responsive web apps with React.js, Redux, JavaScript, HTML5, CSS3, and Tailwind CSS. (Candidate Ref 219)","Senior Software Quality Assurance Lead requiring Selenium, Python automation, Postman API testing, and Jira defect tracking. (Job Posting Ref 112)"
PAIR_0549,RES_WEB_0220,JOB_WEB_0028,MEDIUM,"""MEDIUM match: Meaningful alignment with React and REST API integration, but noticeable gaps exist. The candidate lacks explicit mention of exactly required skills like JavaScript (ES6+) and HTML5/CSS3, and the specific years of experience are not stated.""","Full Stack Web Developer proficient in Node.js, Express.js, React, MongoDB, and TypeScript. Experience integrating REST APIs and modern UI/UX. (Candidate Ref 220)","Seeking React Frontend Developer with 2+ years experience in React.js, JavaScript (ES6+), HTML5/CSS3, and REST API integration. (Job Posting Ref 28)"
PAIR_0550,RES_WEB_0220,JOB_WEB_0029,HIGH,"""HIGH match: Candidate shows perfect alignment with the required technical stack. They possess all requested core technologies including Node.js, React, MongoDB, and TypeScript for the Full Stack Developer role.""","Full Stack Web Developer proficient in Node.js, Express.js, React, MongoDB, and TypeScript. Experience integrating REST APIs and modern UI/UX. (Candidate Ref 220)","Full Stack JavaScript Developer needed. Requirements: Node.js, React, MongoDB, and TypeScript. (Job Posting Ref 29)"
PAIR_0554,RES_WEB_0222,JOB_WEB_0042,LOW,"""LOW match: Major deficit in required experience level and framework depth. The job requires 2+ years of professional experience and strong React.js skills with REST API integration, whereas the candidate is an entry-level Junior Developer with only basic React knowledge and portfolio-level experience.""","Junior Web Developer with strong foundation in JavaScript, HTML5, CSS3, and basic React. Built portfolio projects including blogging platform. (Candidate Ref 222)","Seeking React Frontend Developer with 2+ years experience in React.js, JavaScript (ES6+), HTML5/CSS3, and REST API integration. (Job Posting Ref 42)"
PAIR_0555,RES_WEB_0222,JOB_WEB_0043,LOW,"""LOW match: Major deficit in role scope and specific technical stack. The job requires a Full Stack Developer with Node.js, MongoDB, and TypeScript, whereas the candidate is an entry-level Junior Web Developer with only basic React knowledge, completely lacking the required backend, database, and TypeScript expertise.""","Junior Web Developer with strong foundation in JavaScript, HTML5, CSS3, and basic React. Built portfolio projects including blogging platform. (Candidate Ref 222)","Full Stack JavaScript Developer needed. Requirements: Node.js, React, MongoDB, and TypeScript. (Job Posting Ref 43)"
PAIR_0556,RES_WEB_0223,JOB_WEB_0038,HIGH,"""HIGH match: Candidate shows strong overall suitability. They perfectly fit the 2+ years experience requirement and possess all requested core frontend technical skills including React.js, JavaScript, HTML5, and CSS3.""","Frontend React Developer with 2 years experience building responsive web apps with React.js, Redux, JavaScript, HTML5, CSS3, and Tailwind CSS. (Candidate Ref 223)","Seeking React Frontend Developer with 2+ years experience in React.js, JavaScript (ES6+), HTML5/CSS3, and REST API integration. (Job Posting Ref 38)"
PAIR_0557,RES_WEB_0223,JOB_WEB_0039,LOW,"""LOW match: Major deficit in role scope and specific technical stack. The job requires a Full Stack Developer with Node.js, MongoDB, and TypeScript, whereas the candidate is a frontend-focused React Developer completely lacking the required backend, database, and TypeScript expertise.""","Frontend React Developer with 2 years experience building responsive web apps with React.js, Redux, JavaScript, HTML5, CSS3, and Tailwind CSS. (Candidate Ref 223)","Full Stack JavaScript Developer needed. Requirements: Node.js, React, MongoDB, and TypeScript. (Job Posting Ref 39)"
PAIR_0558,RES_WEB_0223,JOB_DAT_0062,LOW,"""LOW match: Complete mismatch in role, domain, and technology stack. The job requires a Machine Learning Engineer with Python, PyTorch, and ML model training expertise, whereas the candidate is a Frontend React Developer entirely lacking data science and machine learning skills.""","Frontend React Developer with 2 years experience building responsive web apps with React.js, Redux, JavaScript, HTML5, CSS3, and Tailwind CSS. (Candidate Ref 223)","Machine Learning Engineer position requiring Python, Scikit-Learn, PyTorch, and ML model training experience. (Job Posting Ref 62)"
PAIR_0561,RES_WEB_0225,JOB_WEB_0033,LOW,"""LOW match: Major deficit in role scope and specific technical stack. The job requires a Full Stack Developer with Node.js, React, MongoDB, and TypeScript, whereas the candidate is a frontend-focused Web UI Engineer specializing in Vue.js, completely lacking the required backend, database, TypeScript, and React expertise.""","Web UI Engineer skilled in HTML, CSS, JavaScript, Vue.js, Bootstrap, and Git. Focused on accessibility and cross-browser performance. (Candidate Ref 225)","Full Stack JavaScript Developer needed. Requirements: Node.js, React, MongoDB, and TypeScript. (Job Posting Ref 33)"
PAIR_0562,RES_WEB_0225,JOB_WEB_0034,LOW,"""LOW match: Major deficit in core required framework and experience level. The job specifically requires a React Frontend Developer with 2+ years of experience, whereas the candidate specializes in Vue.js and completely lacks the requested React.js expertise and clear experience details.""","Web UI Engineer skilled in HTML, CSS, JavaScript, Vue.js, Bootstrap, and Git. Focused on accessibility and cross-browser performance. (Candidate Ref 225)","Seeking React Frontend Developer with 2+ years experience in React.js, JavaScript (ES6+), HTML5/CSS3, and REST API integration. (Job Posting Ref 34)"
PAIR_0563,RES_WEB_0225,JOB_DEV_0079,LOW,"""LOW match: Complete mismatch in role, domain, and technology stack. The job requires a Cloud Security and DevOps Specialist with Azure, Docker, Kubernetes, and Linux automation expertise, whereas the candidate is a Web UI Engineer specialized in frontend web development, entirely lacking cloud infrastructure and DevOps skills.""","Web UI Engineer skilled in HTML, CSS, JavaScript, Vue.js, Bootstrap, and Git. Focused on accessibility and cross-browser performance. (Candidate Ref 225)","Cloud Security & DevOps Specialist required. Mandatory skills: Azure, Docker, Kubernetes, and Linux automation. (Job Posting Ref 79)"
PAIR_0569,RES_WEB_0228,JOB_WEB_0045,HIGH,"""HIGH match: Candidate shows perfect alignment with the required technical stack. They possess all requested core technologies including Node.js, React, MongoDB, and TypeScript for the Full Stack Developer role.""","Full Stack Web Developer proficient in Node.js, Express.js, React, MongoDB, and TypeScript. Experience integrating REST APIs and modern UI/UX. (Candidate Ref 228)","Full Stack JavaScript Developer needed. Requirements: Node.js, React, MongoDB, and TypeScript. (Job Posting Ref 45)"
PAIR_0570,RES_WEB_0228,JOB_WEB_0046,MEDIUM,"""MEDIUM match: Meaningful alignment with React and REST API integration, but noticeable gaps exist. The candidate lacks explicit mention of exactly required skills like JavaScript (ES6+) and HTML5/CSS3, and the specific years of experience are not stated.""","Full Stack Web Developer proficient in Node.js, Express.js, React, MongoDB, and TypeScript. Experience integrating REST APIs and modern UI/UX. (Candidate Ref 228)","Seeking React Frontend Developer with 2+ years experience in React.js, JavaScript (ES6+), HTML5/CSS3, and REST API integration. (Job Posting Ref 46)"
PAIR_0571,RES_WEB_0229,JOB_WEB_0033,LOW,"""LOW match: Major deficit in role scope and specific technical stack. The job requires a Full Stack Developer with Node.js, React, MongoDB, and TypeScript, whereas the candidate is a frontend-focused Web UI Engineer specializing in Vue.js, completely lacking the required backend, database, TypeScript, and React expertise.""","Web UI Engineer skilled in HTML, CSS, JavaScript, Vue.js, Bootstrap, and Git. Focused on accessibility and cross-browser performance. (Candidate Ref 229)","Full Stack JavaScript Developer needed. Requirements: Node.js, React, MongoDB, and TypeScript. (Job Posting Ref 33)"
PAIR_0572,RES_WEB_0229,JOB_WEB_0034,LOW,"""LOW match: Major deficit in core required framework and experience level. The job specifically requires a React Frontend Developer with 2+ years of experience, whereas the candidate specializes in Vue.js and","Web UI Engineer skilled in HTML, CSS, JavaScript, Vue.js, Bootstrap, and Git. Focused on accessibility and cross-browser performance. (Candidate Ref 229)","Seeking React Frontend Developer with 2+ years experience in React.js, JavaScript (ES6+), HTML5/CSS3, and REST API integration. (Job Posting Ref 34)"
PAIR_0573,RES_WEB_0229,JOB_DEV_0082,LOW,"""LOW match: Complete mismatch in role, domain, and technology stack. The job requires a DevOps Engineer with AWS, Docker, Kubernetes, CI/CD pipelines, and Terraform expertise, whereas the candidate is a Web UI Engineer specialized in frontend web development, entirely lacking cloud and DevOps infrastructure skills.""","Web UI Engineer skilled in HTML, CSS, JavaScript, Vue.js, Bootstrap, and Git. Focused on accessibility and cross-browser performance. (Candidate Ref 229)","Looking for DevOps Engineer with experience in AWS, Docker, Kubernetes, CI/CD pipelines, and Terraform. (Job Posting Ref 82)"
PAIR_0579,RES_WEB_0232,JOB_WEB_0039,HIGH,"""HIGH match: Candidate shows perfect alignment with the required technical stack. They possess all requested core technologies including Node.js, React, MongoDB, and TypeScript for the Full Stack Developer role.""","Full Stack Web Developer proficient in Node.js, Express.js, React, MongoDB, and TypeScript. Experience integrating REST APIs and modern UI/UX. (Candidate Ref 232)","Full Stack JavaScript Developer needed. Requirements: Node.js, React, MongoDB, and TypeScript. (Job Posting Ref 39)"
PAIR_0580,RES_WEB_0232,JOB_WEB_0040,MEDIUM,"""MEDIUM match: Meaningful alignment with React and REST API integration, but noticeable gaps exist. The candidate lacks explicit mention of exactly required skills like JavaScript (ES6+) and HTML5/CSS3, and the specific years of experience are not stated.""","Full Stack Web Developer proficient in Node.js, Express.js, React, MongoDB, and TypeScript. Experience integrating REST APIs and modern UI/UX. (Candidate Ref 232)","Seeking React Frontend Developer with 2+ years experience in React.js, JavaScript (ES6+), HTML5/CSS3, and REST API integration. (Job Posting Ref 40)"
PAIR_0581,RES_WEB_0233,JOB_WEB_0035,LOW,"""LOW match: Major deficit in role scope and specific technical stack. The job requires a Full Stack Developer with Node.js, React, MongoDB, and TypeScript, whereas the candidate is a frontend-focused Web UI Engineer specializing in Vue.js, completely lacking the required backend, database, TypeScript, and React expertise.""","Web UI Engineer skilled in HTML, CSS, JavaScript, Vue.js, Bootstrap, and Git. Focused on accessibility and cross-browser performance. (Candidate Ref 233)","Full Stack JavaScript Developer needed. Requirements: Node.js, React, MongoDB, and TypeScript. (Job Posting Ref 35)"
PAIR_0582,RES_WEB_0233,JOB_WEB_0036,LOW,"""LOW match: Major deficit in core required framework and experience level. The job specifically requires a React Frontend Developer with 2+ years of experience, whereas the candidate specializes in Vue.js and completely lacks the requested React.js expertise and clear experience details.""","Web UI Engineer skilled in HTML, CSS, JavaScript, Vue.js, Bootstrap, and Git. Focused on accessibility and cross-browser performance. (Candidate Ref 233)","Seeking React Frontend Developer with 2+ years experience in React.js, JavaScript (ES6+), HTML5/CSS3, and REST API integration. (Job Posting Ref 36)"
PAIR_0583,RES_WEB_0233,JOB_SOF_0019,LOW,"""LOW match: Complete mismatch in role, domain, and technology stack. The job requires a Backend Java Developer with 2-4 years of experience in Java, Spring Boot, and MySQL, whereas the candidate is a Web UI Engineer specialized in frontend web development, entirely lacking backend Java and database expertise.""","Web UI Engineer skilled in HTML, CSS, JavaScript, Vue.js, Bootstrap, and Git. Focused on accessibility and cross-browser performance. (Candidate Ref 233)","Looking for Backend Java Developer with 2-4 years experience in Java, Spring Boot, REST APIs, and MySQL. (Job Posting Ref 19)"
PAIR_0584,RES_WEB_0234,JOB_WEB_0050,LOW,"""LOW match: Major deficit in required experience level and framework depth. The job requires 2+ years of professional experience and strong React.js skills with REST API integration, whereas the candidate is an entry-level Junior Developer with only basic React knowledge and portfolio-level experience.""","Junior Web Developer with strong foundation in JavaScript, HTML5, CSS3, and basic React. Built portfolio projects including blogging platform. (Candidate Ref 234)","Seeking React Frontend Developer with 2+ years experience in React.js, JavaScript (ES6+), HTML5/CSS3, and REST API integration. (Job Posting Ref 50)"
PAIR_0585,RES_WEB_0234,JOB_WEB_0026,LOW,"""LOW match: Major deficit in required experience level and framework depth. The job requires 2+ years of professional experience and strong React.js skills with REST API integration, whereas the candidate is an entry-level Junior Developer with only basic React knowledge and portfolio-level experience.""","Junior Web Developer with strong foundation in JavaScript, HTML5, CSS3, and basic React. Built portfolio projects including blogging platform. (Candidate Ref 234)","Seeking React Frontend Developer with 2+ years experience in React.js, JavaScript (ES6+), HTML5/CSS3, and REST API integration. (Job Posting Ref 26)"
PAIR_0586,RES_WEB_0235,JOB_WEB_0033,LOW,"""LOW match: Major deficit in role scope and specific technical stack. The job requires a Full Stack Developer with Node.js, MongoDB, and TypeScript, whereas the candidate is a frontend-focused React Developer completely lacking the required backend, database, and TypeScript expertise.""","Frontend React Developer with 2 years experience building responsive web apps with React.js, Redux, JavaScript, HTML5, CSS3, and Tailwind CSS. (Candidate Ref 235)","Full Stack JavaScript Developer needed. Requirements: Node.js, React, MongoDB, and TypeScript. (Job Posting Ref 33)"
PAIR_0587,RES_WEB_0235,JOB_WEB_0034,HIGH,"""HIGH match: Candidate shows strong overall suitability. They perfectly fit the 2+ years experience requirement and possess all requested core frontend technical skills including React.js, JavaScript, HTML5, and CSS3.""","Frontend React Developer with 2 years experience building responsive web apps with React.js, Redux, JavaScript, HTML5, CSS3, and Tailwind CSS. (Candidate Ref 235)","Seeking React Frontend Developer with 2+ years experience in React.js, JavaScript (ES6+), HTML5/CSS3, and REST API integration. (Job Posting Ref 34)"
PAIR_0588,RES_WEB_0235,JOB_DAT_0067,LOW,"""LOW match: Complete mismatch in role, domain, and technology stack. The job requires a Data Analyst with SQL, Python, and Tableau data visualization expertise, whereas the candidate is a Frontend React Developer entirely lacking data analysis and database querying skills.""","Frontend React Developer with 2 years experience building responsive web apps with React.js, Redux, JavaScript, HTML5, CSS3, and Tailwind CSS. (Candidate Ref 235)","Hiring Data Analyst with strong SQL, Python (Pandas/NumPy), and Tableau data visualization skills. (Job Posting Ref 67)"
PAIR_0589,RES_WEB_0236,JOB_WEB_0032,MEDIUM,"""MEDIUM match: Meaningful alignment with React and REST API integration, but noticeable gaps exist. The candidate lacks explicit mention of exactly required skills like JavaScript (ES6+) and HTML5/CSS3, and the specific years of experience are not stated.""","Full Stack Web Developer proficient in Node.js, Express.js, React, MongoDB, and TypeScript. Experience integrating REST APIs and modern UI/UX. (Candidate Ref 236)","Seeking React Frontend Developer with 2+ years experience in React.js, JavaScript (ES6+), HTML5/CSS3, and REST API integration. (Job Posting Ref 32)"
PAIR_0590,RES_WEB_0236,JOB_WEB_0033,HIGH,"""HIGH match: Candidate shows perfect alignment with the required technical stack. They possess all requested core technologies including Node.js, React, MongoDB, and TypeScript for the Full Stack Developer role.""","Full Stack Web Developer proficient in Node.js, Express.js, React, MongoDB, and TypeScript. Experience integrating REST APIs and modern UI/UX. (Candidate Ref 236)","Full Stack JavaScript Developer needed. Requirements: Node.js, React, MongoDB, and TypeScript. (Job Posting Ref 33)"
PAIR_0591,RES_DAT_0237,JOB_DAT_0061,HIGH,"""HIGH match: Candidate shows perfect alignment with the required data analysis role. They possess all requested core technical skills including SQL, Python (Pandas/NumPy), and Tableau, backed by 2 years of relevant professional experience.""","Data Analyst with expertise in SQL, Python, Pandas, NumPy, Tableau, and Excel. 2 years experience conducting exploratory data analysis and ETL pipelines. (Candidate Ref 237)","Hiring Data Analyst with strong SQL, Python (Pandas/NumPy), and Tableau data visualization skills. (Job Posting Ref 61)"
PAIR_0592,RES_DAT_0237,JOB_DAT_0062,LOW,"""LOW match: Major deficit in specialized machine learning technical stack. The job requires a Machine Learning Engineer with Scikit-Learn, PyTorch, and ML model training expertise, whereas the candidate is a Data Analyst focused on data visualization, SQL, and exploratory analysis, lacking advanced ML engineering skills.""","Data Analyst with expertise in SQL, Python, Pandas, NumPy, Tableau, and Excel. 2 years experience conducting exploratory data analysis and ETL pipelines. (Candidate Ref 237)","Machine Learning Engineer position requiring Python, Scikit-Learn, PyTorch, and ML model training experience. (Job Posting Ref 62)"
PAIR_0593,RES_DAT_0237,JOB_WEB_0030,LOW,"""LOW match: Complete mismatch in role, domain, and technology stack. The job requires a React Frontend Developer with React.js, HTML5/CSS3, and JavaScript expertise, whereas the candidate is a Data Analyst specialized in SQL, Pandas, NumPy, and Tableau, entirely lacking frontend web development skills.""","Data Analyst with expertise in SQL, Python, Pandas, NumPy, Tableau, and Excel. 2 years experience conducting exploratory data analysis and ETL pipelines. (Candidate Ref 237)","Seeking React Frontend Developer with 2+ years experience in React.js, JavaScript (ES6+), HTML5/CSS3, and REST API integration. (Job Posting Ref 30)"
PAIR_0594,RES_DAT_0238,JOB_DAT_0057,MEDIUM,"""MEDIUM match: Meaningful overlap in foundational technical skills like Python and SQL, but noticeable gaps exist. The job specifically requires Tableau data visualization and Pandas/NumPy expertise, whereas the candidate is specialized in advanced Machine Learning modeling and deployment with TensorFlow and PyTorch.""","Machine Learning Engineer skilled in Python, Scikit-Learn, TensorFlow, PyTorch, SQL, and ML model deployment. M.Sc in Data Science. (Candidate Ref 238)","Hiring Data Analyst with strong SQL, Python (Pandas/NumPy), and Tableau data visualization skills. (Job Posting Ref 57)"
PAIR_0595,RES_DAT_0238,JOB_DAT_0058,HIGH,"""HIGH match: Candidate shows perfect alignment with the required Machine Learning Engineer role. They possess all requested core technical skills including Python, Scikit-Learn, PyTorch, and ML model deployment/training expertise, backed by an M.Sc in Data Science.""","Machine Learning Engineer skilled in Python, Scikit-Learn, TensorFlow, PyTorch, SQL, and ML model deployment. M.Sc in Data Science. (Candidate Ref 238)","Machine Learning Engineer position requiring Python, Scikit-Learn, PyTorch, and ML model training experience. (Job Posting Ref 58)"
PAIR_0596,RES_DAT_0239,JOB_DAT_0063,MEDIUM,"""MEDIUM match: Meaningful overlap in foundational programming with Python, but notable gaps exist. The job specifically requires SQL and Tableau data visualization expertise, whereas the candidate is a Data Scientist skilled in PowerBI, R, and advanced statistical modeling without explicitly mentioning SQL or Tableau.""","Data Scientist proficient in Python, R, Statistical Modeling, NLP, Scikit-Learn, and PowerBI. Experience in predictive modeling. (Candidate Ref 239)","Hiring Data Analyst with strong SQL, Python (Pandas/NumPy), and Tableau data visualization skills. (Job Posting Ref 63)"
PAIR_0597,RES_DAT_0239,JOB_DAT_0064,MEDIUM,"""MEDIUM match: Meaningful alignment in core Python and Scikit-Learn skills required for ML work, but noticeable gaps exist. The job specifically requires PyTorch and dedicated ML model training experience, whereas the candidate is a Data Scientist specialized in statistical modeling, NLP, and PowerBI without mentioning PyTorch.""","Data Scientist proficient in Python, R, Statistical Modeling, NLP, Scikit-Learn, and PowerBI. Experience in predictive modeling. (Candidate Ref 239)","Machine Learning Engineer position requiring Python, Scikit-Learn, PyTorch, and ML model training experience. (Job Posting Ref 64)"
PAIR_0598,RES_DAT_0239,JOB_SOF_0008,LOW,"""LOW match: Complete mismatch in role, domain, and technology stack. The job requires a Senior Java Microservices Architect with 5+ years of experience in Java 17, Spring Cloud, AWS, and Docker, whereas the candidate is a Data Scientist specializing in Python, R, statistical modeling, and NLP, entirely lacking Java and cloud architecture skills.""","Data Scientist proficient in Python, R, Statistical Modeling, NLP, Scikit-Learn, and PowerBI. Experience in predictive modeling. (Candidate Ref 239)","Senior Java Microservices Architect requiring 5+ years experience in Java 17, Spring Cloud, AWS, and Docker. (Job Posting Ref 8)"
PAIR_0604,RES_DAT_0242,JOB_DAT_0056,HIGH,"""HIGH match: Candidate shows perfect alignment with the required Machine Learning Engineer role. They possess all requested core technical skills including Python, Scikit-Learn, PyTorch, and ML model deployment/training expertise, backed by an M.Sc in Data Science.""","Machine Learning Engineer skilled in Python, Scikit-Learn, TensorFlow, PyTorch, SQL, and ML model deployment. M.Sc in Data Science. (Candidate Ref 242)","Machine Learning Engineer position requiring Python, Scikit-Learn, PyTorch, and ML model training experience. (Job Posting Ref 56)"
PAIR_0605,RES_DAT_0242,JOB_DAT_0057,MEDIUM,"""MEDIUM match: Meaningful overlap in foundational technical skills like Python and SQL, but noticeable gaps exist. The job specifically requires Tableau data visualization and Pandas/NumPy expertise, whereas the candidate is specialized in advanced Machine Learning modeling and deployment with TensorFlow and PyTorch.""","Machine Learning Engineer skilled in Python, Scikit-Learn, TensorFlow, PyTorch, SQL, and ML model deployment. M.Sc in Data Science. (Candidate Ref 242)","Hiring Data Analyst with strong SQL, Python (Pandas/NumPy), and Tableau data visualization skills. (Job Posting Ref 57)"
PAIR_0606,RES_DAT_0243,JOB_DAT_0053,MEDIUM,"""MEDIUM match: Meaningful overlap in foundational programming with Python, but notable gaps exist. The job specifically requires SQL and Tableau data visualization expertise, whereas the candidate is a Data Scientist skilled in PowerBI, R, and advanced statistical modeling without explicitly mentioning SQL or Tableau.""","Data Scientist proficient in Python, R, Statistical Modeling, NLP, Scikit-Learn, and PowerBI. Experience in predictive modeling. (Candidate Ref 243)","Hiring Data Analyst with strong SQL, Python (Pandas/NumPy), and Tableau data visualization skills. (Job Posting Ref 53)"
PAIR_0607,RES_DAT_0243,JOB_DAT_0054,MEDIUM,"""MEDIUM match: Meaningful alignment in core Python and Scikit-Learn skills required for ML work, but noticeable gaps exist. The job specifically requires PyTorch and dedicated ML model training experience, whereas the candidate is a Data Scientist specialized in statistical modeling, NLP, and PowerBI without mentioning PyTorch.""","Data Scientist proficient in Python, R, Statistical Modeling, NLP, Scikit-Learn, and PowerBI. Experience in predictive modeling. (Candidate Ref 243)","Machine Learning Engineer position requiring Python, Scikit-Learn, PyTorch, and ML model training experience. (Job Posting Ref 54)"
PAIR_0608,RES_DAT_0243,JOB_DEV_0082,LOW,"""LOW match: Complete mismatch in role, domain, and technology stack. The job requires a DevOps Engineer with AWS, Docker, Kubernetes, CI/CD, and Terraform expertise, whereas the candidate is a Data Scientist specializing in Python, statistical modeling, and NLP, entirely lacking cloud infrastructure and DevOps skills.""","Data Scientist proficient in Python, R, Statistical Modeling, NLP, Scikit-Learn, and PowerBI. Experience in predictive modeling. (Candidate Ref 243)","Looking for DevOps Engineer with experience in AWS, Docker, Kubernetes, CI/CD pipelines, and Terraform. (Job Posting Ref 82)"
PAIR_0611,RES_DAT_0245,JOB_DAT_0066,LOW,"""LOW match: Major deficit in specialized machine learning technical stack. The job requires a Machine Learning Engineer with Scikit-Learn, PyTorch, and ML model training expertise, whereas the candidate is a Data Analyst focused on data visualization, SQL, and exploratory analysis, lacking advanced ML engineering skills.""","Data Analyst with expertise in SQL, Python, Pandas, NumPy, Tableau, and Excel. 2 years experience conducting exploratory data analysis and ETL pipelines. (Candidate Ref 245)","Machine Learning Engineer position requiring Python, Scikit-Learn, PyTorch, and ML model training experience. (Job Posting Ref 66)"
PAIR_0612,RES_DAT_0245,JOB_DAT_0067,HIGH,"""HIGH match: Candidate shows perfect alignment with the required data analysis role. They possess all requested core technical skills including SQL, Python (Pandas/NumPy), and Tableau, backed by 2 years of relevant professional experience.""","Data Analyst with expertise in SQL, Python, Pandas, NumPy, Tableau, and Excel. 2 years experience conducting exploratory data analysis and ETL pipelines. (Candidate Ref 245)","Hiring Data Analyst with strong SQL, Python (Pandas/NumPy), and Tableau data visualization skills. (Job Posting Ref 67)"
PAIR_0613,RES_DAT_0245,JOB_WEB_0027,LOW,"""LOW match: Complete mismatch in role, domain, and technology stack. The job requires a Full Stack JavaScript Developer with Node.js, React, MongoDB, and TypeScript experience, whereas the candidate is a Data Analyst specialized in SQL, Python data analysis, and Tableau, entirely lacking JavaScript web development skills.""","Data Analyst with expertise in SQL, Python, Pandas, NumPy, Tableau, and Excel. 2 years experience conducting exploratory data analysis and ETL pipelines. (Candidate Ref 245)","Full Stack JavaScript Developer needed. Requirements: Node.js, React, MongoDB, and TypeScript. (Job Posting Ref 27)"
PAIR_0614,RES_DAT_0246,JOB_DAT_0072,HIGH,"""HIGH match: Candidate shows perfect alignment with the required Machine Learning Engineer role. They possess all requested core technical skills including Python, Scikit-Learn, PyTorch, and ML model deployment/training expertise, backed by an M.Sc in Data Science.""","Machine Learning Engineer skilled in Python, Scikit-Learn, TensorFlow, PyTorch, SQL, and ML model deployment. M.Sc in Data Science. (Candidate Ref 246)","Machine Learning Engineer position requiring Python, Scikit-Learn, PyTorch, and ML model training experience. (Job Posting Ref 72)"
PAIR_0615,RES_DAT_0246,JOB_DAT_0073,MEDIUM,"""MEDIUM match: Meaningful overlap in foundational technical skills like Python and SQL, but noticeable gaps exist. The job specifically requires Tableau data visualization and Pandas/NumPy expertise, whereas the candidate is specialized in advanced Machine Learning modeling and deployment with TensorFlow and PyTorch.""","Machine Learning Engineer skilled in Python, Scikit-Learn, TensorFlow, PyTorch, SQL, and ML model deployment. M.Sc in Data Science. (Candidate Ref 246)","Hiring Data Analyst with strong SQL, Python (Pandas/NumPy), and Tableau data visualization skills. (Job Posting Ref 73)"
PAIR_0616,RES_DAT_0247,JOB_DAT_0056,MEDIUM,"""MEDIUM match: Meaningful alignment in core Python and Scikit-Learn skills required for ML work, but noticeable gaps exist. The job specifically requires PyTorch and dedicated ML model training experience, whereas the candidate is a Data Scientist specialized in statistical modeling, NLP, and PowerBI without mentioning PyTorch.""","Data Scientist proficient in Python, R, Statistical Modeling, NLP, Scikit-Learn, and PowerBI. Experience in predictive modeling. (Candidate Ref 247)","Machine Learning Engineer position requiring Python, Scikit-Learn, PyTorch, and ML model training experience. (Job Posting Ref 56)"
PAIR_0617,RES_DAT_0247,JOB_DAT_0057,MEDIUM,"""MEDIUM match: Meaningful overlap in foundational programming with Python, but notable gaps exist. The job specifically requires SQL and Tableau data visualization expertise, whereas the candidate is a Data Scientist skilled in PowerBI, R, and advanced statistical modeling without explicitly mentioning SQL or Tableau.""","Data Scientist proficient in Python, R, Statistical Modeling, NLP, Scikit-Learn, and PowerBI. Experience in predictive modeling. (Candidate Ref 247)","Hiring Data Analyst with strong SQL, Python (Pandas/NumPy), and Tableau data visualization skills. (Job Posting Ref 57)"
PAIR_0618,RES_DAT_0247,JOB_QA _0121,LOW,"""LOW match: Complete mismatch in role, domain, and technology stack. The job requires a QA Automation Engineer with Java, Selenium WebDriver, TestNG, and REST API testing experience, whereas the candidate is a Data Scientist specialized in Python, statistical modeling, and NLP, entirely lacking QA and testing skills.""","Data Scientist proficient in Python, R, Statistical Modeling, NLP, Scikit-Learn, and PowerBI. Experience in predictive modeling. (Candidate Ref 247)","Hiring QA Automation Engineer with strong Java, Selenium WebDriver, TestNG, and REST API testing skills. (Job Posting Ref 121)"
PAIR_0619,RES_DAT_0248,JOB_DAT_0067,MEDIUM,"""MEDIUM match: Meaningful alignment in core Python and SQL technical skills, but noticeable gaps exist. The job specifically requires Tableau data visualization expertise, whereas the candidate specializes in Excel-based visualization and is at a junior experience level.""","Junior Data Analyst with B.Sc in Statistics. Proficient in Python, SQL, Excel data visualization, and basic machine learning algorithms. (Candidate Ref 248)","Hiring Data Analyst with strong SQL, Python (Pandas/NumPy), and Tableau data visualization skills. (Job Posting Ref 67)"
PAIR_0620,RES_DAT_0248,JOB_DAT_0068,LOW,"""LOW match: Major deficit in required role level and specialized machine learning technical stack. The job requires a Machine Learning Engineer with advanced PyTorch, Scikit-Learn, and model training expertise, whereas the candidate is a Junior Data Analyst with only basic ML algorithms and statistical background, lacking dedicated ML engineering depth.""","Junior Data Analyst with B.Sc in Statistics. Proficient in Python, SQL, Excel data visualization, and basic machine learning algorithms. (Candidate Ref 248)","Machine Learning Engineer position requiring Python, Scikit-Learn, PyTorch, and ML model training experience. (Job Posting Ref 68)"
PAIR_0621,RES_DAT_0249,JOB_DAT_0069,HIGH,"""HIGH match: Candidate shows perfect alignment with the required data analysis role. They possess all requested core technical skills including SQL, Python (Pandas/NumPy), and Tableau, backed by 2 years of relevant professional experience.""","Data Analyst with expertise in SQL, Python, Pandas, NumPy, Tableau, and Excel. 2 years experience conducting exploratory data analysis and ETL pipelines. (Candidate Ref 249)","Hiring Data Analyst with strong SQL, Python (Pandas/NumPy), and Tableau data visualization skills. (Job Posting Ref 69)"
PAIR_0622,RES_DAT_0249,JOB_DAT_0070,LOW,"""LOW match: Major deficit in specialized machine learning technical stack. The job requires a Machine Learning Engineer with Scikit-Learn, PyTorch, and ML model training expertise, whereas the candidate is a Data Analyst focused on data visualization, SQL, and exploratory analysis, lacking advanced ML engineering skills.""","Data Analyst with expertise in SQL, Python, Pandas, NumPy, Tableau, and Excel. 2 years experience conducting exploratory data analysis and ETL pipelines. (Candidate Ref 249)","Machine Learning Engineer position requiring Python, Scikit-Learn, PyTorch, and ML model training experience. (Job Posting Ref 70)"
PAIR_0623,RES_DAT_0249,JOB_QA _0107,LOW,"""LOW match: Complete mismatch in role, domain, and technology stack. The job requires a QA Automation Engineer with Java, Selenium WebDriver, TestNG, and testing expertise, whereas the candidate is a Data Analyst specialized in SQL, Python data analysis, and Tableau, entirely lacking QA and automation skills.""","Data Analyst with expertise in SQL, Python, Pandas, NumPy, Tableau, and Excel. 2 years experience conducting exploratory data analysis and ETL pipelines. (Candidate Ref 249)","Hiring QA Automation Engineer with strong Java, Selenium WebDriver, TestNG, and REST API testing skills. (Job Posting Ref 107)"
PAIR_0624,RES_DAT_0250,JOB_DAT_0053,MEDIUM,"""MEDIUM match: Meaningful overlap in foundational technical skills like Python and SQL, but noticeable gaps exist. The job specifically requires Tableau data visualization and Pandas/NumPy expertise, whereas the candidate is specialized in advanced Machine Learning modeling and deployment with TensorFlow and PyTorch.""","Machine Learning Engineer skilled in Python, Scikit-Learn, TensorFlow, PyTorch, SQL, and ML model deployment. M.Sc in Data Science. (Candidate Ref 250)","Hiring Data Analyst with strong SQL, Python (Pandas/NumPy), and Tableau data visualization skills. (Job Posting Ref 53)"
PAIR_0625,RES_DAT_0250,JOB_DAT_0054,HIGH,"""HIGH match: Candidate shows perfect alignment with the required Machine Learning Engineer role. They possess all requested core technical skills including Python, Scikit-Learn, PyTorch, and ML model deployment/training expertise, backed by an M.Sc in Data Science.""","Machine Learning Engineer skilled in Python, Scikit-Learn, TensorFlow, PyTorch, SQL, and ML model deployment. M.Sc in Data Science. (Candidate Ref 250)","Machine Learning Engineer position requiring Python, Scikit-Learn, PyTorch, and ML model training experience. (Job Posting Ref 54)"
PAIR_0626,RES_DAT_0251,JOB_DAT_0067,MEDIUM,"""MEDIUM match: Meaningful overlap in foundational programming with Python, but notable gaps exist. The job specifically requires SQL and Tableau data visualization expertise, whereas the candidate is a Data Scientist skilled in PowerBI, R, and advanced statistical modeling without explicitly mentioning SQL or Tableau.""","Data Scientist proficient in Python, R, Statistical Modeling, NLP, Scikit-Learn, and PowerBI. Experience in predictive modeling. (Candidate Ref 251)","Hiring Data Analyst with strong SQL, Python (Pandas/NumPy), and Tableau data visualization skills. (Job Posting Ref 67)"
PAIR_0627,RES_DAT_0251,JOB_DAT_0068,MEDIUM,"""MEDIUM match: Meaningful alignment in core Python and Scikit-Learn skills required for ML work, but noticeable gaps exist. The job specifically requires PyTorch and dedicated ML model training experience, whereas the candidate is a Data Scientist specialized in statistical modeling, NLP, and PowerBI without mentioning PyTorch.""","Data Scientist proficient in Python, R, Statistical Modeling, NLP, Scikit-Learn, and PowerBI. Experience in predictive modeling. (Candidate Ref 251)","Machine Learning Engineer position requiring Python, Scikit-Learn, PyTorch, and ML model training experience. (Job Posting Ref 68)"
PAIR_0628,RES_DAT_0251,JOB_WEB_0030,LOW,"""LOW match: Complete mismatch in role, domain, and technology stack. The job requires a React Frontend Developer with React.js, JavaScript, HTML5/CSS3, and web integration expertise, whereas the candidate is a Data Scientist specialized in Python, statistical modeling, and PowerBI, entirely lacking frontend web development skills.""","Data Scientist proficient in Python, R, Statistical Modeling, NLP, Scikit-Learn, and PowerBI. Experience in predictive modeling. (Candidate Ref 251)","Seeking React Frontend Developer with 2+ years experience in React.js, JavaScript (ES6+), HTML5/CSS3, and REST API integration. (Job Posting Ref 30)"
PAIR_0631,RES_DAT_0253,JOB_DAT_0066,LOW,"""LOW match: Major deficit in specialized machine learning technical stack. The job requires a Machine Learning Engineer with Scikit-Learn, PyTorch, and ML model training expertise, whereas the candidate is a Data Analyst focused on data visualization, SQL, and exploratory analysis, lacking advanced ML engineering skills.""","Data Analyst with expertise in SQL, Python, Pandas, NumPy, Tableau, and Excel. 2 years experience conducting exploratory data analysis and ETL pipelines. (Candidate Ref 253)","Machine Learning Engineer position requiring Python, Scikit-Learn, PyTorch, and ML model training experience. (Job Posting Ref 66)"
PAIR_0632,RES_DAT_0253,JOB_DAT_0067,HIGH,"""HIGH match: Candidate shows perfect alignment with the required data analysis role. They possess all requested core technical skills including SQL, Python (Pandas/NumPy), and Tableau, backed by 2 years of relevant professional experience.""","Data Analyst with expertise in SQL, Python, Pandas, NumPy, Tableau, and Excel. 2 years experience conducting exploratory data analysis and ETL pipelines. (Candidate Ref 253)","Hiring Data Analyst with strong SQL, Python (Pandas/NumPy), and Tableau data visualization skills. (Job Posting Ref 67)"
PAIR_0633,RES_DAT_0253,JOB_QA _0114,LOW,"""LOW match: Complete mismatch in role, domain, and technology stack. The job requires a Senior Software Quality Assurance Lead with Selenium automation, API testing, and defect tracking expertise, whereas the candidate is a Data Analyst specialized in SQL, Python data pipelines, and Tableau, entirely lacking QA and software testing background.""","Data Analyst with expertise in SQL, Python, Pandas, NumPy, Tableau, and Excel. 2 years experience conducting exploratory data analysis and ETL pipelines. (Candidate Ref 253)","Senior Software Quality Assurance Lead requiring Selenium, Python automation, Postman API testing, and Jira defect tracking. (Job Posting Ref 114)"
PAIR_0634,RES_DAT_0254,JOB_DAT_0053,MEDIUM,"""MEDIUM match: Meaningful overlap in foundational technical skills like Python and SQL, but noticeable gaps exist. The job specifically requires Tableau data visualization and Pandas/NumPy expertise, whereas the candidate is specialized in advanced Machine Learning modeling and deployment with TensorFlow and PyTorch.""","Machine Learning Engineer skilled in Python, Scikit-Learn, TensorFlow, PyTorch, SQL, and ML model deployment. M.Sc in Data Science. (Candidate Ref 254)","Hiring Data Analyst with strong SQL, Python (Pandas/NumPy), and Tableau data visualization skills. (Job Posting Ref 53)"
PAIR_0635,RES_DAT_0254,JOB_DAT_0054,HIGH,"""HIGH match: Candidate shows perfect alignment with the required Machine Learning Engineer role. They possess all requested core technical skills including Python, Scikit-Learn, PyTorch, and ML model deployment/training expertise, backed by an M.Sc in Data Science.""","Machine Learning Engineer skilled in Python, Scikit-Learn, TensorFlow, PyTorch, SQL, and ML model deployment. M.Sc in Data Science. (Candidate Ref 254)","Machine Learning Engineer position requiring Python, Scikit-Learn, PyTorch, and ML model training experience. (Job Posting Ref 54)"
PAIR_0636,RES_DAT_0255,JOB_DAT_0068,MEDIUM,"""MEDIUM match: Meaningful alignment in core Python and Scikit-Learn skills required for ML work, but noticeable gaps exist. The job specifically requires PyTorch and dedicated ML model training experience, whereas the candidate is a Data Scientist specialized in statistical modeling, NLP, and PowerBI without mentioning PyTorch.""","Data Scientist proficient in Python, R, Statistical Modeling, NLP, Scikit-Learn, and PowerBI. Experience in predictive modeling. (Candidate Ref 255)","Machine Learning Engineer position requiring Python, Scikit-Learn, PyTorch, and ML model training experience. (Job Posting Ref 68)"
PAIR_0637,RES_DAT_0255,JOB_DAT_0069,MEDIUM,"""MEDIUM match: Meaningful overlap in foundational programming with Python, but notable gaps exist. The job specifically requires SQL and Tableau data visualization expertise, whereas the candidate is a Data Scientist skilled in PowerBI, R, and advanced statistical modeling without explicitly mentioning SQL or Tableau.""","Data Scientist proficient in Python, R, Statistical Modeling, NLP, Scikit-Learn, and PowerBI. Experience in predictive modeling. (Candidate Ref 255)","Hiring Data Analyst with strong SQL, Python (Pandas/NumPy), and Tableau data visualization skills. (Job Posting Ref 69)"
PAIR_0638,RES_DAT_0255,JOB_DEV_0078,LOW,"""LOW match: Complete mismatch in role, domain, and technology stack. The job requires a DevOps Engineer with AWS, Docker, Kubernetes, CI/CD pipelines, and Terraform expertise, whereas the candidate is a Data Scientist specialized in Python, statistical modeling, and PowerBI, entirely lacking cloud engineering and infrastructure skills.""","Data Scientist proficient in Python, R, Statistical Modeling, NLP, Scikit-Learn, and PowerBI. Experience in predictive modeling. (Candidate Ref 255)","Looking for DevOps Engineer with experience in AWS, Docker, Kubernetes, CI/CD pipelines, and Terraform. (Job Posting Ref 78)"
PAIR_0639,RES_DAT_0256,JOB_DAT_0071,MEDIUM,"""MEDIUM match: Meaningful alignment in core Python and SQL technical skills, but noticeable gaps exist. The job specifically requires Tableau data visualization expertise, whereas the candidate specializes in Excel-based visualization and is at a junior experience level.""","Junior Data Analyst with B.Sc in Statistics. Proficient in Python, SQL, Excel data visualization, and basic machine learning algorithms. (Candidate Ref 256)","Hiring Data Analyst with strong SQL, Python (Pandas/NumPy), and Tableau data visualization skills. (Job Posting Ref 71)"
PAIR_0640,RES_DAT_0256,JOB_DAT_0072,LOW,"""LOW match: Major deficit in required role level and specialized machine learning technical stack. The job requires a Machine Learning Engineer with advanced PyTorch, Scikit-Learn, and model training expertise, whereas the candidate is a Junior Data Analyst with only basic ML algorithms and statistical background, lacking dedicated ML engineering depth.""","Junior Data Analyst with B.Sc in Statistics. Proficient in Python, SQL, Excel data visualization, and basic machine learning algorithms. (Candidate Ref 256)","Machine Learning Engineer position requiring Python, Scikit-Learn, PyTorch, and ML model training experience. (Job Posting Ref 72)"
PAIR_0644,RES_DAT_0258,JOB_DAT_0068,HIGH,"""HIGH match: Candidate shows perfect alignment with the required Machine Learning Engineer role. They possess all requested core technical skills including Python, Scikit-Learn, PyTorch, and ML model deployment/training expertise, backed by an M.Sc in Data Science.""","Machine Learning Engineer skilled in Python, Scikit-Learn, TensorFlow, PyTorch, SQL, and ML model deployment. M.Sc in Data Science. (Candidate Ref 258)","Machine Learning Engineer position requiring Python, Scikit-Learn, PyTorch, and ML model training experience. (Job Posting Ref 68)"
PAIR_0645,RES_DAT_0258,JOB_DAT_0069,MEDIUM,"""MEDIUM match: Meaningful overlap in foundational technical skills like Python and SQL, but noticeable gaps exist. The job specifically requires Tableau data visualization and Pandas/NumPy expertise, whereas the candidate is specialized in advanced Machine Learning modeling and deployment with TensorFlow and PyTorch.""","Machine Learning Engineer skilled in Python, Scikit-Learn, TensorFlow, PyTorch, SQL, and ML model deployment. M.Sc in Data Science. (Candidate Ref 258)","Hiring Data Analyst with strong SQL, Python (Pandas/NumPy), and Tableau data visualization skills. (Job Posting Ref 69)"
PAIR_0646,RES_DAT_0259,JOB_DAT_0071,MEDIUM,"""MEDIUM match: Meaningful overlap in foundational programming with Python, but notable gaps exist. The job specifically requires SQL and Tableau data visualization expertise, whereas the candidate is a Data Scientist skilled in PowerBI, R, and advanced statistical modeling without explicitly mentioning SQL or Tableau.""","Data Scientist proficient in Python, R, Statistical Modeling, NLP, Scikit-Learn, and PowerBI. Experience in predictive modeling. (Candidate Ref 259)","Hiring Data Analyst with strong SQL, Python (Pandas/NumPy), and Tableau data visualization skills. (Job Posting Ref 71)"
PAIR_0647,RES_DAT_0259,JOB_DAT_0072,MEDIUM,"""MEDIUM match: Meaningful alignment in core Python and Scikit-Learn skills required for ML work, but noticeable gaps exist. The job specifically requires PyTorch and dedicated ML model training experience, whereas the candidate is a Data Scientist specialized in statistical modeling, NLP, and PowerBI without mentioning PyTorch.""","Data Scientist proficient in Python, R, Statistical Modeling, NLP, Scikit-Learn, and PowerBI. Experience in predictive modeling. (Candidate Ref 259)","Machine Learning Engineer position requiring Python, Scikit-Learn, PyTorch, and ML model training experience. (Job Posting Ref 72)"
PAIR_0648,RES_DAT_0259,JOB_SOF_0016,LOW,"""LOW match: Complete mismatch in role, domain, and technology stack. The job requires a Senior Java Microservices Architect with 5+ years of Java 17, Spring Cloud, AWS, and containerization expertise, whereas the candidate is a Data Scientist specialized in Python, R, statistical modeling, and PowerBI, entirely lacking backend Java and microservices architecture background.""","Data Scientist proficient in Python, R, Statistical Modeling, NLP, Scikit-Learn, and PowerBI. Experience in predictive modeling. (Candidate Ref 259)","Senior Java Microservices Architect requiring 5+ years experience in Java 17, Spring Cloud, AWS, and Docker. (Job Posting Ref 16)"
PAIR_0649,RES_DAT_0260,JOB_DAT_0072,LOW,"""LOW match: Major deficit in required role level and specialized machine learning technical stack. The job requires a Machine Learning Engineer with advanced PyTorch, Scikit-Learn, and model training expertise, whereas the candidate is a Junior Data Analyst with only basic ML algorithms and statistical background, lacking dedicated ML engineering depth.""","Junior Data Analyst with B.Sc in Statistics. Proficient in Python, SQL, Excel data visualization, and basic machine learning algorithms. (Candidate Ref 260)","Machine Learning Engineer position requiring Python, Scikit-Learn, PyTorch, and ML model training experience. (Job Posting Ref 72)"
PAIR_0650,RES_DAT_0260,JOB_DAT_0073,MEDIUM,"""MEDIUM match: Meaningful alignment in core Python and SQL technical skills, but noticeable gaps exist. The job specifically requires Tableau data visualization expertise, whereas the candidate specializes in Excel-based visualization and is at a junior experience level.""","Junior Data Analyst with B.Sc in Statistics. Proficient in Python, SQL, Excel data visualization, and basic machine learning algorithms. (Candidate Ref 260)","Hiring Data Analyst with strong SQL, Python (Pandas/NumPy), and Tableau data visualization skills. (Job Posting Ref 73)"
PAIR_0651,RES_DAT_0261,JOB_DAT_0058,LOW,"""LOW match: Major deficit in specialized machine learning technical stack. The job requires a Machine Learning Engineer with Scikit-Learn, PyTorch, and ML model training expertise, whereas the candidate is a Data Analyst focused on data visualization, SQL, and exploratory analysis, lacking advanced ML engineering skills.""","Data Analyst with expertise in SQL, Python, Pandas, NumPy, Tableau, and Excel. 2 years experience conducting exploratory data analysis and ETL pipelines. (Candidate Ref 261)","Machine Learning Engineer position requiring Python, Scikit-Learn, PyTorch, and ML model training experience. (Job Posting Ref 58)"
PAIR_0652,RES_DAT_0261,JOB_DAT_0059,HIGH,"""HIGH match: Candidate shows perfect alignment with the required data analysis role. They possess all requested core technical skills including SQL, Python (Pandas/NumPy), and Tableau, backed by 2 years of relevant professional experience.""","Data Analyst with expertise in SQL, Python, Pandas, NumPy, Tableau, and Excel. 2 years experience conducting exploratory data analysis and ETL pipelines. (Candidate Ref 261)","Hiring Data Analyst with strong SQL, Python (Pandas/NumPy), and Tableau data visualization skills. (Job Posting Ref 59)"
PAIR_0653,RES_DAT_0261,JOB_DEV_0076,LOW,"""LOW match: Complete mismatch in role, domain, and technology stack. The job requires a DevOps Engineer with AWS, Docker, Kubernetes, CI/CD pipelines, and Terraform expertise, whereas the candidate is a Data Analyst specialized in SQL, Python data pipelines, and Tableau, entirely lacking cloud engineering and infrastructure skills.""","Data Analyst with expertise in SQL, Python, Pandas, NumPy, Tableau, and Excel. 2 years experience conducting exploratory data analysis and ETL pipelines. (Candidate Ref 261)","Looking for DevOps Engineer with experience in AWS, Docker, Kubernetes, CI/CD pipelines, and Terraform. (Job Posting Ref 76)"
PAIR_0654,RES_DAT_0262,JOB_DAT_0074,HIGH,"""HIGH match: Candidate shows perfect alignment with the required Machine Learning Engineer role. They possess all requested core technical skills including Python, Scikit-Learn, PyTorch, and ML model deployment/training expertise, backed by an M.Sc in Data Science.""","Machine Learning Engineer skilled in Python, Scikit-Learn, TensorFlow, PyTorch, SQL, and ML model deployment. M.Sc in Data Science. (Candidate Ref 262)","Machine Learning Engineer position requiring Python, Scikit-Learn, PyTorch, and ML model training experience. (Job Posting Ref 74)"
PAIR_0655,RES_DAT_0262,JOB_DAT_0075,MEDIUM,"""MEDIUM match: Meaningful overlap in foundational technical skills like Python and SQL, but noticeable gaps exist. The job specifically requires Tableau data visualization and Pandas/NumPy expertise, whereas the candidate is specialized in advanced Machine Learning modeling and deployment with TensorFlow and PyTorch.""","Machine Learning Engineer skilled in Python, Scikit-Learn, TensorFlow, PyTorch, SQL, and ML model deployment. M.Sc in Data Science. (Candidate Ref 262)","Hiring Data Analyst with strong SQL, Python (Pandas/NumPy), and Tableau data visualization skills. (Job Posting Ref 75)"
PAIR_0659,RES_DAT_0264,JOB_DAT_0052,LOW,"""LOW match: Major deficit in required role level and specialized machine learning technical stack. The job requires a Machine Learning Engineer with advanced PyTorch, Scikit-Learn, and model training expertise, whereas the candidate is a Junior Data Analyst with only basic ML algorithms and statistical background, lacking dedicated ML engineering depth.""","Junior Data Analyst with B.Sc in Statistics. Proficient in Python, SQL, Excel data visualization, and basic machine learning algorithms. (Candidate Ref 264)","Machine Learning Engineer position requiring Python, Scikit-Learn, PyTorch, and ML model training experience. (Job Posting Ref 52)"
PAIR_0660,RES_DAT_0264,JOB_DAT_0053,MEDIUM,"""MEDIUM match: Meaningful alignment in core Python and SQL technical skills, but noticeable gaps exist. The job specifically requires Tableau data visualization expertise, whereas the candidate specializes in Excel-based visualization and is at a junior experience level.""","Junior Data Analyst with B.Sc in Statistics. Proficient in Python, SQL, Excel data visualization, and basic machine learning algorithms. (Candidate Ref 264)","Hiring Data Analyst with strong SQL, Python (Pandas/NumPy), and Tableau data visualization skills. (Job Posting Ref 53)"
PAIR_0661,RES_DAT_0265,JOB_DAT_0068,LOW,"""LOW match: Major deficit in specialized machine learning technical stack. The job requires a Machine Learning Engineer with Scikit-Learn, PyTorch, and ML model training expertise, whereas the candidate is a Data Analyst focused on data visualization, SQL, and exploratory analysis, lacking advanced ML engineering skills.""","Data Analyst with expertise in SQL, Python, Pandas, NumPy, Tableau, and Excel. 2 years experience conducting exploratory data analysis and ETL pipelines. (Candidate Ref 265)","Machine Learning Engineer position requiring Python, Scikit-Learn, PyTorch, and ML model training experience. (Job Posting Ref 68)"
PAIR_0662,RES_DAT_0265,JOB_DAT_0069,HIGH,"""HIGH match: Candidate shows perfect alignment with the required data analysis role. They possess all requested core technical skills including SQL, Python (Pandas/NumPy), and Tableau, backed by 2 years of relevant professional experience.""","Data Analyst with expertise in SQL, Python, Pandas, NumPy, Tableau, and Excel. 2 years experience conducting exploratory data analysis and ETL pipelines. (Candidate Ref 265)","Hiring Data Analyst with strong SQL, Python (Pandas/NumPy), and Tableau data visualization skills. (Job Posting Ref 69)"
PAIR_0663,RES_DAT_0265,JOB_WEB_0047,LOW,"""LOW match: Complete mismatch in role, domain, and technology stack. The job requires a Full Stack JavaScript Developer with Node.js, React, MongoDB, and TypeScript expertise, whereas the candidate is a Data Analyst specialized in SQL, Python data pipelines, and Tableau, entirely lacking web development and JavaScript framework skills.""","Data Analyst with expertise in SQL, Python, Pandas, NumPy, Tableau, and Excel. 2 years experience conducting exploratory data analysis and ETL pipelines. (Candidate Ref 265)","Full Stack JavaScript Developer needed. Requirements: Node.js, React, MongoDB, and TypeScript. (Job Posting Ref 47)"
PAIR_0664,RES_DAT_0266,JOB_DAT_0068,HIGH,"""HIGH match: Candidate shows perfect alignment with the required Machine Learning Engineer role. They possess all requested core technical skills including Python, Scikit-Learn, PyTorch, and ML model deployment/training expertise, backed by an M.Sc in Data Science.""","Machine Learning Engineer skilled in Python, Scikit-Learn, TensorFlow, PyTorch, SQL, and ML model deployment. M.Sc in Data Science. (Candidate Ref 266)","Machine Learning Engineer position requiring Python, Scikit-Learn, PyTorch, and ML model training experience. (Job Posting Ref 68)"
PAIR_0665,RES_DAT_0266,JOB_DAT_0069,MEDIUM,"""MEDIUM match: Meaningful overlap in foundational technical skills like Python and SQL, but noticeable gaps exist. The job specifically requires Tableau data visualization and Pandas/NumPy expertise, whereas the candidate is specialized in advanced Machine Learning modeling and deployment with TensorFlow and PyTorch.""","Machine Learning Engineer skilled in Python, Scikit-Learn, TensorFlow, PyTorch, SQL, and ML model deployment. M.Sc in Data Science. (Candidate Ref 266)","Hiring Data Analyst with strong SQL, Python (Pandas/NumPy), and Tableau data visualization skills. (Job Posting Ref 69)"
PAIR_0666,RES_DAT_0267,JOB_DAT_0061,MEDIUM,"""MEDIUM match: Meaningful overlap in foundational programming with Python, but notable gaps exist. The job specifically requires SQL and Tableau data visualization expertise, whereas the candidate is a Data Scientist skilled in PowerBI, R, and advanced statistical modeling without explicitly mentioning SQL or Tableau.""","Data Scientist proficient in Python, R, Statistical Modeling, NLP, Scikit-Learn, and PowerBI. Experience in predictive modeling. (Candidate Ref 267)","Hiring Data Analyst with strong SQL, Python (Pandas/NumPy), and Tableau data visualization skills. (Job Posting Ref 61)"
PAIR_0667,RES_DAT_0267,JOB_DAT_0062,MEDIUM,"""MEDIUM match: Meaningful alignment in core Python and Scikit-Learn skills required for ML work, but noticeable gaps exist. The job specifically requires PyTorch and dedicated ML model training experience, whereas the candidate is a Data Scientist specialized in statistical modeling, NLP, and PowerBI without mentioning PyTorch.""","Data Scientist proficient in Python, R, Statistical Modeling, NLP, Scikit-Learn, and PowerBI. Experience in predictive modeling. (Candidate Ref 267)","Machine Learning Engineer position requiring Python, Scikit-Learn, PyTorch, and ML model training experience. (Job Posting Ref 62)"
PAIR_0668,RES_DAT_0267,JOB_QA _0119,LOW,"""LOW match: Complete mismatch in role, domain, and technology stack. The job requires a QA Automation Engineer with Java, Selenium WebDriver, TestNG, and API testing expertise, whereas the candidate is a Data Scientist specialized in Python, R, statistical modeling, and PowerBI, entirely lacking software testing and automation background.""","Data Scientist proficient in Python, R, Statistical Modeling, NLP, Scikit-Learn, and PowerBI. Experience in predictive modeling. (Candidate Ref 267)","Hiring QA Automation Engineer with strong Java, Selenium WebDriver, TestNG, and REST API testing skills. (Job Posting Ref 119)"
PAIR_0669,RES_DAT_0268,JOB_DAT_0053,MEDIUM,"""MEDIUM match: Meaningful alignment in core Python and SQL technical skills, but noticeable gaps exist. The job specifically requires Tableau data visualization expertise, whereas the candidate specializes in Excel-based visualization and is at a junior experience level.""","Junior Data Analyst with B.Sc in Statistics. Proficient in Python, SQL, Excel data visualization, and basic machine learning algorithms. (Candidate Ref 268)","Hiring Data Analyst with strong SQL, Python (Pandas/NumPy), and Tableau data visualization skills. (Job Posting Ref 53)"
PAIR_0670,RES_DAT_0268,JOB_DAT_0054,LOW,"""LOW match: Major deficit in required role level and specialized machine learning technical stack. The job requires a Machine Learning Engineer with advanced PyTorch, Scikit-Learn, and model training expertise, whereas the candidate is a Junior Data Analyst with only basic ML algorithms and statistical background, lacking dedicated ML engineering depth.""","Junior Data Analyst with B.Sc in Statistics. Proficient in Python, SQL, Excel data visualization, and basic machine learning algorithms. (Candidate Ref 268)","Machine Learning Engineer position requiring Python, Scikit-Learn, PyTorch, and ML model training experience. (Job Posting Ref 54)"
PAIR_0671,RES_DAT_0269,JOB_DAT_0073,HIGH,"""HIGH match: Candidate shows perfect alignment with the required data analysis role. They possess all requested core technical skills including SQL, Python (Pandas/NumPy), and Tableau, backed by 2 years of relevant professional experience.""","Data Analyst with expertise in SQL, Python, Pandas, NumPy, Tableau, and Excel. 2 years experience conducting exploratory data analysis and ETL pipelines. (Candidate Ref 269)","Hiring Data Analyst with strong SQL, Python (Pandas/NumPy), and Tableau data visualization skills. (Job Posting Ref 73)"
PAIR_0672,RES_DAT_0269,JOB_DAT_0074,LOW,"""LOW match: Major deficit in specialized machine learning technical stack. The job requires a Machine Learning Engineer with Scikit-Learn, PyTorch, and ML model training expertise, whereas the candidate is a Data Analyst focused on data visualization, SQL, and exploratory analysis, lacking advanced ML engineering skills.""","Data Analyst with expertise in SQL, Python, Pandas, NumPy, Tableau, and Excel. 2 years experience conducting exploratory data analysis and ETL pipelines. (Candidate Ref 269)","Machine Learning Engineer position requiring Python, Scikit-Learn, PyTorch, and ML model training experience. (Job Posting Ref 74)"
PAIR_0673,RES_DAT_0269,JOB_WEB_0044,LOW,"""LOW match: Complete mismatch in role, domain, and technology stack. The job requires a React Frontend Developer with React.js, JavaScript, HTML5/CSS3, and UI integration expertise, whereas the candidate is a Data Analyst specialized in SQL, Python data pipelines, and Tableau, entirely lacking frontend web development and JavaScript framework skills.""","Data Analyst with expertise in SQL, Python, Pandas, NumPy, Tableau, and Excel. 2 years experience conducting exploratory data analysis and ETL pipelines. (Candidate Ref 269)","Seeking React Frontend Developer with 2+ years experience in React.js, JavaScript (ES6+), HTML5/CSS3, and REST API integration. (Job Posting Ref 44)"
