pair_id,resume_id,job_id,resume_raw_text,job_raw_text,reviewer_id,reviewer_label,reviewer_reason,final_label,review_status
PAIR_0001,RES_SOF_0001,JOB_SOF_0006,"Java Developer with 3+ years experience building Spring Boot microservices, REST APIs, and MySQL databases. Proficient in Git, JUnit, Docker, and CI/CD pipelines. (Candidate Ref 1)","Senior Java Microservices Architect requiring 5+ years experience in Java 17, Spring Cloud, AWS, and Docker. (Job Posting Ref 6)",,,,PENDING
PAIR_0002,RES_SOF_0001,JOB_SOF_0007,"Java Developer with 3+ years experience building Spring Boot microservices, REST APIs, and MySQL databases. Proficient in Git, JUnit, Docker, and CI/CD pipelines. (Candidate Ref 1)","Looking for Backend Java Developer with 2-4 years experience in Java, Spring Boot, REST APIs, and MySQL. (Job Posting Ref 7)",,,,PENDING
PAIR_0003,RES_SOF_0001,JOB_DEV_0089,"Java Developer with 3+ years experience building Spring Boot microservices, REST APIs, and MySQL databases. Proficient in Git, JUnit, Docker, and CI/CD pipelines. (Candidate Ref 1)","Cloud Security & DevOps Specialist required. Mandatory skills: Azure, Docker, Kubernetes, and Linux automation. (Job Posting Ref 89)",,,,PENDING
PAIR_0004,RES_SOF_0002,JOB_SOF_0024,"Backend Engineer specializing in Java 17, Spring Security, Hibernate, PostgreSQL, and Kafka. Demonstrated background in unit testing and scalable architecture. (Candidate Ref 2)","Senior Java Microservices Architect requiring 5+ years experience in Java 17, Spring Cloud, AWS, and Docker. (Job Posting Ref 24)",,,,PENDING
PAIR_0005,RES_SOF_0002,JOB_SOF_0025,"Backend Engineer specializing in Java 17, Spring Security, Hibernate, PostgreSQL, and Kafka. Demonstrated background in unit testing and scalable architecture. (Candidate Ref 2)","Looking for Backend Java Developer with 2-4 years experience in Java, Spring Boot, REST APIs, and MySQL. (Job Posting Ref 25)",,,,PENDING
PAIR_0006,RES_SOF_0003,JOB_SOF_0010,"Junior Java Developer with B.Tech in CS. Knowledge of Java, Data Structures, OOP, SQL, and HTML/CSS. Project experience building an e-commerce backend. (Candidate Ref 3)","Senior Java Microservices Architect requiring 5+ years experience in Java 17, Spring Cloud, AWS, and Docker. (Job Posting Ref 10)",,,,PENDING
PAIR_0007,RES_SOF_0003,JOB_SOF_0011,"Junior Java Developer with B.Tech in CS. Knowledge of Java, Data Structures, OOP, SQL, and HTML/CSS. Project experience building an e-commerce backend. (Candidate Ref 3)","Looking for Backend Java Developer with 2-4 years experience in Java, Spring Boot, REST APIs, and MySQL. (Job Posting Ref 11)",,,,PENDING
PAIR_0008,RES_SOF_0003,JOB_DEV_0096,"Junior Java Developer with B.Tech in CS. Knowledge of Java, Data Structures, OOP, SQL, and HTML/CSS. Project experience building an e-commerce backend. (Candidate Ref 3)","Looking for DevOps Engineer with experience in AWS, Docker, Kubernetes, CI/CD pipelines, and Terraform. (Job Posting Ref 96)",,,,PENDING
PAIR_0009,RES_SOF_0004,JOB_SOF_0001,"Senior Software Developer with 6 years experience in Java, Microservices, AWS, Docker, Kubernetes, and Redis. Proven track record leading dev teams. (Candidate Ref 4)","Looking for Backend Java Developer with 2-4 years experience in Java, Spring Boot, REST APIs, and MySQL. (Job Posting Ref 1)",,,,PENDING
PAIR_0010,RES_SOF_0004,JOB_SOF_0002,"Senior Software Developer with 6 years experience in Java, Microservices, AWS, Docker, Kubernetes, and Redis. Proven track record leading dev teams. (Candidate Ref 4)","Senior Java Microservices Architect requiring 5+ years experience in Java 17, Spring Cloud, AWS, and Docker. (Job Posting Ref 2)",,,,PENDING
PAIR_0011,RES_SOF_0005,JOB_SOF_0006,"Java Developer with 3+ years experience building Spring Boot microservices, REST APIs, and MySQL databases. Proficient in Git, JUnit, Docker, and CI/CD pipelines. (Candidate Ref 5)","Senior Java Microservices Architect requiring 5+ years experience in Java 17, Spring Cloud, AWS, and Docker. (Job Posting Ref 6)",,,,PENDING
PAIR_0012,RES_SOF_0005,JOB_SOF_0007,"Java Developer with 3+ years experience building Spring Boot microservices, REST APIs, and MySQL databases. Proficient in Git, JUnit, Docker, and CI/CD pipelines. (Candidate Ref 5)","Looking for Backend Java Developer with 2-4 years experience in Java, Spring Boot, REST APIs, and MySQL. (Job Posting Ref 7)",,,,PENDING
PAIR_0013,RES_SOF_0005,JOB_WEB_0044,"Java Developer with 3+ years experience building Spring Boot microservices, REST APIs, and MySQL databases. Proficient in Git, JUnit, Docker, and CI/CD pipelines. (Candidate Ref 5)","Seeking React Frontend Developer with 2+ years experience in React.js, JavaScript (ES6+), HTML5/CSS3, and REST API integration. (Job Posting Ref 44)",,,,PENDING
PAIR_0014,RES_SOF_0006,JOB_SOF_0020,"Backend Engineer specializing in Java 17, Spring Security, Hibernate, PostgreSQL, and Kafka. Demonstrated background in unit testing and scalable architecture. (Candidate Ref 6)","Senior Java Microservices Architect requiring 5+ years experience in Java 17, Spring Cloud, AWS, and Docker. (Job Posting Ref 20)",,,,PENDING
PAIR_0015,RES_SOF_0006,JOB_SOF_0021,"Backend Engineer specializing in Java 17, Spring Security, Hibernate, PostgreSQL, and Kafka. Demonstrated background in unit testing and scalable architecture. (Candidate Ref 6)","Looking for Backend Java Developer with 2-4 years experience in Java, Spring Boot, REST APIs, and MySQL. (Job Posting Ref 21)",,,,PENDING
PAIR_0016,RES_SOF_0007,JOB_SOF_0019,"Junior Java Developer with B.Tech in CS. Knowledge of Java, Data Structures, OOP, SQL, and HTML/CSS. Project experience building an e-commerce backend. (Candidate Ref 7)","Looking for Backend Java Developer with 2-4 years experience in Java, Spring Boot, REST APIs, and MySQL. (Job Posting Ref 19)",,,,PENDING
PAIR_0017,RES_SOF_0007,JOB_SOF_0020,"Junior Java Developer with B.Tech in CS. Knowledge of Java, Data Structures, OOP, SQL, and HTML/CSS. Project experience building an e-commerce backend. (Candidate Ref 7)","Senior Java Microservices Architect requiring 5+ years experience in Java 17, Spring Cloud, AWS, and Docker. (Job Posting Ref 20)",,,,PENDING
PAIR_0018,RES_SOF_0007,JOB_QA _0108,"Junior Java Developer with B.Tech in CS. Knowledge of Java, Data Structures, OOP, SQL, and HTML/CSS. Project experience building an e-commerce backend. (Candidate Ref 7)","Senior Software Quality Assurance Lead requiring Selenium, Python automation, Postman API testing, and Jira defect tracking. (Job Posting Ref 108)",,,,PENDING
PAIR_0019,RES_SOF_0008,JOB_SOF_0003,"Senior Software Developer with 6 years experience in Java, Microservices, AWS, Docker, Kubernetes, and Redis. Proven track record leading dev teams. (Candidate Ref 8)","Looking for Backend Java Developer with 2-4 years experience in Java, Spring Boot, REST APIs, and MySQL. (Job Posting Ref 3)",,,,PENDING
PAIR_0020,RES_SOF_0008,JOB_SOF_0004,"Senior Software Developer with 6 years experience in Java, Microservices, AWS, Docker, Kubernetes, and Redis. Proven track record leading dev teams. (Candidate Ref 8)","Senior Java Microservices Architect requiring 5+ years experience in Java 17, Spring Cloud, AWS, and Docker. (Job Posting Ref 4)",,,,PENDING
PAIR_0021,RES_SOF_0009,JOB_SOF_0002,"Java Developer with 3+ years experience building Spring Boot microservices, REST APIs, and MySQL databases. Proficient in Git, JUnit, Docker, and CI/CD pipelines. (Candidate Ref 9)","Senior Java Microservices Architect requiring 5+ years experience in Java 17, Spring Cloud, AWS, and Docker. (Job Posting Ref 2)",,,,PENDING
PAIR_0022,RES_SOF_0009,JOB_SOF_0003,"Java Developer with 3+ years experience building Spring Boot microservices, REST APIs, and MySQL databases. Proficient in Git, JUnit, Docker, and CI/CD pipelines. (Candidate Ref 9)","Looking for Backend Java Developer with 2-4 years experience in Java, Spring Boot, REST APIs, and MySQL. (Job Posting Ref 3)",,,,PENDING
PAIR_0023,RES_SOF_0009,JOB_QA _0118,"Java Developer with 3+ years experience building Spring Boot microservices, REST APIs, and MySQL databases. Proficient in Git, JUnit, Docker, and CI/CD pipelines. (Candidate Ref 9)","Senior Software Quality Assurance Lead requiring Selenium, Python automation, Postman API testing, and Jira defect tracking. (Job Posting Ref 118)",,,,PENDING
PAIR_0024,RES_SOF_0010,JOB_SOF_0002,"Backend Engineer specializing in Java 17, Spring Security, Hibernate, PostgreSQL, and Kafka. Demonstrated background in unit testing and scalable architecture. (Candidate Ref 10)","Senior Java Microservices Architect requiring 5+ years experience in Java 17, Spring Cloud, AWS, and Docker. (Job Posting Ref 2)",,,,PENDING
PAIR_0025,RES_SOF_0010,JOB_SOF_0003,"Backend Engineer specializing in Java 17, Spring Security, Hibernate, PostgreSQL, and Kafka. Demonstrated background in unit testing and scalable architecture. (Candidate Ref 10)","Looking for Backend Java Developer with 2-4 years experience in Java, Spring Boot, REST APIs, and MySQL. (Job Posting Ref 3)",,,,PENDING
PAIR_0026,RES_SOF_0011,JOB_SOF_0008,"Junior Java Developer with B.Tech in CS. Knowledge of Java, Data Structures, OOP, SQL, and HTML/CSS. Project experience building an e-commerce backend. (Candidate Ref 11)","Senior Java Microservices Architect requiring 5+ years experience in Java 17, Spring Cloud, AWS, and Docker. (Job Posting Ref 8)",,,,PENDING
PAIR_0027,RES_SOF_0011,JOB_SOF_0009,"Junior Java Developer with B.Tech in CS. Knowledge of Java, Data Structures, OOP, SQL, and HTML/CSS. Project experience building an e-commerce backend. (Candidate Ref 11)","Looking for Backend Java Developer with 2-4 years experience in Java, Spring Boot, REST APIs, and MySQL. (Job Posting Ref 9)",,,,PENDING
PAIR_0028,RES_SOF_0011,JOB_DEV_0082,"Junior Java Developer with B.Tech in CS. Knowledge of Java, Data Structures, OOP, SQL, and HTML/CSS. Project experience building an e-commerce backend. (Candidate Ref 11)","Looking for DevOps Engineer with experience in AWS, Docker, Kubernetes, CI/CD pipelines, and Terraform. (Job Posting Ref 82)",,,,PENDING
PAIR_0029,RES_SOF_0012,JOB_SOF_0021,"Senior Software Developer with 6 years experience in Java, Microservices, AWS, Docker, Kubernetes, and Redis. Proven track record leading dev teams. (Candidate Ref 12)","Looking for Backend Java Developer with 2-4 years experience in Java, Spring Boot, REST APIs, and MySQL. (Job Posting Ref 21)",,,,PENDING
PAIR_0030,RES_SOF_0012,JOB_SOF_0022,"Senior Software Developer with 6 years experience in Java, Microservices, AWS, Docker, Kubernetes, and Redis. Proven track record leading dev teams. (Candidate Ref 12)","Senior Java Microservices Architect requiring 5+ years experience in Java 17, Spring Cloud, AWS, and Docker. (Job Posting Ref 22)",,,,PENDING
PAIR_0031,RES_SOF_0013,JOB_SOF_0019,"Java Developer with 3+ years experience building Spring Boot microservices, REST APIs, and MySQL databases. Proficient in Git, JUnit, Docker, and CI/CD pipelines. (Candidate Ref 13)","Looking for Backend Java Developer with 2-4 years experience in Java, Spring Boot, REST APIs, and MySQL. (Job Posting Ref 19)",,,,PENDING
PAIR_0032,RES_SOF_0013,JOB_SOF_0020,"Java Developer with 3+ years experience building Spring Boot microservices, REST APIs, and MySQL databases. Proficient in Git, JUnit, Docker, and CI/CD pipelines. (Candidate Ref 13)","Senior Java Microservices Architect requiring 5+ years experience in Java 17, Spring Cloud, AWS, and Docker. (Job Posting Ref 20)",,,,PENDING
PAIR_0033,RES_SOF_0013,JOB_WEB_0035,"Java Developer with 3+ years experience building Spring Boot microservices, REST APIs, and MySQL databases. Proficient in Git, JUnit, Docker, and CI/CD pipelines. (Candidate Ref 13)","Full Stack JavaScript Developer needed. Requirements: Node.js, React, MongoDB, and TypeScript. (Job Posting Ref 35)",,,,PENDING
PAIR_0034,RES_SOF_0014,JOB_SOF_0001,"Backend Engineer specializing in Java 17, Spring Security, Hibernate, PostgreSQL, and Kafka. Demonstrated background in unit testing and scalable architecture. (Candidate Ref 14)","Looking for Backend Java Developer with 2-4 years experience in Java, Spring Boot, REST APIs, and MySQL. (Job Posting Ref 1)",,,,PENDING
PAIR_0035,RES_SOF_0014,JOB_SOF_0002,"Backend Engineer specializing in Java 17, Spring Security, Hibernate, PostgreSQL, and Kafka. Demonstrated background in unit testing and scalable architecture. (Candidate Ref 14)","Senior Java Microservices Architect requiring 5+ years experience in Java 17, Spring Cloud, AWS, and Docker. (Job Posting Ref 2)",,,,PENDING
PAIR_0036,RES_SOF_0015,JOB_SOF_0014,"Junior Java Developer with B.Tech in CS. Knowledge of Java, Data Structures, OOP, SQL, and HTML/CSS. Project experience building an e-commerce backend. (Candidate Ref 15)","Senior Java Microservices Architect requiring 5+ years experience in Java 17, Spring Cloud, AWS, and Docker. (Job Posting Ref 14)",,,,PENDING
PAIR_0037,RES_SOF_0015,JOB_SOF_0015,"Junior Java Developer with B.Tech in CS. Knowledge of Java, Data Structures, OOP, SQL, and HTML/CSS. Project experience building an e-commerce backend. (Candidate Ref 15)","Looking for Backend Java Developer with 2-4 years experience in Java, Spring Boot, REST APIs, and MySQL. (Job Posting Ref 15)",,,,PENDING
PAIR_0038,RES_SOF_0015,JOB_DAT_0052,"Junior Java Developer with B.Tech in CS. Knowledge of Java, Data Structures, OOP, SQL, and HTML/CSS. Project experience building an e-commerce backend. (Candidate Ref 15)","Machine Learning Engineer position requiring Python, Scikit-Learn, PyTorch, and ML model training experience. (Job Posting Ref 52)",,,,PENDING
PAIR_0039,RES_SOF_0016,JOB_SOF_0014,"Senior Software Developer with 6 years experience in Java, Microservices, AWS, Docker, Kubernetes, and Redis. Proven track record leading dev teams. (Candidate Ref 16)","Senior Java Microservices Architect requiring 5+ years experience in Java 17, Spring Cloud, AWS, and Docker. (Job Posting Ref 14)",,,,PENDING
PAIR_0040,RES_SOF_0016,JOB_SOF_0015,"Senior Software Developer with 6 years experience in Java, Microservices, AWS, Docker, Kubernetes, and Redis. Proven track record leading dev teams. (Candidate Ref 16)","Looking for Backend Java Developer with 2-4 years experience in Java, Spring Boot, REST APIs, and MySQL. (Job Posting Ref 15)",,,,PENDING
PAIR_0041,RES_SOF_0017,JOB_SOF_0019,"Java Developer with 3+ years experience building Spring Boot microservices, REST APIs, and MySQL databases. Proficient in Git, JUnit, Docker, and CI/CD pipelines. (Candidate Ref 17)","Looking for Backend Java Developer with 2-4 years experience in Java, Spring Boot, REST APIs, and MySQL. (Job Posting Ref 19)",,,,PENDING
PAIR_0042,RES_SOF_0017,JOB_SOF_0020,"Java Developer with 3+ years experience building Spring Boot microservices, REST APIs, and MySQL databases. Proficient in Git, JUnit, Docker, and CI/CD pipelines. (Candidate Ref 17)","Senior Java Microservices Architect requiring 5+ years experience in Java 17, Spring Cloud, AWS, and Docker. (Job Posting Ref 20)",,,,PENDING
PAIR_0043,RES_SOF_0017,JOB_DAT_0067,"Java Developer with 3+ years experience building Spring Boot microservices, REST APIs, and MySQL databases. Proficient in Git, JUnit, Docker, and CI/CD pipelines. (Candidate Ref 17)","Hiring Data Analyst with strong SQL, Python (Pandas/NumPy), and Tableau data visualization skills. (Job Posting Ref 67)",,,,PENDING
PAIR_0044,RES_SOF_0018,JOB_SOF_0006,"Backend Engineer specializing in Java 17, Spring Security, Hibernate, PostgreSQL, and Kafka. Demonstrated background in unit testing and scalable architecture. (Candidate Ref 18)","Senior Java Microservices Architect requiring 5+ years experience in Java 17, Spring Cloud, AWS, and Docker. (Job Posting Ref 6)",,,,PENDING
PAIR_0045,RES_SOF_0018,JOB_SOF_0007,"Backend Engineer specializing in Java 17, Spring Security, Hibernate, PostgreSQL, and Kafka. Demonstrated background in unit testing and scalable architecture. (Candidate Ref 18)","Looking for Backend Java Developer with 2-4 years experience in Java, Spring Boot, REST APIs, and MySQL. (Job Posting Ref 7)",,,,PENDING
PAIR_0046,RES_SOF_0019,JOB_SOF_0009,"Junior Java Developer with B.Tech in CS. Knowledge of Java, Data Structures, OOP, SQL, and HTML/CSS. Project experience building an e-commerce backend. (Candidate Ref 19)","Looking for Backend Java Developer with 2-4 years experience in Java, Spring Boot, REST APIs, and MySQL. (Job Posting Ref 9)",,,,PENDING
PAIR_0047,RES_SOF_0019,JOB_SOF_0010,"Junior Java Developer with B.Tech in CS. Knowledge of Java, Data Structures, OOP, SQL, and HTML/CSS. Project experience building an e-commerce backend. (Candidate Ref 19)","Senior Java Microservices Architect requiring 5+ years experience in Java 17, Spring Cloud, AWS, and Docker. (Job Posting Ref 10)",,,,PENDING
PAIR_0048,RES_SOF_0019,JOB_QA _0113,"Junior Java Developer with B.Tech in CS. Knowledge of Java, Data Structures, OOP, SQL, and HTML/CSS. Project experience building an e-commerce backend. (Candidate Ref 19)","Hiring QA Automation Engineer with strong Java, Selenium WebDriver, TestNG, and REST API testing skills. (Job Posting Ref 113)",,,,PENDING
PAIR_0049,RES_SOF_0020,JOB_SOF_0022,"Senior Software Developer with 6 years experience in Java, Microservices, AWS, Docker, Kubernetes, and Redis. Proven track record leading dev teams. (Candidate Ref 20)","Senior Java Microservices Architect requiring 5+ years experience in Java 17, Spring Cloud, AWS, and Docker. (Job Posting Ref 22)",,,,PENDING
PAIR_0050,RES_SOF_0020,JOB_SOF_0023,"Senior Software Developer with 6 years experience in Java, Microservices, AWS, Docker, Kubernetes, and Redis. Proven track record leading dev teams. (Candidate Ref 20)","Looking for Backend Java Developer with 2-4 years experience in Java, Spring Boot, REST APIs, and MySQL. (Job Posting Ref 23)",,,,PENDING
PAIR_0051,RES_SOF_0021,JOB_SOF_0006,"Java Developer with 3+ years experience building Spring Boot microservices, REST APIs, and MySQL databases. Proficient in Git, JUnit, Docker, and CI/CD pipelines. (Candidate Ref 21)","Senior Java Microservices Architect requiring 5+ years experience in Java 17, Spring Cloud, AWS, and Docker. (Job Posting Ref 6)",,,,PENDING
PAIR_0052,RES_SOF_0021,JOB_SOF_0007,"Java Developer with 3+ years experience building Spring Boot microservices, REST APIs, and MySQL databases. Proficient in Git, JUnit, Docker, and CI/CD pipelines. (Candidate Ref 21)","Looking for Backend Java Developer with 2-4 years experience in Java, Spring Boot, REST APIs, and MySQL. (Job Posting Ref 7)",,,,PENDING
PAIR_0053,RES_SOF_0021,JOB_DEV_0082,"Java Developer with 3+ years experience building Spring Boot microservices, REST APIs, and MySQL databases. Proficient in Git, JUnit, Docker, and CI/CD pipelines. (Candidate Ref 21)","Looking for DevOps Engineer with experience in AWS, Docker, Kubernetes, CI/CD pipelines, and Terraform. (Job Posting Ref 82)",,,,PENDING
PAIR_0054,RES_SOF_0022,JOB_SOF_0006,"Backend Engineer specializing in Java 17, Spring Security, Hibernate, PostgreSQL, and Kafka. Demonstrated background in unit testing and scalable architecture. (Candidate Ref 22)","Senior Java Microservices Architect requiring 5+ years experience in Java 17, Spring Cloud, AWS, and Docker. (Job Posting Ref 6)",,,,PENDING
PAIR_0055,RES_SOF_0022,JOB_SOF_0007,"Backend Engineer specializing in Java 17, Spring Security, Hibernate, PostgreSQL, and Kafka. Demonstrated background in unit testing and scalable architecture. (Candidate Ref 22)","Looking for Backend Java Developer with 2-4 years experience in Java, Spring Boot, REST APIs, and MySQL. (Job Posting Ref 7)",,,,PENDING
PAIR_0056,RES_SOF_0023,JOB_SOF_0011,"Junior Java Developer with B.Tech in CS. Knowledge of Java, Data Structures, OOP, SQL, and HTML/CSS. Project experience building an e-commerce backend. (Candidate Ref 23)","Looking for Backend Java Developer with 2-4 years experience in Java, Spring Boot, REST APIs, and MySQL. (Job Posting Ref 11)",,,,PENDING
PAIR_0057,RES_SOF_0023,JOB_SOF_0012,"Junior Java Developer with B.Tech in CS. Knowledge of Java, Data Structures, OOP, SQL, and HTML/CSS. Project experience building an e-commerce backend. (Candidate Ref 23)","Senior Java Microservices Architect requiring 5+ years experience in Java 17, Spring Cloud, AWS, and Docker. (Job Posting Ref 12)",,,,PENDING
PAIR_0058,RES_SOF_0023,JOB_WEB_0043,"Junior Java Developer with B.Tech in CS. Knowledge of Java, Data Structures, OOP, SQL, and HTML/CSS. Project experience building an e-commerce backend. (Candidate Ref 23)","Full Stack JavaScript Developer needed. Requirements: Node.js, React, MongoDB, and TypeScript. (Job Posting Ref 43)",,,,PENDING
PAIR_0059,RES_SOF_0024,JOB_SOF_0003,"Senior Software Developer with 6 years experience in Java, Microservices, AWS, Docker, Kubernetes, and Redis. Proven track record leading dev teams. (Candidate Ref 24)","Looking for Backend Java Developer with 2-4 years experience in Java, Spring Boot, REST APIs, and MySQL. (Job Posting Ref 3)",,,,PENDING
PAIR_0060,RES_SOF_0024,JOB_SOF_0004,"Senior Software Developer with 6 years experience in Java, Microservices, AWS, Docker, Kubernetes, and Redis. Proven track record leading dev teams. (Candidate Ref 24)","Senior Java Microservices Architect requiring 5+ years experience in Java 17, Spring Cloud, AWS, and Docker. (Job Posting Ref 4)",,,,PENDING
PAIR_0061,RES_SOF_0025,JOB_SOF_0013,"Java Developer with 3+ years experience building Spring Boot microservices, REST APIs, and MySQL databases. Proficient in Git, JUnit, Docker, and CI/CD pipelines. (Candidate Ref 25)","Looking for Backend Java Developer with 2-4 years experience in Java, Spring Boot, REST APIs, and MySQL. (Job Posting Ref 13)",,,,PENDING
PAIR_0062,RES_SOF_0025,JOB_SOF_0014,"Java Developer with 3+ years experience building Spring Boot microservices, REST APIs, and MySQL databases. Proficient in Git, JUnit, Docker, and CI/CD pipelines. (Candidate Ref 25)","Senior Java Microservices Architect requiring 5+ years experience in Java 17, Spring Cloud, AWS, and Docker. (Job Posting Ref 14)",,,,PENDING
PAIR_0063,RES_SOF_0025,JOB_QA _0119,"Java Developer with 3+ years experience building Spring Boot microservices, REST APIs, and MySQL databases. Proficient in Git, JUnit, Docker, and CI/CD pipelines. (Candidate Ref 25)","Hiring QA Automation Engineer with strong Java, Selenium WebDriver, TestNG, and REST API testing skills. (Job Posting Ref 119)",,,,PENDING
PAIR_0064,RES_SOF_0026,JOB_SOF_0014,"Backend Engineer specializing in Java 17, Spring Security, Hibernate, PostgreSQL, and Kafka. Demonstrated background in unit testing and scalable architecture. (Candidate Ref 26)","Senior Java Microservices Architect requiring 5+ years experience in Java 17, Spring Cloud, AWS, and Docker. (Job Posting Ref 14)",,,,PENDING
PAIR_0065,RES_SOF_0026,JOB_SOF_0015,"Backend Engineer specializing in Java 17, Spring Security, Hibernate, PostgreSQL, and Kafka. Demonstrated background in unit testing and scalable architecture. (Candidate Ref 26)","Looking for Backend Java Developer with 2-4 years experience in Java, Spring Boot, REST APIs, and MySQL. (Job Posting Ref 15)",,,,PENDING
PAIR_0066,RES_SOF_0027,JOB_SOF_0015,"Junior Java Developer with B.Tech in CS. Knowledge of Java, Data Structures, OOP, SQL, and HTML/CSS. Project experience building an e-commerce backend. (Candidate Ref 27)","Looking for Backend Java Developer with 2-4 years experience in Java, Spring Boot, REST APIs, and MySQL. (Job Posting Ref 15)",,,,PENDING
PAIR_0067,RES_SOF_0027,JOB_SOF_0016,"Junior Java Developer with B.Tech in CS. Knowledge of Java, Data Structures, OOP, SQL, and HTML/CSS. Project experience building an e-commerce backend. (Candidate Ref 27)","Senior Java Microservices Architect requiring 5+ years experience in Java 17, Spring Cloud, AWS, and Docker. (Job Posting Ref 16)",,,,PENDING
PAIR_0068,RES_SOF_0027,JOB_QA _0105,"Junior Java Developer with B.Tech in CS. Knowledge of Java, Data Structures, OOP, SQL, and HTML/CSS. Project experience building an e-commerce backend. (Candidate Ref 27)","Hiring QA Automation Engineer with strong Java, Selenium WebDriver, TestNG, and REST API testing skills. (Job Posting Ref 105)",,,,PENDING
PAIR_0069,RES_SOF_0028,JOB_SOF_0016,"Senior Software Developer with 6 years experience in Java, Microservices, AWS, Docker, Kubernetes, and Redis. Proven track record leading dev teams. (Candidate Ref 28)","Senior Java Microservices Architect requiring 5+ years experience in Java 17, Spring Cloud, AWS, and Docker. (Job Posting Ref 16)",,,,PENDING
PAIR_0070,RES_SOF_0028,JOB_SOF_0017,"Senior Software Developer with 6 years experience in Java, Microservices, AWS, Docker, Kubernetes, and Redis. Proven track record leading dev teams. (Candidate Ref 28)","Looking for Backend Java Developer with 2-4 years experience in Java, Spring Boot, REST APIs, and MySQL. (Job Posting Ref 17)",,,,PENDING
PAIR_0071,RES_SOF_0029,JOB_SOF_0024,"Java Developer with 3+ years experience building Spring Boot microservices, REST APIs, and MySQL databases. Proficient in Git, JUnit, Docker, and CI/CD pipelines. (Candidate Ref 29)","Senior Java Microservices Architect requiring 5+ years experience in Java 17, Spring Cloud, AWS, and Docker. (Job Posting Ref 24)",,,,PENDING
PAIR_0072,RES_SOF_0029,JOB_SOF_0025,"Java Developer with 3+ years experience building Spring Boot microservices, REST APIs, and MySQL databases. Proficient in Git, JUnit, Docker, and CI/CD pipelines. (Candidate Ref 29)","Looking for Backend Java Developer with 2-4 years experience in Java, Spring Boot, REST APIs, and MySQL. (Job Posting Ref 25)",,,,PENDING
PAIR_0073,RES_SOF_0029,JOB_DAT_0063,"Java Developer with 3+ years experience building Spring Boot microservices, REST APIs, and MySQL databases. Proficient in Git, JUnit, Docker, and CI/CD pipelines. (Candidate Ref 29)","Hiring Data Analyst with strong SQL, Python (Pandas/NumPy), and Tableau data visualization skills. (Job Posting Ref 63)",,,,PENDING
PAIR_0074,RES_SOF_0030,JOB_SOF_0001,"Backend Engineer specializing in Java 17, Spring Security, Hibernate, PostgreSQL, and Kafka. Demonstrated background in unit testing and scalable architecture. (Candidate Ref 30)","Looking for Backend Java Developer with 2-4 years experience in Java, Spring Boot, REST APIs, and MySQL. (Job Posting Ref 1)",,,,PENDING
PAIR_0075,RES_SOF_0030,JOB_SOF_0002,"Backend Engineer specializing in Java 17, Spring Security, Hibernate, PostgreSQL, and Kafka. Demonstrated background in unit testing and scalable architecture. (Candidate Ref 30)","Senior Java Microservices Architect requiring 5+ years experience in Java 17, Spring Cloud, AWS, and Docker. (Job Posting Ref 2)",,,,PENDING
PAIR_0076,RES_SOF_0031,JOB_SOF_0010,"Junior Java Developer with B.Tech in CS. Knowledge of Java, Data Structures, OOP, SQL, and HTML/CSS. Project experience building an e-commerce backend. (Candidate Ref 31)","Senior Java Microservices Architect requiring 5+ years experience in Java 17, Spring Cloud, AWS, and Docker. (Job Posting Ref 10)",,,,PENDING
PAIR_0077,RES_SOF_0031,JOB_SOF_0011,"Junior Java Developer with B.Tech in CS. Knowledge of Java, Data Structures, OOP, SQL, and HTML/CSS. Project experience building an e-commerce backend. (Candidate Ref 31)","Looking for Backend Java Developer with 2-4 years experience in Java, Spring Boot, REST APIs, and MySQL. (Job Posting Ref 11)",,,,PENDING
PAIR_0078,RES_SOF_0031,JOB_WEB_0033,"Junior Java Developer with B.Tech in CS. Knowledge of Java, Data Structures, OOP, SQL, and HTML/CSS. Project experience building an e-commerce backend. (Candidate Ref 31)","Full Stack JavaScript Developer needed. Requirements: Node.js, React, MongoDB, and TypeScript. (Job Posting Ref 33)",,,,PENDING
PAIR_0079,RES_SOF_0032,JOB_SOF_0011,"Senior Software Developer with 6 years experience in Java, Microservices, AWS, Docker, Kubernetes, and Redis. Proven track record leading dev teams. (Candidate Ref 32)","Looking for Backend Java Developer with 2-4 years experience in Java, Spring Boot, REST APIs, and MySQL. (Job Posting Ref 11)",,,,PENDING
PAIR_0080,RES_SOF_0032,JOB_SOF_0012,"Senior Software Developer with 6 years experience in Java, Microservices, AWS, Docker, Kubernetes, and Redis. Proven track record leading dev teams. (Candidate Ref 32)","Senior Java Microservices Architect requiring 5+ years experience in Java 17, Spring Cloud, AWS, and Docker. (Job Posting Ref 12)",,,,PENDING
PAIR_0081,RES_SOF_0033,JOB_SOF_0008,"Java Developer with 3+ years experience building Spring Boot microservices, REST APIs, and MySQL databases. Proficient in Git, JUnit, Docker, and CI/CD pipelines. (Candidate Ref 33)","Senior Java Microservices Architect requiring 5+ years experience in Java 17, Spring Cloud, AWS, and Docker. (Job Posting Ref 8)",,,,PENDING
PAIR_0082,RES_SOF_0033,JOB_SOF_0009,"Java Developer with 3+ years experience building Spring Boot microservices, REST APIs, and MySQL databases. Proficient in Git, JUnit, Docker, and CI/CD pipelines. (Candidate Ref 33)","Looking for Backend Java Developer with 2-4 years experience in Java, Spring Boot, REST APIs, and MySQL. (Job Posting Ref 9)",,,,PENDING
PAIR_0083,RES_SOF_0033,JOB_DAT_0069,"Java Developer with 3+ years experience building Spring Boot microservices, REST APIs, and MySQL databases. Proficient in Git, JUnit, Docker, and CI/CD pipelines. (Candidate Ref 33)","Hiring Data Analyst with strong SQL, Python (Pandas/NumPy), and Tableau data visualization skills. (Job Posting Ref 69)",,,,PENDING
PAIR_0084,RES_SOF_0034,JOB_SOF_0019,"Backend Engineer specializing in Java 17, Spring Security, Hibernate, PostgreSQL, and Kafka. Demonstrated background in unit testing and scalable architecture. (Candidate Ref 34)","Looking for Backend Java Developer with 2-4 years experience in Java, Spring Boot, REST APIs, and MySQL. (Job Posting Ref 19)",,,,PENDING
PAIR_0085,RES_SOF_0034,JOB_SOF_0020,"Backend Engineer specializing in Java 17, Spring Security, Hibernate, PostgreSQL, and Kafka. Demonstrated background in unit testing and scalable architecture. (Candidate Ref 34)","Senior Java Microservices Architect requiring 5+ years experience in Java 17, Spring Cloud, AWS, and Docker. (Job Posting Ref 20)",,,,PENDING
PAIR_0086,RES_SOF_0035,JOB_SOF_0016,"Junior Java Developer with B.Tech in CS. Knowledge of Java, Data Structures, OOP, SQL, and HTML/CSS. Project experience building an e-commerce backend. (Candidate Ref 35)","Senior Java Microservices Architect requiring 5+ years experience in Java 17, Spring Cloud, AWS, and Docker. (Job Posting Ref 16)",,,,PENDING
PAIR_0087,RES_SOF_0035,JOB_SOF_0017,"Junior Java Developer with B.Tech in CS. Knowledge of Java, Data Structures, OOP, SQL, and HTML/CSS. Project experience building an e-commerce backend. (Candidate Ref 35)","Looking for Backend Java Developer with 2-4 years experience in Java, Spring Boot, REST APIs, and MySQL. (Job Posting Ref 17)",,,,PENDING
PAIR_0088,RES_SOF_0035,JOB_DEV_0084,"Junior Java Developer with B.Tech in CS. Knowledge of Java, Data Structures, OOP, SQL, and HTML/CSS. Project experience building an e-commerce backend. (Candidate Ref 35)","Looking for DevOps Engineer with experience in AWS, Docker, Kubernetes, CI/CD pipelines, and Terraform. (Job Posting Ref 84)",,,,PENDING
PAIR_0089,RES_SOF_0036,JOB_SOF_0007,"Senior Software Developer with 6 years experience in Java, Microservices, AWS, Docker, Kubernetes, and Redis. Proven track record leading dev teams. (Candidate Ref 36)","Looking for Backend Java Developer with 2-4 years experience in Java, Spring Boot, REST APIs, and MySQL. (Job Posting Ref 7)",,,,PENDING
PAIR_0090,RES_SOF_0036,JOB_SOF_0008,"Senior Software Developer with 6 years experience in Java, Microservices, AWS, Docker, Kubernetes, and Redis. Proven track record leading dev teams. (Candidate Ref 36)","Senior Java Microservices Architect requiring 5+ years experience in Java 17, Spring Cloud, AWS, and Docker. (Job Posting Ref 8)",,,,PENDING
PAIR_0091,RES_SOF_0037,JOB_SOF_0011,"Java Developer with 3+ years experience building Spring Boot microservices, REST APIs, and MySQL databases. Proficient in Git, JUnit, Docker, and CI/CD pipelines. (Candidate Ref 37)","Looking for Backend Java Developer with 2-4 years experience in Java, Spring Boot, REST APIs, and MySQL. (Job Posting Ref 11)",,,,PENDING
PAIR_0092,RES_SOF_0037,JOB_SOF_0012,"Java Developer with 3+ years experience building Spring Boot microservices, REST APIs, and MySQL databases. Proficient in Git, JUnit, Docker, and CI/CD pipelines. (Candidate Ref 37)","Senior Java Microservices Architect requiring 5+ years experience in Java 17, Spring Cloud, AWS, and Docker. (Job Posting Ref 12)",,,,PENDING
PAIR_0093,RES_SOF_0037,JOB_WEB_0036,"Java Developer with 3+ years experience building Spring Boot microservices, REST APIs, and MySQL databases. Proficient in Git, JUnit, Docker, and CI/CD pipelines. (Candidate Ref 37)","Seeking React Frontend Developer with 2+ years experience in React.js, JavaScript (ES6+), HTML5/CSS3, and REST API integration. (Job Posting Ref 36)",,,,PENDING
PAIR_0094,RES_SOF_0038,JOB_SOF_0014,"Backend Engineer specializing in Java 17, Spring Security, Hibernate, PostgreSQL, and Kafka. Demonstrated background in unit testing and scalable architecture. (Candidate Ref 38)","Senior Java Microservices Architect requiring 5+ years experience in Java 17, Spring Cloud, AWS, and Docker. (Job Posting Ref 14)",,,,PENDING
PAIR_0095,RES_SOF_0038,JOB_SOF_0015,"Backend Engineer specializing in Java 17, Spring Security, Hibernate, PostgreSQL, and Kafka. Demonstrated background in unit testing and scalable architecture. (Candidate Ref 38)","Looking for Backend Java Developer with 2-4 years experience in Java, Spring Boot, REST APIs, and MySQL. (Job Posting Ref 15)",,,,PENDING
PAIR_0096,RES_SOF_0039,JOB_SOF_0010,"Junior Java Developer with B.Tech in CS. Knowledge of Java, Data Structures, OOP, SQL, and HTML/CSS. Project experience building an e-commerce backend. (Candidate Ref 39)","Senior Java Microservices Architect requiring 5+ years experience in Java 17, Spring Cloud, AWS, and Docker. (Job Posting Ref 10)",,,,PENDING
PAIR_0097,RES_SOF_0039,JOB_SOF_0011,"Junior Java Developer with B.Tech in CS. Knowledge of Java, Data Structures, OOP, SQL, and HTML/CSS. Project experience building an e-commerce backend. (Candidate Ref 39)","Looking for Backend Java Developer with 2-4 years experience in Java, Spring Boot, REST APIs, and MySQL. (Job Posting Ref 11)",,,,PENDING
PAIR_0098,RES_SOF_0039,JOB_DEV_0087,"Junior Java Developer with B.Tech in CS. Knowledge of Java, Data Structures, OOP, SQL, and HTML/CSS. Project experience building an e-commerce backend. (Candidate Ref 39)","Cloud Security & DevOps Specialist required. Mandatory skills: Azure, Docker, Kubernetes, and Linux automation. (Job Posting Ref 87)",,,,PENDING
PAIR_0099,RES_SOF_0040,JOB_SOF_0004,"Senior Software Developer with 6 years experience in Java, Microservices, AWS, Docker, Kubernetes, and Redis. Proven track record leading dev teams. (Candidate Ref 40)","Senior Java Microservices Architect requiring 5+ years experience in Java 17, Spring Cloud, AWS, and Docker. (Job Posting Ref 4)",,,,PENDING
PAIR_0100,RES_SOF_0040,JOB_SOF_0005,"Senior Software Developer with 6 years experience in Java, Microservices, AWS, Docker, Kubernetes, and Redis. Proven track record leading dev teams. (Candidate Ref 40)","Looking for Backend Java Developer with 2-4 years experience in Java, Spring Boot, REST APIs, and MySQL. (Job Posting Ref 5)",,,,PENDING
PAIR_0101,RES_SOF_0041,JOB_SOF_0023,"Java Developer with 3+ years experience building Spring Boot microservices, REST APIs, and MySQL databases. Proficient in Git, JUnit, Docker, and CI/CD pipelines. (Candidate Ref 41)","Looking for Backend Java Developer with 2-4 years experience in Java, Spring Boot, REST APIs, and MySQL. (Job Posting Ref 23)",,,,PENDING
PAIR_0102,RES_SOF_0041,JOB_SOF_0024,"Java Developer with 3+ years experience building Spring Boot microservices, REST APIs, and MySQL databases. Proficient in Git, JUnit, Docker, and CI/CD pipelines. (Candidate Ref 41)","Senior Java Microservices Architect requiring 5+ years experience in Java 17, Spring Cloud, AWS, and Docker. (Job Posting Ref 24)",,,,PENDING
PAIR_0103,RES_SOF_0041,JOB_WEB_0045,"Java Developer with 3+ years experience building Spring Boot microservices, REST APIs, and MySQL databases. Proficient in Git, JUnit, Docker, and CI/CD pipelines. (Candidate Ref 41)","Full Stack JavaScript Developer needed. Requirements: Node.js, React, MongoDB, and TypeScript. (Job Posting Ref 45)",,,,PENDING
PAIR_0104,RES_SOF_0042,JOB_SOF_0003,"Backend Engineer specializing in Java 17, Spring Security, Hibernate, PostgreSQL, and Kafka. Demonstrated background in unit testing and scalable architecture. (Candidate Ref 42)","Looking for Backend Java Developer with 2-4 years experience in Java, Spring Boot, REST APIs, and MySQL. (Job Posting Ref 3)",,,,PENDING
PAIR_0105,RES_SOF_0042,JOB_SOF_0004,"Backend Engineer specializing in Java 17, Spring Security, Hibernate, PostgreSQL, and Kafka. Demonstrated background in unit testing and scalable architecture. (Candidate Ref 42)","Senior Java Microservices Architect requiring 5+ years experience in Java 17, Spring Cloud, AWS, and Docker. (Job Posting Ref 4)",,,,PENDING
PAIR_0106,RES_SOF_0043,JOB_SOF_0002,"Junior Java Developer with B.Tech in CS. Knowledge of Java, Data Structures, OOP, SQL, and HTML/CSS. Project experience building an e-commerce backend. (Candidate Ref 43)","Senior Java Microservices Architect requiring 5+ years experience in Java 17, Spring Cloud, AWS, and Docker. (Job Posting Ref 2)",,,,PENDING
PAIR_0107,RES_SOF_0043,JOB_SOF_0003,"Junior Java Developer with B.Tech in CS. Knowledge of Java, Data Structures, OOP, SQL, and HTML/CSS. Project experience building an e-commerce backend. (Candidate Ref 43)","Looking for Backend Java Developer with 2-4 years experience in Java, Spring Boot, REST APIs, and MySQL. (Job Posting Ref 3)",,,,PENDING
PAIR_0108,RES_SOF_0043,JOB_QA _0120,"Junior Java Developer with B.Tech in CS. Knowledge of Java, Data Structures, OOP, SQL, and HTML/CSS. Project experience building an e-commerce backend. (Candidate Ref 43)","Senior Software Quality Assurance Lead requiring Selenium, Python automation, Postman API testing, and Jira defect tracking. (Job Posting Ref 120)",,,,PENDING
PAIR_0109,RES_SOF_0044,JOB_SOF_0020,"Senior Software Developer with 6 years experience in Java, Microservices, AWS, Docker, Kubernetes, and Redis. Proven track record leading dev teams. (Candidate Ref 44)","Senior Java Microservices Architect requiring 5+ years experience in Java 17, Spring Cloud, AWS, and Docker. (Job Posting Ref 20)",,,,PENDING
PAIR_0110,RES_SOF_0044,JOB_SOF_0021,"Senior Software Developer with 6 years experience in Java, Microservices, AWS, Docker, Kubernetes, and Redis. Proven track record leading dev teams. (Candidate Ref 44)","Looking for Backend Java Developer with 2-4 years experience in Java, Spring Boot, REST APIs, and MySQL. (Job Posting Ref 21)",,,,PENDING
PAIR_0111,RES_SOF_0045,JOB_SOF_0024,"Java Developer with 3+ years experience building Spring Boot microservices, REST APIs, and MySQL databases. Proficient in Git, JUnit, Docker, and CI/CD pipelines. (Candidate Ref 45)","Senior Java Microservices Architect requiring 5+ years experience in Java 17, Spring Cloud, AWS, and Docker. (Job Posting Ref 24)",,,,PENDING
PAIR_0112,RES_SOF_0045,JOB_SOF_0025,"Java Developer with 3+ years experience building Spring Boot microservices, REST APIs, and MySQL databases. Proficient in Git, JUnit, Docker, and CI/CD pipelines. (Candidate Ref 45)","Looking for Backend Java Developer with 2-4 years experience in Java, Spring Boot, REST APIs, and MySQL. (Job Posting Ref 25)",,,,PENDING
PAIR_0113,RES_SOF_0045,JOB_WEB_0045,"Java Developer with 3+ years experience building Spring Boot microservices, REST APIs, and MySQL databases. Proficient in Git, JUnit, Docker, and CI/CD pipelines. (Candidate Ref 45)","Full Stack JavaScript Developer needed. Requirements: Node.js, React, MongoDB, and TypeScript. (Job Posting Ref 45)",,,,PENDING
PAIR_0114,RES_SOF_0046,JOB_SOF_0001,"Backend Engineer specializing in Java 17, Spring Security, Hibernate, PostgreSQL, and Kafka. Demonstrated background in unit testing and scalable architecture. (Candidate Ref 46)","Looking for Backend Java Developer with 2-4 years experience in Java, Spring Boot, REST APIs, and MySQL. (Job Posting Ref 1)",,,,PENDING
PAIR_0115,RES_SOF_0046,JOB_SOF_0002,"Backend Engineer specializing in Java 17, Spring Security, Hibernate, PostgreSQL, and Kafka. Demonstrated background in unit testing and scalable architecture. (Candidate Ref 46)","Senior Java Microservices Architect requiring 5+ years experience in Java 17, Spring Cloud, AWS, and Docker. (Job Posting Ref 2)",,,,PENDING
PAIR_0116,RES_SOF_0047,JOB_SOF_0025,"Junior Java Developer with B.Tech in CS. Knowledge of Java, Data Structures, OOP, SQL, and HTML/CSS. Project experience building an e-commerce backend. (Candidate Ref 47)","Looking for Backend Java Developer with 2-4 years experience in Java, Spring Boot, REST APIs, and MySQL. (Job Posting Ref 25)",,,,PENDING
PAIR_0117,RES_SOF_0047,JOB_SOF_0001,"Junior Java Developer with B.Tech in CS. Knowledge of Java, Data Structures, OOP, SQL, and HTML/CSS. Project experience building an e-commerce backend. (Candidate Ref 47)","Looking for Backend Java Developer with 2-4 years experience in Java, Spring Boot, REST APIs, and MySQL. (Job Posting Ref 1)",,,,PENDING
PAIR_0118,RES_SOF_0047,JOB_QA _0116,"Junior Java Developer with B.Tech in CS. Knowledge of Java, Data Structures, OOP, SQL, and HTML/CSS. Project experience building an e-commerce backend. (Candidate Ref 47)","Senior Software Quality Assurance Lead requiring Selenium, Python automation, Postman API testing, and Jira defect tracking. (Job Posting Ref 116)",,,,PENDING
PAIR_0119,RES_SOF_0048,JOB_SOF_0002,"Senior Software Developer with 6 years experience in Java, Microservices, AWS, Docker, Kubernetes, and Redis. Proven track record leading dev teams. (Candidate Ref 48)","Senior Java Microservices Architect requiring 5+ years experience in Java 17, Spring Cloud, AWS, and Docker. (Job Posting Ref 2)",,,,PENDING
PAIR_0120,RES_SOF_0048,JOB_SOF_0003,"Senior Software Developer with 6 years experience in Java, Microservices, AWS, Docker, Kubernetes, and Redis. Proven track record leading dev teams. (Candidate Ref 48)","Looking for Backend Java Developer with 2-4 years experience in Java, Spring Boot, REST APIs, and MySQL. (Job Posting Ref 3)",,,,PENDING
PAIR_0121,RES_SOF_0049,JOB_SOF_0004,"Java Developer with 3+ years experience building Spring Boot microservices, REST APIs, and MySQL databases. Proficient in Git, JUnit, Docker, and CI/CD pipelines. (Candidate Ref 49)","Senior Java Microservices Architect requiring 5+ years experience in Java 17, Spring Cloud, AWS, and Docker. (Job Posting Ref 4)",,,,PENDING
PAIR_0122,RES_SOF_0049,JOB_SOF_0005,"Java Developer with 3+ years experience building Spring Boot microservices, REST APIs, and MySQL databases. Proficient in Git, JUnit, Docker, and CI/CD pipelines. (Candidate Ref 49)","Looking for Backend Java Developer with 2-4 years experience in Java, Spring Boot, REST APIs, and MySQL. (Job Posting Ref 5)",,,,PENDING
PAIR_0123,RES_SOF_0049,JOB_DAT_0055,"Java Developer with 3+ years experience building Spring Boot microservices, REST APIs, and MySQL databases. Proficient in Git, JUnit, Docker, and CI/CD pipelines. (Candidate Ref 49)","Hiring Data Analyst with strong SQL, Python (Pandas/NumPy), and Tableau data visualization skills. (Job Posting Ref 55)",,,,PENDING
PAIR_0124,RES_SOF_0050,JOB_SOF_0024,"Backend Engineer specializing in Java 17, Spring Security, Hibernate, PostgreSQL, and Kafka. Demonstrated background in unit testing and scalable architecture. (Candidate Ref 50)","Senior Java Microservices Architect requiring 5+ years experience in Java 17, Spring Cloud, AWS, and Docker. (Job Posting Ref 24)",,,,PENDING
PAIR_0125,RES_SOF_0050,JOB_SOF_0025,"Backend Engineer specializing in Java 17, Spring Security, Hibernate, PostgreSQL, and Kafka. Demonstrated background in unit testing and scalable architecture. (Candidate Ref 50)","Looking for Backend Java Developer with 2-4 years experience in Java, Spring Boot, REST APIs, and MySQL. (Job Posting Ref 25)",,,,PENDING
PAIR_0126,RES_SOF_0051,JOB_SOF_0009,"Junior Java Developer with B.Tech in CS. Knowledge of Java, Data Structures, OOP, SQL, and HTML/CSS. Project experience building an e-commerce backend. (Candidate Ref 51)","Looking for Backend Java Developer with 2-4 years experience in Java, Spring Boot, REST APIs, and MySQL. (Job Posting Ref 9)",,,,PENDING
PAIR_0127,RES_SOF_0051,JOB_SOF_0010,"Junior Java Developer with B.Tech in CS. Knowledge of Java, Data Structures, OOP, SQL, and HTML/CSS. Project experience building an e-commerce backend. (Candidate Ref 51)","Senior Java Microservices Architect requiring 5+ years experience in Java 17, Spring Cloud, AWS, and Docker. (Job Posting Ref 10)",,,,PENDING
PAIR_0128,RES_SOF_0051,JOB_QA _0112,"Junior Java Developer with B.Tech in CS. Knowledge of Java, Data Structures, OOP, SQL, and HTML/CSS. Project experience building an e-commerce backend. (Candidate Ref 51)","Senior Software Quality Assurance Lead requiring Selenium, Python automation, Postman API testing, and Jira defect tracking. (Job Posting Ref 112)",,,,PENDING
PAIR_0129,RES_SOF_0052,JOB_SOF_0011,"Senior Software Developer with 6 years experience in Java, Microservices, AWS, Docker, Kubernetes, and Redis. Proven track record leading dev teams. (Candidate Ref 52)","Looking for Backend Java Developer with 2-4 years experience in Java, Spring Boot, REST APIs, and MySQL. (Job Posting Ref 11)",,,,PENDING
PAIR_0130,RES_SOF_0052,JOB_SOF_0012,"Senior Software Developer with 6 years experience in Java, Microservices, AWS, Docker, Kubernetes, and Redis. Proven track record leading dev teams. (Candidate Ref 52)","Senior Java Microservices Architect requiring 5+ years experience in Java 17, Spring Cloud, AWS, and Docker. (Job Posting Ref 12)",,,,PENDING
PAIR_0131,RES_SOF_0053,JOB_SOF_0001,"Java Developer with 3+ years experience building Spring Boot microservices, REST APIs, and MySQL databases. Proficient in Git, JUnit, Docker, and CI/CD pipelines. (Candidate Ref 53)","Looking for Backend Java Developer with 2-4 years experience in Java, Spring Boot, REST APIs, and MySQL. (Job Posting Ref 1)",,,,PENDING
PAIR_0132,RES_SOF_0053,JOB_SOF_0002,"Java Developer with 3+ years experience building Spring Boot microservices, REST APIs, and MySQL databases. Proficient in Git, JUnit, Docker, and CI/CD pipelines. (Candidate Ref 53)","Senior Java Microservices Architect requiring 5+ years experience in Java 17, Spring Cloud, AWS, and Docker. (Job Posting Ref 2)",,,,PENDING
PAIR_0133,RES_SOF_0053,JOB_QA _0119,"Java Developer with 3+ years experience building Spring Boot microservices, REST APIs, and MySQL databases. Proficient in Git, JUnit, Docker, and CI/CD pipelines. (Candidate Ref 53)","Hiring QA Automation Engineer with strong Java, Selenium WebDriver, TestNG, and REST API testing skills. (Job Posting Ref 119)",,,,PENDING
PAIR_0134,RES_SOF_0054,JOB_SOF_0001,"Backend Engineer specializing in Java 17, Spring Security, Hibernate, PostgreSQL, and Kafka. Demonstrated background in unit testing and scalable architecture. (Candidate Ref 54)","Looking for Backend Java Developer with 2-4 years experience in Java, Spring Boot, REST APIs, and MySQL. (Job Posting Ref 1)",,,,PENDING
PAIR_0135,RES_SOF_0054,JOB_SOF_0002,"Backend Engineer specializing in Java 17, Spring Security, Hibernate, PostgreSQL, and Kafka. Demonstrated background in unit testing and scalable architecture. (Candidate Ref 54)","Senior Java Microservices Architect requiring 5+ years experience in Java 17, Spring Cloud, AWS, and Docker. (Job Posting Ref 2)",,,,PENDING
PAIR_0136,RES_SOF_0055,JOB_SOF_0020,"Junior Java Developer with B.Tech in CS. Knowledge of Java, Data Structures, OOP, SQL, and HTML/CSS. Project experience building an e-commerce backend. (Candidate Ref 55)","Senior Java Microservices Architect requiring 5+ years experience in Java 17, Spring Cloud, AWS, and Docker. (Job Posting Ref 20)",,,,PENDING
PAIR_0137,RES_SOF_0055,JOB_SOF_0021,"Junior Java Developer with B.Tech in CS. Knowledge of Java, Data Structures, OOP, SQL, and HTML/CSS. Project experience building an e-commerce backend. (Candidate Ref 55)","Looking for Backend Java Developer with 2-4 years experience in Java, Spring Boot, REST APIs, and MySQL. (Job Posting Ref 21)",,,,PENDING
PAIR_0138,RES_SOF_0055,JOB_WEB_0029,"Junior Java Developer with B.Tech in CS. Knowledge of Java, Data Structures, OOP, SQL, and HTML/CSS. Project experience building an e-commerce backend. (Candidate Ref 55)","Full Stack JavaScript Developer needed. Requirements: Node.js, React, MongoDB, and TypeScript. (Job Posting Ref 29)",,,,PENDING
PAIR_0139,RES_SOF_0056,JOB_SOF_0018,"Senior Software Developer with 6 years experience in Java, Microservices, AWS, Docker, Kubernetes, and Redis. Proven track record leading dev teams. (Candidate Ref 56)","Senior Java Microservices Architect requiring 5+ years experience in Java 17, Spring Cloud, AWS, and Docker. (Job Posting Ref 18)",,,,PENDING
PAIR_0140,RES_SOF_0056,JOB_SOF_0019,"Senior Software Developer with 6 years experience in Java, Microservices, AWS, Docker, Kubernetes, and Redis. Proven track record leading dev teams. (Candidate Ref 56)","Looking for Backend Java Developer with 2-4 years experience in Java, Spring Boot, REST APIs, and MySQL. (Job Posting Ref 19)",,,,PENDING
PAIR_0141,RES_SOF_0057,JOB_SOF_0008,"Java Developer with 3+ years experience building Spring Boot microservices, REST APIs, and MySQL databases. Proficient in Git, JUnit, Docker, and CI/CD pipelines. (Candidate Ref 57)","Senior Java Microservices Architect requiring 5+ years experience in Java 17, Spring Cloud, AWS, and Docker. (Job Posting Ref 8)",,,,PENDING
PAIR_0142,RES_SOF_0057,JOB_SOF_0009,"Java Developer with 3+ years experience building Spring Boot microservices, REST APIs, and MySQL databases. Proficient in Git, JUnit, Docker, and CI/CD pipelines. (Candidate Ref 57)","Looking for Backend Java Developer with 2-4 years experience in Java, Spring Boot, REST APIs, and MySQL. (Job Posting Ref 9)",,,,PENDING
PAIR_0143,RES_SOF_0057,JOB_QA _0119,"Java Developer with 3+ years experience building Spring Boot microservices, REST APIs, and MySQL databases. Proficient in Git, JUnit, Docker, and CI/CD pipelines. (Candidate Ref 57)","Hiring QA Automation Engineer with strong Java, Selenium WebDriver, TestNG, and REST API testing skills. (Job Posting Ref 119)",,,,PENDING
PAIR_0144,RES_SOF_0058,JOB_SOF_0010,"Backend Engineer specializing in Java 17, Spring Security, Hibernate, PostgreSQL, and Kafka. Demonstrated background in unit testing and scalable architecture. (Candidate Ref 58)","Senior Java Microservices Architect requiring 5+ years experience in Java 17, Spring Cloud, AWS, and Docker. (Job Posting Ref 10)",,,,PENDING
PAIR_0145,RES_SOF_0058,JOB_SOF_0011,"Backend Engineer specializing in Java 17, Spring Security, Hibernate, PostgreSQL, and Kafka. Demonstrated background in unit testing and scalable architecture. (Candidate Ref 58)","Looking for Backend Java Developer with 2-4 years experience in Java, Spring Boot, REST APIs, and MySQL. (Job Posting Ref 11)",,,,PENDING
PAIR_0146,RES_SOF_0059,JOB_SOF_0020,"Junior Java Developer with B.Tech in CS. Knowledge of Java, Data Structures, OOP, SQL, and HTML/CSS. Project experience building an e-commerce backend. (Candidate Ref 59)","Senior Java Microservices Architect requiring 5+ years experience in Java 17, Spring Cloud, AWS, and Docker. (Job Posting Ref 20)",,,,PENDING
PAIR_0147,RES_SOF_0059,JOB_SOF_0021,"Junior Java Developer with B.Tech in CS. Knowledge of Java, Data Structures, OOP, SQL, and HTML/CSS. Project experience building an e-commerce backend. (Candidate Ref 59)","Looking for Backend Java Developer with 2-4 years experience in Java, Spring Boot, REST APIs, and MySQL. (Job Posting Ref 21)",,,,PENDING
PAIR_0148,RES_SOF_0059,JOB_QA _0124,"Junior Java Developer with B.Tech in CS. Knowledge of Java, Data Structures, OOP, SQL, and HTML/CSS. Project experience building an e-commerce backend. (Candidate Ref 59)","Senior Software Quality Assurance Lead requiring Selenium, Python automation, Postman API testing, and Jira defect tracking. (Job Posting Ref 124)",,,,PENDING
PAIR_0149,RES_SOF_0060,JOB_SOF_0005,"Senior Software Developer with 6 years experience in Java, Microservices, AWS, Docker, Kubernetes, and Redis. Proven track record leading dev teams. (Candidate Ref 60)","Looking for Backend Java Developer with 2-4 years experience in Java, Spring Boot, REST APIs, and MySQL. (Job Posting Ref 5)",,,,PENDING
PAIR_0150,RES_SOF_0060,JOB_SOF_0006,"Senior Software Developer with 6 years experience in Java, Microservices, AWS, Docker, Kubernetes, and Redis. Proven track record leading dev teams. (Candidate Ref 60)","Senior Java Microservices Architect requiring 5+ years experience in Java 17, Spring Cloud, AWS, and Docker. (Job Posting Ref 6)",,,,PENDING
PAIR_0151,RES_SOF_0061,JOB_SOF_0023,"Java Developer with 3+ years experience building Spring Boot microservices, REST APIs, and MySQL databases. Proficient in Git, JUnit, Docker, and CI/CD pipelines. (Candidate Ref 61)","Looking for Backend Java Developer with 2-4 years experience in Java, Spring Boot, REST APIs, and MySQL. (Job Posting Ref 23)",,,,PENDING
PAIR_0152,RES_SOF_0061,JOB_SOF_0024,"Java Developer with 3+ years experience building Spring Boot microservices, REST APIs, and MySQL databases. Proficient in Git, JUnit, Docker, and CI/CD pipelines. (Candidate Ref 61)","Senior Java Microservices Architect requiring 5+ years experience in Java 17, Spring Cloud, AWS, and Docker. (Job Posting Ref 24)",,,,PENDING
PAIR_0153,RES_SOF_0061,JOB_QA _0122,"Java Developer with 3+ years experience building Spring Boot microservices, REST APIs, and MySQL databases. Proficient in Git, JUnit, Docker, and CI/CD pipelines. (Candidate Ref 61)","Senior Software Quality Assurance Lead requiring Selenium, Python automation, Postman API testing, and Jira defect tracking. (Job Posting Ref 122)",,,,PENDING
PAIR_0154,RES_SOF_0062,JOB_SOF_0024,"Backend Engineer specializing in Java 17, Spring Security, Hibernate, PostgreSQL, and Kafka. Demonstrated background in unit testing and scalable architecture. (Candidate Ref 62)","Senior Java Microservices Architect requiring 5+ years experience in Java 17, Spring Cloud, AWS, and Docker. (Job Posting Ref 24)",,,,PENDING
PAIR_0155,RES_SOF_0062,JOB_SOF_0025,"Backend Engineer specializing in Java 17, Spring Security, Hibernate, PostgreSQL, and Kafka. Demonstrated background in unit testing and scalable architecture. (Candidate Ref 62)","Looking for Backend Java Developer with 2-4 years experience in Java, Spring Boot, REST APIs, and MySQL. (Job Posting Ref 25)",,,,PENDING
PAIR_0156,RES_SOF_0063,JOB_SOF_0021,"Junior Java Developer with B.Tech in CS. Knowledge of Java, Data Structures, OOP, SQL, and HTML/CSS. Project experience building an e-commerce backend. (Candidate Ref 63)","Looking for Backend Java Developer with 2-4 years experience in Java, Spring Boot, REST APIs, and MySQL. (Job Posting Ref 21)",,,,PENDING
PAIR_0157,RES_SOF_0063,JOB_SOF_0022,"Junior Java Developer with B.Tech in CS. Knowledge of Java, Data Structures, OOP, SQL, and HTML/CSS. Project experience building an e-commerce backend. (Candidate Ref 63)","Senior Java Microservices Architect requiring 5+ years experience in Java 17, Spring Cloud, AWS, and Docker. (Job Posting Ref 22)",,,,PENDING
PAIR_0158,RES_SOF_0063,JOB_DEV_0085,"Junior Java Developer with B.Tech in CS. Knowledge of Java, Data Structures, OOP, SQL, and HTML/CSS. Project experience building an e-commerce backend. (Candidate Ref 63)","Cloud Security & DevOps Specialist required. Mandatory skills: Azure, Docker, Kubernetes, and Linux automation. (Job Posting Ref 85)",,,,PENDING
PAIR_0159,RES_SOF_0064,JOB_SOF_0024,"Senior Software Developer with 6 years experience in Java, Microservices, AWS, Docker, Kubernetes, and Redis. Proven track record leading dev teams. (Candidate Ref 64)","Senior Java Microservices Architect requiring 5+ years experience in Java 17, Spring Cloud, AWS, and Docker. (Job Posting Ref 24)",,,,PENDING
PAIR_0160,RES_SOF_0064,JOB_SOF_0025,"Senior Software Developer with 6 years experience in Java, Microservices, AWS, Docker, Kubernetes, and Redis. Proven track record leading dev teams. (Candidate Ref 64)","Looking for Backend Java Developer with 2-4 years experience in Java, Spring Boot, REST APIs, and MySQL. (Job Posting Ref 25)",,,,PENDING
PAIR_0161,RES_SOF_0065,JOB_SOF_0005,"Java Developer with 3+ years experience building Spring Boot microservices, REST APIs, and MySQL databases. Proficient in Git, JUnit, Docker, and CI/CD pipelines. (Candidate Ref 65)","Looking for Backend Java Developer with 2-4 years experience in Java, Spring Boot, REST APIs, and MySQL. (Job Posting Ref 5)",,,,PENDING
PAIR_0162,RES_SOF_0065,JOB_SOF_0006,"Java Developer with 3+ years experience building Spring Boot microservices, REST APIs, and MySQL databases. Proficient in Git, JUnit, Docker, and CI/CD pipelines. (Candidate Ref 65)","Senior Java Microservices Architect requiring 5+ years experience in Java 17, Spring Cloud, AWS, and Docker. (Job Posting Ref 6)",,,,PENDING
PAIR_0163,RES_SOF_0065,JOB_QA _0102,"Java Developer with 3+ years experience building Spring Boot microservices, REST APIs, and MySQL databases. Proficient in Git, JUnit, Docker, and CI/CD pipelines. (Candidate Ref 65)","Senior Software Quality Assurance Lead requiring Selenium, Python automation, Postman API testing, and Jira defect tracking. (Job Posting Ref 102)",,,,PENDING
PAIR_0164,RES_SOF_0066,JOB_SOF_0002,"Backend Engineer specializing in Java 17, Spring Security, Hibernate, PostgreSQL, and Kafka. Demonstrated background in unit testing and scalable architecture. (Candidate Ref 66)","Senior Java Microservices Architect requiring 5+ years experience in Java 17, Spring Cloud, AWS, and Docker. (Job Posting Ref 2)",,,,PENDING
PAIR_0165,RES_SOF_0066,JOB_SOF_0003,"Backend Engineer specializing in Java 17, Spring Security, Hibernate, PostgreSQL, and Kafka. Demonstrated background in unit testing and scalable architecture. (Candidate Ref 66)","Looking for Backend Java Developer with 2-4 years experience in Java, Spring Boot, REST APIs, and MySQL. (Job Posting Ref 3)",,,,PENDING
PAIR_0166,RES_SOF_0067,JOB_SOF_0004,"Junior Java Developer with B.Tech in CS. Knowledge of Java, Data Structures, OOP, SQL, and HTML/CSS. Project experience building an e-commerce backend. (Candidate Ref 67)","Senior Java Microservices Architect requiring 5+ years experience in Java 17, Spring Cloud, AWS, and Docker. (Job Posting Ref 4)",,,,PENDING
PAIR_0167,RES_SOF_0067,JOB_SOF_0005,"Junior Java Developer with B.Tech in CS. Knowledge of Java, Data Structures, OOP, SQL, and HTML/CSS. Project experience building an e-commerce backend. (Candidate Ref 67)","Looking for Backend Java Developer with 2-4 years experience in Java, Spring Boot, REST APIs, and MySQL. (Job Posting Ref 5)",,,,PENDING
PAIR_0168,RES_SOF_0067,JOB_DEV_0096,"Junior Java Developer with B.Tech in CS. Knowledge of Java, Data Structures, OOP, SQL, and HTML/CSS. Project experience building an e-commerce backend. (Candidate Ref 67)","Looking for DevOps Engineer with experience in AWS, Docker, Kubernetes, CI/CD pipelines, and Terraform. (Job Posting Ref 96)",,,,PENDING
PAIR_0169,RES_SOF_0068,JOB_SOF_0016,"Senior Software Developer with 6 years experience in Java, Microservices, AWS, Docker, Kubernetes, and Redis. Proven track record leading dev teams. (Candidate Ref 68)","Senior Java Microservices Architect requiring 5+ years experience in Java 17, Spring Cloud, AWS, and Docker. (Job Posting Ref 16)",,,,PENDING
PAIR_0170,RES_SOF_0068,JOB_SOF_0017,"Senior Software Developer with 6 years experience in Java, Microservices, AWS, Docker, Kubernetes, and Redis. Proven track record leading dev teams. (Candidate Ref 68)","Looking for Backend Java Developer with 2-4 years experience in Java, Spring Boot, REST APIs, and MySQL. (Job Posting Ref 17)",,,,PENDING
PAIR_0171,RES_SOF_0069,JOB_SOF_0008,"Java Developer with 3+ years experience building Spring Boot microservices, REST APIs, and MySQL databases. Proficient in Git, JUnit, Docker, and CI/CD pipelines. (Candidate Ref 69)","Senior Java Microservices Architect requiring 5+ years experience in Java 17, Spring Cloud, AWS, and Docker. (Job Posting Ref 8)",,,,PENDING
PAIR_0172,RES_SOF_0069,JOB_SOF_0009,"Java Developer with 3+ years experience building Spring Boot microservices, REST APIs, and MySQL databases. Proficient in Git, JUnit, Docker, and CI/CD pipelines. (Candidate Ref 69)","Looking for Backend Java Developer with 2-4 years experience in Java, Spring Boot, REST APIs, and MySQL. (Job Posting Ref 9)",,,,PENDING
PAIR_0173,RES_SOF_0069,JOB_DAT_0055,"Java Developer with 3+ years experience building Spring Boot microservices, REST APIs, and MySQL databases. Proficient in Git, JUnit, Docker, and CI/CD pipelines. (Candidate Ref 69)","Hiring Data Analyst with strong SQL, Python (Pandas/NumPy), and Tableau data visualization skills. (Job Posting Ref 55)",,,,PENDING
PAIR_0174,RES_SOF_0070,JOB_SOF_0009,"Backend Engineer specializing in Java 17, Spring Security, Hibernate, PostgreSQL, and Kafka. Demonstrated background in unit testing and scalable architecture. (Candidate Ref 70)","Looking for Backend Java Developer with 2-4 years experience in Java, Spring Boot, REST APIs, and MySQL. (Job Posting Ref 9)",,,,PENDING
PAIR_0175,RES_SOF_0070,JOB_SOF_0010,"Backend Engineer specializing in Java 17, Spring Security, Hibernate, PostgreSQL, and Kafka. Demonstrated background in unit testing and scalable architecture. (Candidate Ref 70)","Senior Java Microservices Architect requiring 5+ years experience in Java 17, Spring Cloud, AWS, and Docker. (Job Posting Ref 10)",,,,PENDING
PAIR_0176,RES_SOF_0071,JOB_SOF_0012,"Junior Java Developer with B.Tech in CS. Knowledge of Java, Data Structures, OOP, SQL, and HTML/CSS. Project experience building an e-commerce backend. (Candidate Ref 71)","Senior Java Microservices Architect requiring 5+ years experience in Java 17, Spring Cloud, AWS, and Docker. (Job Posting Ref 12)",,,,PENDING
PAIR_0177,RES_SOF_0071,JOB_SOF_0013,"Junior Java Developer with B.Tech in CS. Knowledge of Java, Data Structures, OOP, SQL, and HTML/CSS. Project experience building an e-commerce backend. (Candidate Ref 71)","Looking for Backend Java Developer with 2-4 years experience in Java, Spring Boot, REST APIs, and MySQL. (Job Posting Ref 13)",,,,PENDING
PAIR_0178,RES_SOF_0071,JOB_WEB_0035,"Junior Java Developer with B.Tech in CS. Knowledge of Java, Data Structures, OOP, SQL, and HTML/CSS. Project experience building an e-commerce backend. (Candidate Ref 71)","Full Stack JavaScript Developer needed. Requirements: Node.js, React, MongoDB, and TypeScript. (Job Posting Ref 35)",,,,PENDING
PAIR_0179,RES_SOF_0072,JOB_SOF_0022,"Senior Software Developer with 6 years experience in Java, Microservices, AWS, Docker, Kubernetes, and Redis. Proven track record leading dev teams. (Candidate Ref 72)","Senior Java Microservices Architect requiring 5+ years experience in Java 17, Spring Cloud, AWS, and Docker. (Job Posting Ref 22)",,,,PENDING
PAIR_0180,RES_SOF_0072,JOB_SOF_0023,"Senior Software Developer with 6 years experience in Java, Microservices, AWS, Docker, Kubernetes, and Redis. Proven track record leading dev teams. (Candidate Ref 72)","Looking for Backend Java Developer with 2-4 years experience in Java, Spring Boot, REST APIs, and MySQL. (Job Posting Ref 23)",,,,PENDING
PAIR_0181,RES_SOF_0073,JOB_SOF_0001,"Java Developer with 3+ years experience building Spring Boot microservices, REST APIs, and MySQL databases. Proficient in Git, JUnit, Docker, and CI/CD pipelines. (Candidate Ref 73)","Looking for Backend Java Developer with 2-4 years experience in Java, Spring Boot, REST APIs, and MySQL. (Job Posting Ref 1)",,,,PENDING
PAIR_0182,RES_SOF_0073,JOB_SOF_0002,"Java Developer with 3+ years experience building Spring Boot microservices, REST APIs, and MySQL databases. Proficient in Git, JUnit, Docker, and CI/CD pipelines. (Candidate Ref 73)","Senior Java Microservices Architect requiring 5+ years experience in Java 17, Spring Cloud, AWS, and Docker. (Job Posting Ref 2)",,,,PENDING
PAIR_0183,RES_SOF_0073,JOB_WEB_0048,"Java Developer with 3+ years experience building Spring Boot microservices, REST APIs, and MySQL databases. Proficient in Git, JUnit, Docker, and CI/CD pipelines. (Candidate Ref 73)","Seeking React Frontend Developer with 2+ years experience in React.js, JavaScript (ES6+), HTML5/CSS3, and REST API integration. (Job Posting Ref 48)",,,,PENDING
PAIR_0184,RES_SOF_0074,JOB_SOF_0022,"Backend Engineer specializing in Java 17, Spring Security, Hibernate, PostgreSQL, and Kafka. Demonstrated background in unit testing and scalable architecture. (Candidate Ref 74)","Senior Java Microservices Architect requiring 5+ years experience in Java 17, Spring Cloud, AWS, and Docker. (Job Posting Ref 22)",,,,PENDING
PAIR_0185,RES_SOF_0074,JOB_SOF_0023,"Backend Engineer specializing in Java 17, Spring Security, Hibernate, PostgreSQL, and Kafka. Demonstrated background in unit testing and scalable architecture. (Candidate Ref 74)","Looking for Backend Java Developer with 2-4 years experience in Java, Spring Boot, REST APIs, and MySQL. (Job Posting Ref 23)",,,,PENDING
PAIR_0186,RES_SOF_0075,JOB_SOF_0005,"Junior Java Developer with B.Tech in CS. Knowledge of Java, Data Structures, OOP, SQL, and HTML/CSS. Project experience building an e-commerce backend. (Candidate Ref 75)","Looking for Backend Java Developer with 2-4 years experience in Java, Spring Boot, REST APIs, and MySQL. (Job Posting Ref 5)",,,,PENDING
PAIR_0187,RES_SOF_0075,JOB_SOF_0006,"Junior Java Developer with B.Tech in CS. Knowledge of Java, Data Structures, OOP, SQL, and HTML/CSS. Project experience building an e-commerce backend. (Candidate Ref 75)","Senior Java Microservices Architect requiring 5+ years experience in Java 17, Spring Cloud, AWS, and Docker. (Job Posting Ref 6)",,,,PENDING
PAIR_0188,RES_SOF_0075,JOB_QA _0123,"Junior Java Developer with B.Tech in CS. Knowledge of Java, Data Structures, OOP, SQL, and HTML/CSS. Project experience building an e-commerce backend. (Candidate Ref 75)","Hiring QA Automation Engineer with strong Java, Selenium WebDriver, TestNG, and REST API testing skills. (Job Posting Ref 123)",,,,PENDING
PAIR_0189,RES_SOF_0076,JOB_SOF_0002,"Senior Software Developer with 6 years experience in Java, Microservices, AWS, Docker, Kubernetes, and Redis. Proven track record leading dev teams. (Candidate Ref 76)","Senior Java Microservices Architect requiring 5+ years experience in Java 17, Spring Cloud, AWS, and Docker. (Job Posting Ref 2)",,,,PENDING
PAIR_0190,RES_SOF_0076,JOB_SOF_0003,"Senior Software Developer with 6 years experience in Java, Microservices, AWS, Docker, Kubernetes, and Redis. Proven track record leading dev teams. (Candidate Ref 76)","Looking for Backend Java Developer with 2-4 years experience in Java, Spring Boot, REST APIs, and MySQL. (Job Posting Ref 3)",,,,PENDING
PAIR_0191,RES_SOF_0077,JOB_SOF_0007,"Java Developer with 3+ years experience building Spring Boot microservices, REST APIs, and MySQL databases. Proficient in Git, JUnit, Docker, and CI/CD pipelines. (Candidate Ref 77)","Looking for Backend Java Developer with 2-4 years experience in Java, Spring Boot, REST APIs, and MySQL. (Job Posting Ref 7)",,,,PENDING
PAIR_0192,RES_SOF_0077,JOB_SOF_0008,"Java Developer with 3+ years experience building Spring Boot microservices, REST APIs, and MySQL databases. Proficient in Git, JUnit, Docker, and CI/CD pipelines. (Candidate Ref 77)","Senior Java Microservices Architect requiring 5+ years experience in Java 17, Spring Cloud, AWS, and Docker. (Job Posting Ref 8)",,,,PENDING
PAIR_0193,RES_SOF_0077,JOB_DEV_0096,"Java Developer with 3+ years experience building Spring Boot microservices, REST APIs, and MySQL databases. Proficient in Git, JUnit, Docker, and CI/CD pipelines. (Candidate Ref 77)","Looking for DevOps Engineer with experience in AWS, Docker, Kubernetes, CI/CD pipelines, and Terraform. (Job Posting Ref 96)",,,,PENDING
PAIR_0194,RES_SOF_0078,JOB_SOF_0007,"Backend Engineer specializing in Java 17, Spring Security, Hibernate, PostgreSQL, and Kafka. Demonstrated background in unit testing and scalable architecture. (Candidate Ref 78)","Looking for Backend Java Developer with 2-4 years experience in Java, Spring Boot, REST APIs, and MySQL. (Job Posting Ref 7)",,,,PENDING
PAIR_0195,RES_SOF_0078,JOB_SOF_0008,"Backend Engineer specializing in Java 17, Spring Security, Hibernate, PostgreSQL, and Kafka. Demonstrated background in unit testing and scalable architecture. (Candidate Ref 78)","Senior Java Microservices Architect requiring 5+ years experience in Java 17, Spring Cloud, AWS, and Docker. (Job Posting Ref 8)",,,,PENDING
PAIR_0196,RES_SOF_0079,JOB_SOF_0021,"Junior Java Developer with B.Tech in CS. Knowledge of Java, Data Structures, OOP, SQL, and HTML/CSS. Project experience building an e-commerce backend. (Candidate Ref 79)","Looking for Backend Java Developer with 2-4 years experience in Java, Spring Boot, REST APIs, and MySQL. (Job Posting Ref 21)",,,,PENDING
PAIR_0197,RES_SOF_0079,JOB_SOF_0022,"Junior Java Developer with B.Tech in CS. Knowledge of Java, Data Structures, OOP, SQL, and HTML/CSS. Project experience building an e-commerce backend. (Candidate Ref 79)","Senior Java Microservices Architect requiring 5+ years experience in Java 17, Spring Cloud, AWS, and Docker. (Job Posting Ref 22)",,,,PENDING
PAIR_0198,RES_SOF_0079,JOB_WEB_0032,"Junior Java Developer with B.Tech in CS. Knowledge of Java, Data Structures, OOP, SQL, and HTML/CSS. Project experience building an e-commerce backend. (Candidate Ref 79)","Seeking React Frontend Developer with 2+ years experience in React.js, JavaScript (ES6+), HTML5/CSS3, and REST API integration. (Job Posting Ref 32)",,,,PENDING
PAIR_0199,RES_SOF_0080,JOB_SOF_0005,"Senior Software Developer with 6 years experience in Java, Microservices, AWS, Docker, Kubernetes, and Redis. Proven track record leading dev teams. (Candidate Ref 80)","Looking for Backend Java Developer with 2-4 years experience in Java, Spring Boot, REST APIs, and MySQL. (Job Posting Ref 5)",,,,PENDING
PAIR_0200,RES_SOF_0080,JOB_SOF_0006,"Senior Software Developer with 6 years experience in Java, Microservices, AWS, Docker, Kubernetes, and Redis. Proven track record leading dev teams. (Candidate Ref 80)","Senior Java Microservices Architect requiring 5+ years experience in Java 17, Spring Cloud, AWS, and Docker. (Job Posting Ref 6)",,,,PENDING
PAIR_0201,RES_SOF_0081,JOB_SOF_0022,"Java Developer with 3+ years experience building Spring Boot microservices, REST APIs, and MySQL databases. Proficient in Git, JUnit, Docker, and CI/CD pipelines. (Candidate Ref 81)","Senior Java Microservices Architect requiring 5+ years experience in Java 17, Spring Cloud, AWS, and Docker. (Job Posting Ref 22)",,,,PENDING
PAIR_0202,RES_SOF_0081,JOB_SOF_0023,"Java Developer with 3+ years experience building Spring Boot microservices, REST APIs, and MySQL databases. Proficient in Git, JUnit, Docker, and CI/CD pipelines. (Candidate Ref 81)","Looking for Backend Java Developer with 2-4 years experience in Java, Spring Boot, REST APIs, and MySQL. (Job Posting Ref 23)",,,,PENDING
PAIR_0203,RES_SOF_0081,JOB_DAT_0054,"Java Developer with 3+ years experience building Spring Boot microservices, REST APIs, and MySQL databases. Proficient in Git, JUnit, Docker, and CI/CD pipelines. (Candidate Ref 81)","Machine Learning Engineer position requiring Python, Scikit-Learn, PyTorch, and ML model training experience. (Job Posting Ref 54)",,,,PENDING
PAIR_0204,RES_SOF_0082,JOB_SOF_0009,"Backend Engineer specializing in Java 17, Spring Security, Hibernate, PostgreSQL, and Kafka. Demonstrated background in unit testing and scalable architecture. (Candidate Ref 82)","Looking for Backend Java Developer with 2-4 years experience in Java, Spring Boot, REST APIs, and MySQL. (Job Posting Ref 9)",,,,PENDING
PAIR_0205,RES_SOF_0082,JOB_SOF_0010,"Backend Engineer specializing in Java 17, Spring Security, Hibernate, PostgreSQL, and Kafka. Demonstrated background in unit testing and scalable architecture. (Candidate Ref 82)","Senior Java Microservices Architect requiring 5+ years experience in Java 17, Spring Cloud, AWS, and Docker. (Job Posting Ref 10)",,,,PENDING
PAIR_0206,RES_SOF_0083,JOB_SOF_0024,"Junior Java Developer with B.Tech in CS. Knowledge of Java, Data Structures, OOP, SQL, and HTML/CSS. Project experience building an e-commerce backend. (Candidate Ref 83)","Senior Java Microservices Architect requiring 5+ years experience in Java 17, Spring Cloud, AWS, and Docker. (Job Posting Ref 24)",,,,PENDING
PAIR_0207,RES_SOF_0083,JOB_SOF_0025,"Junior Java Developer with B.Tech in CS. Knowledge of Java, Data Structures, OOP, SQL, and HTML/CSS. Project experience building an e-commerce backend. (Candidate Ref 83)","Looking for Backend Java Developer with 2-4 years experience in Java, Spring Boot, REST APIs, and MySQL. (Job Posting Ref 25)",,,,PENDING
PAIR_0208,RES_SOF_0083,JOB_DEV_0078,"Junior Java Developer with B.Tech in CS. Knowledge of Java, Data Structures, OOP, SQL, and HTML/CSS. Project experience building an e-commerce backend. (Candidate Ref 83)","Looking for DevOps Engineer with experience in AWS, Docker, Kubernetes, CI/CD pipelines, and Terraform. (Job Posting Ref 78)",,,,PENDING
PAIR_0209,RES_SOF_0084,JOB_SOF_0008,"Senior Software Developer with 6 years experience in Java, Microservices, AWS, Docker, Kubernetes, and Redis. Proven track record leading dev teams. (Candidate Ref 84)","Senior Java Microservices Architect requiring 5+ years experience in Java 17, Spring Cloud, AWS, and Docker. (Job Posting Ref 8)",,,,PENDING
PAIR_0210,RES_SOF_0084,JOB_SOF_0009,"Senior Software Developer with 6 years experience in Java, Microservices, AWS, Docker, Kubernetes, and Redis. Proven track record leading dev teams. (Candidate Ref 84)","Looking for Backend Java Developer with 2-4 years experience in Java, Spring Boot, REST APIs, and MySQL. (Job Posting Ref 9)",,,,PENDING
PAIR_0211,RES_SOF_0085,JOB_SOF_0023,"Java Developer with 3+ years experience building Spring Boot microservices, REST APIs, and MySQL databases. Proficient in Git, JUnit, Docker, and CI/CD pipelines. (Candidate Ref 85)","Looking for Backend Java Developer with 2-4 years experience in Java, Spring Boot, REST APIs, and MySQL. (Job Posting Ref 23)",,,,PENDING
PAIR_0212,RES_SOF_0085,JOB_SOF_0024,"Java Developer with 3+ years experience building Spring Boot microservices, REST APIs, and MySQL databases. Proficient in Git, JUnit, Docker, and CI/CD pipelines. (Candidate Ref 85)","Senior Java Microservices Architect requiring 5+ years experience in Java 17, Spring Cloud, AWS, and Docker. (Job Posting Ref 24)",,,,PENDING
PAIR_0213,RES_SOF_0085,JOB_WEB_0049,"Java Developer with 3+ years experience building Spring Boot microservices, REST APIs, and MySQL databases. Proficient in Git, JUnit, Docker, and CI/CD pipelines. (Candidate Ref 85)","Full Stack JavaScript Developer needed. Requirements: Node.js, React, MongoDB, and TypeScript. (Job Posting Ref 49)",,,,PENDING
PAIR_0214,RES_SOF_0086,JOB_SOF_0009,"Backend Engineer specializing in Java 17, Spring Security, Hibernate, PostgreSQL, and Kafka. Demonstrated background in unit testing and scalable architecture. (Candidate Ref 86)","Looking for Backend Java Developer with 2-4 years experience in Java, Spring Boot, REST APIs, and MySQL. (Job Posting Ref 9)",,,,PENDING
PAIR_0215,RES_SOF_0086,JOB_SOF_0010,"Backend Engineer specializing in Java 17, Spring Security, Hibernate, PostgreSQL, and Kafka. Demonstrated background in unit testing and scalable architecture. (Candidate Ref 86)","Senior Java Microservices Architect requiring 5+ years experience in Java 17, Spring Cloud, AWS, and Docker. (Job Posting Ref 10)",,,,PENDING
PAIR_0216,RES_SOF_0087,JOB_SOF_0003,"Junior Java Developer with B.Tech in CS. Knowledge of Java, Data Structures, OOP, SQL, and HTML/CSS. Project experience building an e-commerce backend. (Candidate Ref 87)","Looking for Backend Java Developer with 2-4 years experience in Java, Spring Boot, REST APIs, and MySQL. (Job Posting Ref 3)",,,,PENDING
PAIR_0217,RES_SOF_0087,JOB_SOF_0004,"Junior Java Developer with B.Tech in CS. Knowledge of Java, Data Structures, OOP, SQL, and HTML/CSS. Project experience building an e-commerce backend. (Candidate Ref 87)","Senior Java Microservices Architect requiring 5+ years experience in Java 17, Spring Cloud, AWS, and Docker. (Job Posting Ref 4)",,,,PENDING
PAIR_0218,RES_SOF_0087,JOB_DEV_0078,"Junior Java Developer with B.Tech in CS. Knowledge of Java, Data Structures, OOP, SQL, and HTML/CSS. Project experience building an e-commerce backend. (Candidate Ref 87)","Looking for DevOps Engineer with experience in AWS, Docker, Kubernetes, CI/CD pipelines, and Terraform. (Job Posting Ref 78)",,,,PENDING
PAIR_0219,RES_SOF_0088,JOB_SOF_0023,"Senior Software Developer with 6 years experience in Java, Microservices, AWS, Docker, Kubernetes, and Redis. Proven track record leading dev teams. (Candidate Ref 88)","Looking for Backend Java Developer with 2-4 years experience in Java, Spring Boot, REST APIs, and MySQL. (Job Posting Ref 23)",,,,PENDING
PAIR_0220,RES_SOF_0088,JOB_SOF_0024,"Senior Software Developer with 6 years experience in Java, Microservices, AWS, Docker, Kubernetes, and Redis. Proven track record leading dev teams. (Candidate Ref 88)","Senior Java Microservices Architect requiring 5+ years experience in Java 17, Spring Cloud, AWS, and Docker. (Job Posting Ref 24)",,,,PENDING
PAIR_0221,RES_SOF_0089,JOB_SOF_0014,"Java Developer with 3+ years experience building Spring Boot microservices, REST APIs, and MySQL databases. Proficient in Git, JUnit, Docker, and CI/CD pipelines. (Candidate Ref 89)","Senior Java Microservices Architect requiring 5+ years experience in Java 17, Spring Cloud, AWS, and Docker. (Job Posting Ref 14)",,,,PENDING
PAIR_0222,RES_SOF_0089,JOB_SOF_0015,"Java Developer with 3+ years experience building Spring Boot microservices, REST APIs, and MySQL databases. Proficient in Git, JUnit, Docker, and CI/CD pipelines. (Candidate Ref 89)","Looking for Backend Java Developer with 2-4 years experience in Java, Spring Boot, REST APIs, and MySQL. (Job Posting Ref 15)",,,,PENDING
PAIR_0223,RES_SOF_0089,JOB_DAT_0058,"Java Developer with 3+ years experience building Spring Boot microservices, REST APIs, and MySQL databases. Proficient in Git, JUnit, Docker, and CI/CD pipelines. (Candidate Ref 89)","Machine Learning Engineer position requiring Python, Scikit-Learn, PyTorch, and ML model training experience. (Job Posting Ref 58)",,,,PENDING
PAIR_0224,RES_SOF_0090,JOB_SOF_0023,"Backend Engineer specializing in Java 17, Spring Security, Hibernate, PostgreSQL, and Kafka. Demonstrated background in unit testing and scalable architecture. (Candidate Ref 90)","Looking for Backend Java Developer with 2-4 years experience in Java, Spring Boot, REST APIs, and MySQL. (Job Posting Ref 23)",,,,PENDING
PAIR_0225,RES_SOF_0090,JOB_SOF_0024,"Backend Engineer specializing in Java 17, Spring Security, Hibernate, PostgreSQL, and Kafka. Demonstrated background in unit testing and scalable architecture. (Candidate Ref 90)","Senior Java Microservices Architect requiring 5+ years experience in Java 17, Spring Cloud, AWS, and Docker. (Job Posting Ref 24)",,,,PENDING
PAIR_0226,RES_SOF_0091,JOB_SOF_0019,"Junior Java Developer with B.Tech in CS. Knowledge of Java, Data Structures, OOP, SQL, and HTML/CSS. Project experience building an e-commerce backend. (Candidate Ref 91)","Looking for Backend Java Developer with 2-4 years experience in Java, Spring Boot, REST APIs, and MySQL. (Job Posting Ref 19)",,,,PENDING
PAIR_0227,RES_SOF_0091,JOB_SOF_0020,"Junior Java Developer with B.Tech in CS. Knowledge of Java, Data Structures, OOP, SQL, and HTML/CSS. Project experience building an e-commerce backend. (Candidate Ref 91)","Senior Java Microservices Architect requiring 5+ years experience in Java 17, Spring Cloud, AWS, and Docker. (Job Posting Ref 20)",,,,PENDING
PAIR_0228,RES_SOF_0091,JOB_DAT_0051,"Junior Java Developer with B.Tech in CS. Knowledge of Java, Data Structures, OOP, SQL, and HTML/CSS. Project experience building an e-commerce backend. (Candidate Ref 91)","Hiring Data Analyst with strong SQL, Python (Pandas/NumPy), and Tableau data visualization skills. (Job Posting Ref 51)",,,,PENDING
PAIR_0229,RES_SOF_0092,JOB_SOF_0018,"Senior Software Developer with 6 years experience in Java, Microservices, AWS, Docker, Kubernetes, and Redis. Proven track record leading dev teams. (Candidate Ref 92)","Senior Java Microservices Architect requiring 5+ years experience in Java 17, Spring Cloud, AWS, and Docker. (Job Posting Ref 18)",,,,PENDING
PAIR_0230,RES_SOF_0092,JOB_SOF_0019,"Senior Software Developer with 6 years experience in Java, Microservices, AWS, Docker, Kubernetes, and Redis. Proven track record leading dev teams. (Candidate Ref 92)","Looking for Backend Java Developer with 2-4 years experience in Java, Spring Boot, REST APIs, and MySQL. (Job Posting Ref 19)",,,,PENDING
PAIR_0231,RES_SOF_0093,JOB_SOF_0003,"Java Developer with 3+ years experience building Spring Boot microservices, REST APIs, and MySQL databases. Proficient in Git, JUnit, Docker, and CI/CD pipelines. (Candidate Ref 93)","Looking for Backend Java Developer with 2-4 years experience in Java, Spring Boot, REST APIs, and MySQL. (Job Posting Ref 3)",,,,PENDING
PAIR_0232,RES_SOF_0093,JOB_SOF_0004,"Java Developer with 3+ years experience building Spring Boot microservices, REST APIs, and MySQL databases. Proficient in Git, JUnit, Docker, and CI/CD pipelines. (Candidate Ref 93)","Senior Java Microservices Architect requiring 5+ years experience in Java 17, Spring Cloud, AWS, and Docker. (Job Posting Ref 4)",,,,PENDING
PAIR_0233,RES_SOF_0093,JOB_DAT_0059,"Java Developer with 3+ years experience building Spring Boot microservices, REST APIs, and MySQL databases. Proficient in Git, JUnit, Docker, and CI/CD pipelines. (Candidate Ref 93)","Hiring Data Analyst with strong SQL, Python (Pandas/NumPy), and Tableau data visualization skills. (Job Posting Ref 59)",,,,PENDING
PAIR_0234,RES_SOF_0094,JOB_SOF_0024,"Backend Engineer specializing in Java 17, Spring Security, Hibernate, PostgreSQL, and Kafka. Demonstrated background in unit testing and scalable architecture. (Candidate Ref 94)","Senior Java Microservices Architect requiring 5+ years experience in Java 17, Spring Cloud, AWS, and Docker. (Job Posting Ref 24)",,,,PENDING
PAIR_0235,RES_SOF_0094,JOB_SOF_0025,"Backend Engineer specializing in Java 17, Spring Security, Hibernate, PostgreSQL, and Kafka. Demonstrated background in unit testing and scalable architecture. (Candidate Ref 94)","Looking for Backend Java Developer with 2-4 years experience in Java, Spring Boot, REST APIs, and MySQL. (Job Posting Ref 25)",,,,PENDING
PAIR_0236,RES_SOF_0095,JOB_SOF_0003,"Junior Java Developer with B.Tech in CS. Knowledge of Java, Data Structures, OOP, SQL, and HTML/CSS. Project experience building an e-commerce backend. (Candidate Ref 95)","Looking for Backend Java Developer with 2-4 years experience in Java, Spring Boot, REST APIs, and MySQL. (Job Posting Ref 3)",,,,PENDING
PAIR_0237,RES_SOF_0095,JOB_SOF_0004,"Junior Java Developer with B.Tech in CS. Knowledge of Java, Data Structures, OOP, SQL, and HTML/CSS. Project experience building an e-commerce backend. (Candidate Ref 95)","Senior Java Microservices Architect requiring 5+ years experience in Java 17, Spring Cloud, AWS, and Docker. (Job Posting Ref 4)",,,,PENDING
PAIR_0238,RES_SOF_0095,JOB_WEB_0047,"Junior Java Developer with B.Tech in CS. Knowledge of Java, Data Structures, OOP, SQL, and HTML/CSS. Project experience building an e-commerce backend. (Candidate Ref 95)","Full Stack JavaScript Developer needed. Requirements: Node.js, React, MongoDB, and TypeScript. (Job Posting Ref 47)",,,,PENDING
PAIR_0239,RES_SOF_0096,JOB_SOF_0024,"Senior Software Developer with 6 years experience in Java, Microservices, AWS, Docker, Kubernetes, and Redis. Proven track record leading dev teams. (Candidate Ref 96)","Senior Java Microservices Architect requiring 5+ years experience in Java 17, Spring Cloud, AWS, and Docker. (Job Posting Ref 24)",,,,PENDING
PAIR_0240,RES_SOF_0096,JOB_SOF_0025,"Senior Software Developer with 6 years experience in Java, Microservices, AWS, Docker, Kubernetes, and Redis. Proven track record leading dev teams. (Candidate Ref 96)","Looking for Backend Java Developer with 2-4 years experience in Java, Spring Boot, REST APIs, and MySQL. (Job Posting Ref 25)",,,,PENDING
PAIR_0241,RES_SOF_0097,JOB_SOF_0005,"Java Developer with 3+ years experience building Spring Boot microservices, REST APIs, and MySQL databases. Proficient in Git, JUnit, Docker, and CI/CD pipelines. (Candidate Ref 97)","Looking for Backend Java Developer with 2-4 years experience in Java, Spring Boot, REST APIs, and MySQL. (Job Posting Ref 5)",,,,PENDING
PAIR_0242,RES_SOF_0097,JOB_SOF_0006,"Java Developer with 3+ years experience building Spring Boot microservices, REST APIs, and MySQL databases. Proficient in Git, JUnit, Docker, and CI/CD pipelines. (Candidate Ref 97)","Senior Java Microservices Architect requiring 5+ years experience in Java 17, Spring Cloud, AWS, and Docker. (Job Posting Ref 6)",,,,PENDING
PAIR_0243,RES_SOF_0097,JOB_WEB_0029,"Java Developer with 3+ years experience building Spring Boot microservices, REST APIs, and MySQL databases. Proficient in Git, JUnit, Docker, and CI/CD pipelines. (Candidate Ref 97)","Full Stack JavaScript Developer needed. Requirements: Node.js, React, MongoDB, and TypeScript. (Job Posting Ref 29)",,,,PENDING
PAIR_0244,RES_SOF_0098,JOB_SOF_0004,"Backend Engineer specializing in Java 17, Spring Security, Hibernate, PostgreSQL, and Kafka. Demonstrated background in unit testing and scalable architecture. (Candidate Ref 98)","Senior Java Microservices Architect requiring 5+ years experience in Java 17, Spring Cloud, AWS, and Docker. (Job Posting Ref 4)",,,,PENDING
PAIR_0245,RES_SOF_0098,JOB_SOF_0005,"Backend Engineer specializing in Java 17, Spring Security, Hibernate, PostgreSQL, and Kafka. Demonstrated background in unit testing and scalable architecture. (Candidate Ref 98)","Looking for Backend Java Developer with 2-4 years experience in Java, Spring Boot, REST APIs, and MySQL. (Job Posting Ref 5)",,,,PENDING
PAIR_0246,RES_SOF_0099,JOB_SOF_0019,"Junior Java Developer with B.Tech in CS. Knowledge of Java, Data Structures, OOP, SQL, and HTML/CSS. Project experience building an e-commerce backend. (Candidate Ref 99)","Looking for Backend Java Developer with 2-4 years experience in Java, Spring Boot, REST APIs, and MySQL. (Job Posting Ref 19)",,,,PENDING
PAIR_0247,RES_SOF_0099,JOB_SOF_0020,"Junior Java Developer with B.Tech in CS. Knowledge of Java, Data Structures, OOP, SQL, and HTML/CSS. Project experience building an e-commerce backend. (Candidate Ref 99)","Senior Java Microservices Architect requiring 5+ years experience in Java 17, Spring Cloud, AWS, and Docker. (Job Posting Ref 20)",,,,PENDING
PAIR_0248,RES_SOF_0099,JOB_DAT_0073,"Junior Java Developer with B.Tech in CS. Knowledge of Java, Data Structures, OOP, SQL, and HTML/CSS. Project experience building an e-commerce backend. (Candidate Ref 99)","Hiring Data Analyst with strong SQL, Python (Pandas/NumPy), and Tableau data visualization skills. (Job Posting Ref 73)",,,,PENDING
PAIR_0249,RES_SOF_0100,JOB_SOF_0017,"Senior Software Developer with 6 years experience in Java, Microservices, AWS, Docker, Kubernetes, and Redis. Proven track record leading dev teams. (Candidate Ref 100)","Looking for Backend Java Developer with 2-4 years experience in Java, Spring Boot, REST APIs, and MySQL. (Job Posting Ref 17)",,,,PENDING
PAIR_0250,RES_SOF_0100,JOB_SOF_0018,"Senior Software Developer with 6 years experience in Java, Microservices, AWS, Docker, Kubernetes, and Redis. Proven track record leading dev teams. (Candidate Ref 100)","Senior Java Microservices Architect requiring 5+ years experience in Java 17, Spring Cloud, AWS, and Docker. (Job Posting Ref 18)",,,,PENDING
PAIR_0251,RES_SOF_0101,JOB_SOF_0006,"Java Developer with 3+ years experience building Spring Boot microservices, REST APIs, and MySQL databases. Proficient in Git, JUnit, Docker, and CI/CD pipelines. (Candidate Ref 101)","Senior Java Microservices Architect requiring 5+ years experience in Java 17, Spring Cloud, AWS, and Docker. (Job Posting Ref 6)",,,,PENDING
PAIR_0252,RES_SOF_0101,JOB_SOF_0007,"Java Developer with 3+ years experience building Spring Boot microservices, REST APIs, and MySQL databases. Proficient in Git, JUnit, Docker, and CI/CD pipelines. (Candidate Ref 101)","Looking for Backend Java Developer with 2-4 years experience in Java, Spring Boot, REST APIs, and MySQL. (Job Posting Ref 7)",,,,PENDING
PAIR_0253,RES_SOF_0101,JOB_DAT_0061,"Java Developer with 3+ years experience building Spring Boot microservices, REST APIs, and MySQL databases. Proficient in Git, JUnit, Docker, and CI/CD pipelines. (Candidate Ref 101)","Hiring Data Analyst with strong SQL, Python (Pandas/NumPy), and Tableau data visualization skills. (Job Posting Ref 61)",,,,PENDING
PAIR_0254,RES_SOF_0102,JOB_SOF_0022,"Backend Engineer specializing in Java 17, Spring Security, Hibernate, PostgreSQL, and Kafka. Demonstrated background in unit testing and scalable architecture. (Candidate Ref 102)","Senior Java Microservices Architect requiring 5+ years experience in Java 17, Spring Cloud, AWS, and Docker. (Job Posting Ref 22)",,,,PENDING
PAIR_0255,RES_SOF_0102,JOB_SOF_0023,"Backend Engineer specializing in Java 17, Spring Security, Hibernate, PostgreSQL, and Kafka. Demonstrated background in unit testing and scalable architecture. (Candidate Ref 102)","Looking for Backend Java Developer with 2-4 years experience in Java, Spring Boot, REST APIs, and MySQL. (Job Posting Ref 23)",,,,PENDING
PAIR_0256,RES_SOF_0103,JOB_SOF_0006,"Junior Java Developer with B.Tech in CS. Knowledge of Java, Data Structures, OOP, SQL, and HTML/CSS. Project experience building an e-commerce backend. (Candidate Ref 103)","Senior Java Microservices Architect requiring 5+ years experience in Java 17, Spring Cloud, AWS, and Docker. (Job Posting Ref 6)",,,,PENDING
PAIR_0257,RES_SOF_0103,JOB_SOF_0007,"Junior Java Developer with B.Tech in CS. Knowledge of Java, Data Structures, OOP, SQL, and HTML/CSS. Project experience building an e-commerce backend. (Candidate Ref 103)","Looking for Backend Java Developer with 2-4 years experience in Java, Spring Boot, REST APIs, and MySQL. (Job Posting Ref 7)",,,,PENDING
PAIR_0258,RES_SOF_0103,JOB_QA _0107,"Junior Java Developer with B.Tech in CS. Knowledge of Java, Data Structures, OOP, SQL, and HTML/CSS. Project experience building an e-commerce backend. (Candidate Ref 103)","Hiring QA Automation Engineer with strong Java, Selenium WebDriver, TestNG, and REST API testing skills. (Job Posting Ref 107)",,,,PENDING
PAIR_0259,RES_SOF_0104,JOB_SOF_0025,"Senior Software Developer with 6 years experience in Java, Microservices, AWS, Docker, Kubernetes, and Redis. Proven track record leading dev teams. (Candidate Ref 104)","Looking for Backend Java Developer with 2-4 years experience in Java, Spring Boot, REST APIs, and MySQL. (Job Posting Ref 25)",,,,PENDING
PAIR_0260,RES_SOF_0104,JOB_SOF_0001,"Senior Software Developer with 6 years experience in Java, Microservices, AWS, Docker, Kubernetes, and Redis. Proven track record leading dev teams. (Candidate Ref 104)","Looking for Backend Java Developer with 2-4 years experience in Java, Spring Boot, REST APIs, and MySQL. (Job Posting Ref 1)",,,,PENDING
PAIR_0261,RES_SOF_0105,JOB_SOF_0001,"Java Developer with 3+ years experience building Spring Boot microservices, REST APIs, and MySQL databases. Proficient in Git, JUnit, Docker, and CI/CD pipelines. (Candidate Ref 105)","Looking for Backend Java Developer with 2-4 years experience in Java, Spring Boot, REST APIs, and MySQL. (Job Posting Ref 1)",,,,PENDING
PAIR_0262,RES_SOF_0105,JOB_SOF_0002,"Java Developer with 3+ years experience building Spring Boot microservices, REST APIs, and MySQL databases. Proficient in Git, JUnit, Docker, and CI/CD pipelines. (Candidate Ref 105)","Senior Java Microservices Architect requiring 5+ years experience in Java 17, Spring Cloud, AWS, and Docker. (Job Posting Ref 2)",,,,PENDING
PAIR_0263,RES_SOF_0105,JOB_DEV_0077,"Java Developer with 3+ years experience building Spring Boot microservices, REST APIs, and MySQL databases. Proficient in Git, JUnit, Docker, and CI/CD pipelines. (Candidate Ref 105)","Cloud Security & DevOps Specialist required. Mandatory skills: Azure, Docker, Kubernetes, and Linux automation. (Job Posting Ref 77)",,,,PENDING
PAIR_0264,RES_SOF_0106,JOB_SOF_0018,"Backend Engineer specializing in Java 17, Spring Security, Hibernate, PostgreSQL, and Kafka. Demonstrated background in unit testing and scalable architecture. (Candidate Ref 106)","Senior Java Microservices Architect requiring 5+ years experience in Java 17, Spring Cloud, AWS, and Docker. (Job Posting Ref 18)",,,,PENDING
PAIR_0265,RES_SOF_0106,JOB_SOF_0019,"Backend Engineer specializing in Java 17, Spring Security, Hibernate, PostgreSQL, and Kafka. Demonstrated background in unit testing and scalable architecture. (Candidate Ref 106)","Looking for Backend Java Developer with 2-4 years experience in Java, Spring Boot, REST APIs, and MySQL. (Job Posting Ref 19)",,,,PENDING
PAIR_0266,RES_SOF_0107,JOB_SOF_0017,"Junior Java Developer with B.Tech in CS. Knowledge of Java, Data Structures, OOP, SQL, and HTML/CSS. Project experience building an e-commerce backend. (Candidate Ref 107)","Looking for Backend Java Developer with 2-4 years experience in Java, Spring Boot, REST APIs, and MySQL. (Job Posting Ref 17)",,,,PENDING
PAIR_0267,RES_SOF_0107,JOB_SOF_0018,"Junior Java Developer with B.Tech in CS. Knowledge of Java, Data Structures, OOP, SQL, and HTML/CSS. Project experience building an e-commerce backend. (Candidate Ref 107)","Senior Java Microservices Architect requiring 5+ years experience in Java 17, Spring Cloud, AWS, and Docker. (Job Posting Ref 18)",,,,PENDING
PAIR_0268,RES_SOF_0107,JOB_QA _0110,"Junior Java Developer with B.Tech in CS. Knowledge of Java, Data Structures, OOP, SQL, and HTML/CSS. Project experience building an e-commerce backend. (Candidate Ref 107)","Senior Software Quality Assurance Lead requiring Selenium, Python automation, Postman API testing, and Jira defect tracking. (Job Posting Ref 110)",,,,PENDING
PAIR_0269,RES_SOF_0108,JOB_SOF_0022,"Senior Software Developer with 6 years experience in Java, Microservices, AWS, Docker, Kubernetes, and Redis. Proven track record leading dev teams. (Candidate Ref 108)","Senior Java Microservices Architect requiring 5+ years experience in Java 17, Spring Cloud, AWS, and Docker. (Job Posting Ref 22)",,,,PENDING
PAIR_0270,RES_SOF_0108,JOB_SOF_0023,"Senior Software Developer with 6 years experience in Java, Microservices, AWS, Docker, Kubernetes, and Redis. Proven track record leading dev teams. (Candidate Ref 108)","Looking for Backend Java Developer with 2-4 years experience in Java, Spring Boot, REST APIs, and MySQL. (Job Posting Ref 23)",,,,PENDING
PAIR_0271,RES_SOF_0109,JOB_SOF_0016,"Java Developer with 3+ years experience building Spring Boot microservices, REST APIs, and MySQL databases. Proficient in Git, JUnit, Docker, and CI/CD pipelines. (Candidate Ref 109)","Senior Java Microservices Architect requiring 5+ years experience in Java 17, Spring Cloud, AWS, and Docker. (Job Posting Ref 16)",,,,PENDING
PAIR_0272,RES_SOF_0109,JOB_SOF_0017,"Java Developer with 3+ years experience building Spring Boot microservices, REST APIs, and MySQL databases. Proficient in Git, JUnit, Docker, and CI/CD pipelines. (Candidate Ref 109)","Looking for Backend Java Developer with 2-4 years experience in Java, Spring Boot, REST APIs, and MySQL. (Job Posting Ref 17)",,,,PENDING
PAIR_0273,RES_SOF_0109,JOB_WEB_0036,"Java Developer with 3+ years experience building Spring Boot microservices, REST APIs, and MySQL databases. Proficient in Git, JUnit, Docker, and CI/CD pipelines. (Candidate Ref 109)","Seeking React Frontend Developer with 2+ years experience in React.js, JavaScript (ES6+), HTML5/CSS3, and REST API integration. (Job Posting Ref 36)",,,,PENDING
PAIR_0274,RES_SOF_0110,JOB_SOF_0016,"Backend Engineer specializing in Java 17, Spring Security, Hibernate, PostgreSQL, and Kafka. Demonstrated background in unit testing and scalable architecture. (Candidate Ref 110)","Senior Java Microservices Architect requiring 5+ years experience in Java 17, Spring Cloud, AWS, and Docker. (Job Posting Ref 16)",,,,PENDING
PAIR_0275,RES_SOF_0110,JOB_SOF_0017,"Backend Engineer specializing in Java 17, Spring Security, Hibernate, PostgreSQL, and Kafka. Demonstrated background in unit testing and scalable architecture. (Candidate Ref 110)","Looking for Backend Java Developer with 2-4 years experience in Java, Spring Boot, REST APIs, and MySQL. (Job Posting Ref 17)",,,,PENDING
PAIR_0276,RES_SOF_0111,JOB_SOF_0021,"Junior Java Developer with B.Tech in CS. Knowledge of Java, Data Structures, OOP, SQL, and HTML/CSS. Project experience building an e-commerce backend. (Candidate Ref 111)","Looking for Backend Java Developer with 2-4 years experience in Java, Spring Boot, REST APIs, and MySQL. (Job Posting Ref 21)",,,,PENDING
PAIR_0277,RES_SOF_0111,JOB_SOF_0022,"Junior Java Developer with B.Tech in CS. Knowledge of Java, Data Structures, OOP, SQL, and HTML/CSS. Project experience building an e-commerce backend. (Candidate Ref 111)","Senior Java Microservices Architect requiring 5+ years experience in Java 17, Spring Cloud, AWS, and Docker. (Job Posting Ref 22)",,,,PENDING
PAIR_0278,RES_SOF_0111,JOB_DAT_0056,"Junior Java Developer with B.Tech in CS. Knowledge of Java, Data Structures, OOP, SQL, and HTML/CSS. Project experience building an e-commerce backend. (Candidate Ref 111)","Machine Learning Engineer position requiring Python, Scikit-Learn, PyTorch, and ML model training experience. (Job Posting Ref 56)",,,,PENDING
PAIR_0279,RES_SOF_0112,JOB_SOF_0005,"Senior Software Developer with 6 years experience in Java, Microservices, AWS, Docker, Kubernetes, and Redis. Proven track record leading dev teams. (Candidate Ref 112)","Looking for Backend Java Developer with 2-4 years experience in Java, Spring Boot, REST APIs, and MySQL. (Job Posting Ref 5)",,,,PENDING
PAIR_0280,RES_SOF_0112,JOB_SOF_0006,"Senior Software Developer with 6 years experience in Java, Microservices, AWS, Docker, Kubernetes, and Redis. Proven track record leading dev teams. (Candidate Ref 112)","Senior Java Microservices Architect requiring 5+ years experience in Java 17, Spring Cloud, AWS, and Docker. (Job Posting Ref 6)",,,,PENDING
PAIR_0281,RES_SOF_0113,JOB_SOF_0005,"Java Developer with 3+ years experience building Spring Boot microservices, REST APIs, and MySQL databases. Proficient in Git, JUnit, Docker, and CI/CD pipelines. (Candidate Ref 113)","Looking for Backend Java Developer with 2-4 years experience in Java, Spring Boot, REST APIs, and MySQL. (Job Posting Ref 5)",,,,PENDING
PAIR_0282,RES_SOF_0113,JOB_SOF_0006,"Java Developer with 3+ years experience building Spring Boot microservices, REST APIs, and MySQL databases. Proficient in Git, JUnit, Docker, and CI/CD pipelines. (Candidate Ref 113)","Senior Java Microservices Architect requiring 5+ years experience in Java 17, Spring Cloud, AWS, and Docker. (Job Posting Ref 6)",,,,PENDING
PAIR_0283,RES_SOF_0113,JOB_QA _0117,"Java Developer with 3+ years experience building Spring Boot microservices, REST APIs, and MySQL databases. Proficient in Git, JUnit, Docker, and CI/CD pipelines. (Candidate Ref 113)","Hiring QA Automation Engineer with strong Java, Selenium WebDriver, TestNG, and REST API testing skills. (Job Posting Ref 117)",,,,PENDING
PAIR_0284,RES_SOF_0114,JOB_SOF_0025,"Backend Engineer specializing in Java 17, Spring Security, Hibernate, PostgreSQL, and Kafka. Demonstrated background in unit testing and scalable architecture. (Candidate Ref 114)","Looking for Backend Java Developer with 2-4 years experience in Java, Spring Boot, REST APIs, and MySQL. (Job Posting Ref 25)",,,,PENDING
PAIR_0285,RES_SOF_0114,JOB_SOF_0001,"Backend Engineer specializing in Java 17, Spring Security, Hibernate, PostgreSQL, and Kafka. Demonstrated background in unit testing and scalable architecture. (Candidate Ref 114)","Looking for Backend Java Developer with 2-4 years experience in Java, Spring Boot, REST APIs, and MySQL. (Job Posting Ref 1)",,,,PENDING
PAIR_0286,RES_SOF_0115,JOB_SOF_0010,"Junior Java Developer with B.Tech in CS. Knowledge of Java, Data Structures, OOP, SQL, and HTML/CSS. Project experience building an e-commerce backend. (Candidate Ref 115)","Senior Java Microservices Architect requiring 5+ years experience in Java 17, Spring Cloud, AWS, and Docker. (Job Posting Ref 10)",,,,PENDING
PAIR_0287,RES_SOF_0115,JOB_SOF_0011,"Junior Java Developer with B.Tech in CS. Knowledge of Java, Data Structures, OOP, SQL, and HTML/CSS. Project experience building an e-commerce backend. (Candidate Ref 115)","Looking for Backend Java Developer with 2-4 years experience in Java, Spring Boot, REST APIs, and MySQL. (Job Posting Ref 11)",,,,PENDING
PAIR_0288,RES_SOF_0115,JOB_DAT_0067,"Junior Java Developer with B.Tech in CS. Knowledge of Java, Data Structures, OOP, SQL, and HTML/CSS. Project experience building an e-commerce backend. (Candidate Ref 115)","Hiring Data Analyst with strong SQL, Python (Pandas/NumPy), and Tableau data visualization skills. (Job Posting Ref 67)",,,,PENDING
PAIR_0289,RES_SOF_0116,JOB_SOF_0009,"Senior Software Developer with 6 years experience in Java, Microservices, AWS, Docker, Kubernetes, and Redis. Proven track record leading dev teams. (Candidate Ref 116)","Looking for Backend Java Developer with 2-4 years experience in Java, Spring Boot, REST APIs, and MySQL. (Job Posting Ref 9)",,,,PENDING
PAIR_0290,RES_SOF_0116,JOB_SOF_0010,"Senior Software Developer with 6 years experience in Java, Microservices, AWS, Docker, Kubernetes, and Redis. Proven track record leading dev teams. (Candidate Ref 116)","Senior Java Microservices Architect requiring 5+ years experience in Java 17, Spring Cloud, AWS, and Docker. (Job Posting Ref 10)",,,,PENDING
PAIR_0291,RES_SOF_0117,JOB_SOF_0007,"Java Developer with 3+ years experience building Spring Boot microservices, REST APIs, and MySQL databases. Proficient in Git, JUnit, Docker, and CI/CD pipelines. (Candidate Ref 117)","Looking for Backend Java Developer with 2-4 years experience in Java, Spring Boot, REST APIs, and MySQL. (Job Posting Ref 7)",,,,PENDING
PAIR_0292,RES_SOF_0117,JOB_SOF_0008,"Java Developer with 3+ years experience building Spring Boot microservices, REST APIs, and MySQL databases. Proficient in Git, JUnit, Docker, and CI/CD pipelines. (Candidate Ref 117)","Senior Java Microservices Architect requiring 5+ years experience in Java 17, Spring Cloud, AWS, and Docker. (Job Posting Ref 8)",,,,PENDING
PAIR_0293,RES_SOF_0117,JOB_QA _0107,"Java Developer with 3+ years experience building Spring Boot microservices, REST APIs, and MySQL databases. Proficient in Git, JUnit, Docker, and CI/CD pipelines. (Candidate Ref 117)","Hiring QA Automation Engineer with strong Java, Selenium WebDriver, TestNG, and REST API testing skills. (Job Posting Ref 107)",,,,PENDING
PAIR_0294,RES_SOF_0118,JOB_SOF_0013,"Backend Engineer specializing in Java 17, Spring Security, Hibernate, PostgreSQL, and Kafka. Demonstrated background in unit testing and scalable architecture. (Candidate Ref 118)","Looking for Backend Java Developer with 2-4 years experience in Java, Spring Boot, REST APIs, and MySQL. (Job Posting Ref 13)",,,,PENDING
PAIR_0295,RES_SOF_0118,JOB_SOF_0014,"Backend Engineer specializing in Java 17, Spring Security, Hibernate, PostgreSQL, and Kafka. Demonstrated background in unit testing and scalable architecture. (Candidate Ref 118)","Senior Java Microservices Architect requiring 5+ years experience in Java 17, Spring Cloud, AWS, and Docker. (Job Posting Ref 14)",,,,PENDING
PAIR_0296,RES_WEB_0119,JOB_WEB_0047,"Frontend React Developer with 2 years experience building responsive web apps with React.js, Redux, JavaScript, HTML5, CSS3, and Tailwind CSS. (Candidate Ref 119)","Full Stack JavaScript Developer needed. Requirements: Node.js, React, MongoDB, and TypeScript. (Job Posting Ref 47)",,,,PENDING
PAIR_0297,RES_WEB_0119,JOB_WEB_0048,"Frontend React Developer with 2 years experience building responsive web apps with React.js, Redux, JavaScript, HTML5, CSS3, and Tailwind CSS. (Candidate Ref 119)","Seeking React Frontend Developer with 2+ years experience in React.js, JavaScript (ES6+), HTML5/CSS3, and REST API integration. (Job Posting Ref 48)",,,,PENDING
PAIR_0298,RES_WEB_0119,JOB_DAT_0055,"Frontend React Developer with 2 years experience building responsive web apps with React.js, Redux, JavaScript, HTML5, CSS3, and Tailwind CSS. (Candidate Ref 119)","Hiring Data Analyst with strong SQL, Python (Pandas/NumPy), and Tableau data visualization skills. (Job Posting Ref 55)",,,,PENDING
PAIR_0299,RES_WEB_0120,JOB_WEB_0043,"Full Stack Web Developer proficient in Node.js, Express.js, React, MongoDB, and TypeScript. Experience integrating REST APIs and modern UI/UX. (Candidate Ref 120)","Full Stack JavaScript Developer needed. Requirements: Node.js, React, MongoDB, and TypeScript. (Job Posting Ref 43)",,,,PENDING
PAIR_0300,RES_WEB_0120,JOB_WEB_0044,"Full Stack Web Developer proficient in Node.js, Express.js, React, MongoDB, and TypeScript. Experience integrating REST APIs and modern UI/UX. (Candidate Ref 120)","Seeking React Frontend Developer with 2+ years experience in React.js, JavaScript (ES6+), HTML5/CSS3, and REST API integration. (Job Posting Ref 44)",,,,PENDING
PAIR_0301,RES_WEB_0121,JOB_WEB_0047,"Web UI Engineer skilled in HTML, CSS, JavaScript, Vue.js, Bootstrap, and Git. Focused on accessibility and cross-browser performance. (Candidate Ref 121)","Full Stack JavaScript Developer needed. Requirements: Node.js, React, MongoDB, and TypeScript. (Job Posting Ref 47)",,,,PENDING
PAIR_0302,RES_WEB_0121,JOB_WEB_0048,"Web UI Engineer skilled in HTML, CSS, JavaScript, Vue.js, Bootstrap, and Git. Focused on accessibility and cross-browser performance. (Candidate Ref 121)","Seeking React Frontend Developer with 2+ years experience in React.js, JavaScript (ES6+), HTML5/CSS3, and REST API integration. (Job Posting Ref 48)",,,,PENDING
PAIR_0303,RES_WEB_0121,JOB_QA _0115,"Web UI Engineer skilled in HTML, CSS, JavaScript, Vue.js, Bootstrap, and Git. Focused on accessibility and cross-browser performance. (Candidate Ref 121)","Hiring QA Automation Engineer with strong Java, Selenium WebDriver, TestNG, and REST API testing skills. (Job Posting Ref 115)",,,,PENDING
PAIR_0304,RES_WEB_0122,JOB_WEB_0036,"Junior Web Developer with strong foundation in JavaScript, HTML5, CSS3, and basic React. Built portfolio projects including blogging platform. (Candidate Ref 122)","Seeking React Frontend Developer with 2+ years experience in React.js, JavaScript (ES6+), HTML5/CSS3, and REST API integration. (Job Posting Ref 36)",,,,PENDING
PAIR_0305,RES_WEB_0122,JOB_WEB_0037,"Junior Web Developer with strong foundation in JavaScript, HTML5, CSS3, and basic React. Built portfolio projects including blogging platform. (Candidate Ref 122)","Full Stack JavaScript Developer needed. Requirements: Node.js, React, MongoDB, and TypeScript. (Job Posting Ref 37)",,,,PENDING
PAIR_0306,RES_WEB_0123,JOB_WEB_0050,"Frontend React Developer with 2 years experience building responsive web apps with React.js, Redux, JavaScript, HTML5, CSS3, and Tailwind CSS. (Candidate Ref 123)","Seeking React Frontend Developer with 2+ years experience in React.js, JavaScript (ES6+), HTML5/CSS3, and REST API integration. (Job Posting Ref 50)",,,,PENDING
PAIR_0307,RES_WEB_0123,JOB_WEB_0026,"Frontend React Developer with 2 years experience building responsive web apps with React.js, Redux, JavaScript, HTML5, CSS3, and Tailwind CSS. (Candidate Ref 123)","Seeking React Frontend Developer with 2+ years experience in React.js, JavaScript (ES6+), HTML5/CSS3, and REST API integration. (Job Posting Ref 26)",,,,PENDING
PAIR_0308,RES_WEB_0123,JOB_DEV_0100,"Frontend React Developer with 2 years experience building responsive web apps with React.js, Redux, JavaScript, HTML5, CSS3, and Tailwind CSS. (Candidate Ref 123)","Looking for DevOps Engineer with experience in AWS, Docker, Kubernetes, CI/CD pipelines, and Terraform. (Job Posting Ref 100)",,,,PENDING
PAIR_0309,RES_WEB_0124,JOB_WEB_0036,"Full Stack Web Developer proficient in Node.js, Express.js, React, MongoDB, and TypeScript. Experience integrating REST APIs and modern UI/UX. (Candidate Ref 124)","Seeking React Frontend Developer with 2+ years experience in React.js, JavaScript (ES6+), HTML5/CSS3, and REST API integration. (Job Posting Ref 36)",,,,PENDING
PAIR_0310,RES_WEB_0124,JOB_WEB_0037,"Full Stack Web Developer proficient in Node.js, Express.js, React, MongoDB, and TypeScript. Experience integrating REST APIs and modern UI/UX. (Candidate Ref 124)","Full Stack JavaScript Developer needed. Requirements: Node.js, React, MongoDB, and TypeScript. (Job Posting Ref 37)",,,,PENDING
PAIR_0311,RES_WEB_0125,JOB_WEB_0037,"Web UI Engineer skilled in HTML, CSS, JavaScript, Vue.js, Bootstrap, and Git. Focused on accessibility and cross-browser performance. (Candidate Ref 125)","Full Stack JavaScript Developer needed. Requirements: Node.js, React, MongoDB, and TypeScript. (Job Posting Ref 37)",,,,PENDING
PAIR_0312,RES_WEB_0125,JOB_WEB_0038,"Web UI Engineer skilled in HTML, CSS, JavaScript, Vue.js, Bootstrap, and Git. Focused on accessibility and cross-browser performance. (Candidate Ref 125)","Seeking React Frontend Developer with 2+ years experience in React.js, JavaScript (ES6+), HTML5/CSS3, and REST API integration. (Job Posting Ref 38)",,,,PENDING
PAIR_0313,RES_WEB_0125,JOB_DAT_0071,"Web UI Engineer skilled in HTML, CSS, JavaScript, Vue.js, Bootstrap, and Git. Focused on accessibility and cross-browser performance. (Candidate Ref 125)","Hiring Data Analyst with strong SQL, Python (Pandas/NumPy), and Tableau data visualization skills. (Job Posting Ref 71)",,,,PENDING
PAIR_0314,RES_WEB_0126,JOB_WEB_0043,"Junior Web Developer with strong foundation in JavaScript, HTML5, CSS3, and basic React. Built portfolio projects including blogging platform. (Candidate Ref 126)","Full Stack JavaScript Developer needed. Requirements: Node.js, React, MongoDB, and TypeScript. (Job Posting Ref 43)",,,,PENDING
PAIR_0315,RES_WEB_0126,JOB_WEB_0044,"Junior Web Developer with strong foundation in JavaScript, HTML5, CSS3, and basic React. Built portfolio projects including blogging platform. (Candidate Ref 126)","Seeking React Frontend Developer with 2+ years experience in React.js, JavaScript (ES6+), HTML5/CSS3, and REST API integration. (Job Posting Ref 44)",,,,PENDING
PAIR_0316,RES_WEB_0127,JOB_WEB_0032,"Frontend React Developer with 2 years experience building responsive web apps with React.js, Redux, JavaScript, HTML5, CSS3, and Tailwind CSS. (Candidate Ref 127)","Seeking React Frontend Developer with 2+ years experience in React.js, JavaScript (ES6+), HTML5/CSS3, and REST API integration. (Job Posting Ref 32)",,,,PENDING
PAIR_0317,RES_WEB_0127,JOB_WEB_0033,"Frontend React Developer with 2 years experience building responsive web apps with React.js, Redux, JavaScript, HTML5, CSS3, and Tailwind CSS. (Candidate Ref 127)","Full Stack JavaScript Developer needed. Requirements: Node.js, React, MongoDB, and TypeScript. (Job Posting Ref 33)",,,,PENDING
PAIR_0318,RES_WEB_0127,JOB_QA _0124,"Frontend React Developer with 2 years experience building responsive web apps with React.js, Redux, JavaScript, HTML5, CSS3, and Tailwind CSS. (Candidate Ref 127)","Senior Software Quality Assurance Lead requiring Selenium, Python automation, Postman API testing, and Jira defect tracking. (Job Posting Ref 124)",,,,PENDING
PAIR_0319,RES_WEB_0128,JOB_WEB_0044,"Full Stack Web Developer proficient in Node.js, Express.js, React, MongoDB, and TypeScript. Experience integrating REST APIs and modern UI/UX. (Candidate Ref 128)","Seeking React Frontend Developer with 2+ years experience in React.js, JavaScript (ES6+), HTML5/CSS3, and REST API integration. (Job Posting Ref 44)",,,,PENDING
PAIR_0320,RES_WEB_0128,JOB_WEB_0045,"Full Stack Web Developer proficient in Node.js, Express.js, React, MongoDB, and TypeScript. Experience integrating REST APIs and modern UI/UX. (Candidate Ref 128)","Full Stack JavaScript Developer needed. Requirements: Node.js, React, MongoDB, and TypeScript. (Job Posting Ref 45)",,,,PENDING
PAIR_0321,RES_WEB_0129,JOB_WEB_0042,"Web UI Engineer skilled in HTML, CSS, JavaScript, Vue.js, Bootstrap, and Git. Focused on accessibility and cross-browser performance. (Candidate Ref 129)","Seeking React Frontend Developer with 2+ years experience in React.js, JavaScript (ES6+), HTML5/CSS3, and REST API integration. (Job Posting Ref 42)",,,,PENDING
PAIR_0322,RES_WEB_0129,JOB_WEB_0043,"Web UI Engineer skilled in HTML, CSS, JavaScript, Vue.js, Bootstrap, and Git. Focused on accessibility and cross-browser performance. (Candidate Ref 129)","Full Stack JavaScript Developer needed. Requirements: Node.js, React, MongoDB, and TypeScript. (Job Posting Ref 43)",,,,PENDING
PAIR_0323,RES_WEB_0129,JOB_QA _0104,"Web UI Engineer skilled in HTML, CSS, JavaScript, Vue.js, Bootstrap, and Git. Focused on accessibility and cross-browser performance. (Candidate Ref 129)","Senior Software Quality Assurance Lead requiring Selenium, Python automation, Postman API testing, and Jira defect tracking. (Job Posting Ref 104)",,,,PENDING
PAIR_0324,RES_WEB_0130,JOB_WEB_0042,"Junior Web Developer with strong foundation in JavaScript, HTML5, CSS3, and basic React. Built portfolio projects including blogging platform. (Candidate Ref 130)","Seeking React Frontend Developer with 2+ years experience in React.js, JavaScript (ES6+), HTML5/CSS3, and REST API integration. (Job Posting Ref 42)",,,,PENDING
PAIR_0325,RES_WEB_0130,JOB_WEB_0043,"Junior Web Developer with strong foundation in JavaScript, HTML5, CSS3, and basic React. Built portfolio projects including blogging platform. (Candidate Ref 130)","Full Stack JavaScript Developer needed. Requirements: Node.js, React, MongoDB, and TypeScript. (Job Posting Ref 43)",,,,PENDING
PAIR_0326,RES_WEB_0131,JOB_WEB_0030,"Frontend React Developer with 2 years experience building responsive web apps with React.js, Redux, JavaScript, HTML5, CSS3, and Tailwind CSS. (Candidate Ref 131)","Seeking React Frontend Developer with 2+ years experience in React.js, JavaScript (ES6+), HTML5/CSS3, and REST API integration. (Job Posting Ref 30)",,,,PENDING
PAIR_0327,RES_WEB_0131,JOB_WEB_0031,"Frontend React Developer with 2 years experience building responsive web apps with React.js, Redux, JavaScript, HTML5, CSS3, and Tailwind CSS. (Candidate Ref 131)","Full Stack JavaScript Developer needed. Requirements: Node.js, React, MongoDB, and TypeScript. (Job Posting Ref 31)",,,,PENDING
PAIR_0328,RES_WEB_0131,JOB_QA _0115,"Frontend React Developer with 2 years experience building responsive web apps with React.js, Redux, JavaScript, HTML5, CSS3, and Tailwind CSS. (Candidate Ref 131)","Hiring QA Automation Engineer with strong Java, Selenium WebDriver, TestNG, and REST API testing skills. (Job Posting Ref 115)",,,,PENDING
PAIR_0329,RES_WEB_0132,JOB_WEB_0044,"Full Stack Web Developer proficient in Node.js, Express.js, React, MongoDB, and TypeScript. Experience integrating REST APIs and modern UI/UX. (Candidate Ref 132)","Seeking React Frontend Developer with 2+ years experience in React.js, JavaScript (ES6+), HTML5/CSS3, and REST API integration. (Job Posting Ref 44)",,,,PENDING
PAIR_0330,RES_WEB_0132,JOB_WEB_0045,"Full Stack Web Developer proficient in Node.js, Express.js, React, MongoDB, and TypeScript. Experience integrating REST APIs and modern UI/UX. (Candidate Ref 132)","Full Stack JavaScript Developer needed. Requirements: Node.js, React, MongoDB, and TypeScript. (Job Posting Ref 45)",,,,PENDING
PAIR_0331,RES_WEB_0133,JOB_WEB_0044,"Web UI Engineer skilled in HTML, CSS, JavaScript, Vue.js, Bootstrap, and Git. Focused on accessibility and cross-browser performance. (Candidate Ref 133)","Seeking React Frontend Developer with 2+ years experience in React.js, JavaScript (ES6+), HTML5/CSS3, and REST API integration. (Job Posting Ref 44)",,,,PENDING
PAIR_0332,RES_WEB_0133,JOB_WEB_0045,"Web UI Engineer skilled in HTML, CSS, JavaScript, Vue.js, Bootstrap, and Git. Focused on accessibility and cross-browser performance. (Candidate Ref 133)","Full Stack JavaScript Developer needed. Requirements: Node.js, React, MongoDB, and TypeScript. (Job Posting Ref 45)",,,,PENDING
PAIR_0333,RES_WEB_0133,JOB_DEV_0100,"Web UI Engineer skilled in HTML, CSS, JavaScript, Vue.js, Bootstrap, and Git. Focused on accessibility and cross-browser performance. (Candidate Ref 133)","Looking for DevOps Engineer with experience in AWS, Docker, Kubernetes, CI/CD pipelines, and Terraform. (Job Posting Ref 100)",,,,PENDING
PAIR_0334,RES_WEB_0134,JOB_WEB_0035,"Junior Web Developer with strong foundation in JavaScript, HTML5, CSS3, and basic React. Built portfolio projects including blogging platform. (Candidate Ref 134)","Full Stack JavaScript Developer needed. Requirements: Node.js, React, MongoDB, and TypeScript. (Job Posting Ref 35)",,,,PENDING
PAIR_0335,RES_WEB_0134,JOB_WEB_0036,"Junior Web Developer with strong foundation in JavaScript, HTML5, CSS3, and basic React. Built portfolio projects including blogging platform. (Candidate Ref 134)","Seeking React Frontend Developer with 2+ years experience in React.js, JavaScript (ES6+), HTML5/CSS3, and REST API integration. (Job Posting Ref 36)",,,,PENDING
PAIR_0336,RES_WEB_0135,JOB_WEB_0044,"Frontend React Developer with 2 years experience building responsive web apps with React.js, Redux, JavaScript, HTML5, CSS3, and Tailwind CSS. (Candidate Ref 135)","Seeking React Frontend Developer with 2+ years experience in React.js, JavaScript (ES6+), HTML5/CSS3, and REST API integration. (Job Posting Ref 44)",,,,PENDING
PAIR_0337,RES_WEB_0135,JOB_WEB_0045,"Frontend React Developer with 2 years experience building responsive web apps with React.js, Redux, JavaScript, HTML5, CSS3, and Tailwind CSS. (Candidate Ref 135)","Full Stack JavaScript Developer needed. Requirements: Node.js, React, MongoDB, and TypeScript. (Job Posting Ref 45)",,,,PENDING
PAIR_0338,RES_WEB_0135,JOB_QA _0104,"Frontend React Developer with 2 years experience building responsive web apps with React.js, Redux, JavaScript, HTML5, CSS3, and Tailwind CSS. (Candidate Ref 135)","Senior Software Quality Assurance Lead requiring Selenium, Python automation, Postman API testing, and Jira defect tracking. (Job Posting Ref 104)",,,,PENDING
PAIR_0339,RES_WEB_0136,JOB_WEB_0039,"Full Stack Web Developer proficient in Node.js, Express.js, React, MongoDB, and TypeScript. Experience integrating REST APIs and modern UI/UX. (Candidate Ref 136)","Full Stack JavaScript Developer needed. Requirements: Node.js, React, MongoDB, and TypeScript. (Job Posting Ref 39)",,,,PENDING
PAIR_0340,RES_WEB_0136,JOB_WEB_0040,"Full Stack Web Developer proficient in Node.js, Express.js, React, MongoDB, and TypeScript. Experience integrating REST APIs and modern UI/UX. (Candidate Ref 136)","Seeking React Frontend Developer with 2+ years experience in React.js, JavaScript (ES6+), HTML5/CSS3, and REST API integration. (Job Posting Ref 40)",,,,PENDING
PAIR_0341,RES_WEB_0137,JOB_WEB_0045,"Web UI Engineer skilled in HTML, CSS, JavaScript, Vue.js, Bootstrap, and Git. Focused on accessibility and cross-browser performance. (Candidate Ref 137)","Full Stack JavaScript Developer needed. Requirements: Node.js, React, MongoDB, and TypeScript. (Job Posting Ref 45)",,,,PENDING
PAIR_0342,RES_WEB_0137,JOB_WEB_0046,"Web UI Engineer skilled in HTML, CSS, JavaScript, Vue.js, Bootstrap, and Git. Focused on accessibility and cross-browser performance. (Candidate Ref 137)","Seeking React Frontend Developer with 2+ years experience in React.js, JavaScript (ES6+), HTML5/CSS3, and REST API integration. (Job Posting Ref 46)",,,,PENDING
PAIR_0343,RES_WEB_0137,JOB_QA _0103,"Web UI Engineer skilled in HTML, CSS, JavaScript, Vue.js, Bootstrap, and Git. Focused on accessibility and cross-browser performance. (Candidate Ref 137)","Hiring QA Automation Engineer with strong Java, Selenium WebDriver, TestNG, and REST API testing skills. (Job Posting Ref 103)",,,,PENDING
PAIR_0344,RES_WEB_0138,JOB_WEB_0048,"Junior Web Developer with strong foundation in JavaScript, HTML5, CSS3, and basic React. Built portfolio projects including blogging platform. (Candidate Ref 138)","Seeking React Frontend Developer with 2+ years experience in React.js, JavaScript (ES6+), HTML5/CSS3, and REST API integration. (Job Posting Ref 48)",,,,PENDING
PAIR_0345,RES_WEB_0138,JOB_WEB_0049,"Junior Web Developer with strong foundation in JavaScript, HTML5, CSS3, and basic React. Built portfolio projects including blogging platform. (Candidate Ref 138)","Full Stack JavaScript Developer needed. Requirements: Node.js, React, MongoDB, and TypeScript. (Job Posting Ref 49)",,,,PENDING
PAIR_0346,RES_WEB_0139,JOB_WEB_0042,"Frontend React Developer with 2 years experience building responsive web apps with React.js, Redux, JavaScript, HTML5, CSS3, and Tailwind CSS. (Candidate Ref 139)","Seeking React Frontend Developer with 2+ years experience in React.js, JavaScript (ES6+), HTML5/CSS3, and REST API integration. (Job Posting Ref 42)",,,,PENDING
PAIR_0347,RES_WEB_0139,JOB_WEB_0043,"Frontend React Developer with 2 years experience building responsive web apps with React.js, Redux, JavaScript, HTML5, CSS3, and Tailwind CSS. (Candidate Ref 139)","Full Stack JavaScript Developer needed. Requirements: Node.js, React, MongoDB, and TypeScript. (Job Posting Ref 43)",,,,PENDING
PAIR_0348,RES_WEB_0139,JOB_DEV_0080,"Frontend React Developer with 2 years experience building responsive web apps with React.js, Redux, JavaScript, HTML5, CSS3, and Tailwind CSS. (Candidate Ref 139)","Looking for DevOps Engineer with experience in AWS, Docker, Kubernetes, CI/CD pipelines, and Terraform. (Job Posting Ref 80)",,,,PENDING
PAIR_0349,RES_WEB_0140,JOB_WEB_0031,"Full Stack Web Developer proficient in Node.js, Express.js, React, MongoDB, and TypeScript. Experience integrating REST APIs and modern UI/UX. (Candidate Ref 140)","Full Stack JavaScript Developer needed. Requirements: Node.js, React, MongoDB, and TypeScript. (Job Posting Ref 31)",,,,PENDING
PAIR_0350,RES_WEB_0140,JOB_WEB_0032,"Full Stack Web Developer proficient in Node.js, Express.js, React, MongoDB, and TypeScript. Experience integrating REST APIs and modern UI/UX. (Candidate Ref 140)","Seeking React Frontend Developer with 2+ years experience in React.js, JavaScript (ES6+), HTML5/CSS3, and REST API integration. (Job Posting Ref 32)",,,,PENDING
PAIR_0351,RES_WEB_0141,JOB_WEB_0026,"Web UI Engineer skilled in HTML, CSS, JavaScript, Vue.js, Bootstrap, and Git. Focused on accessibility and cross-browser performance. (Candidate Ref 141)","Seeking React Frontend Developer with 2+ years experience in React.js, JavaScript (ES6+), HTML5/CSS3, and REST API integration. (Job Posting Ref 26)",,,,PENDING
PAIR_0352,RES_WEB_0141,JOB_WEB_0027,"Web UI Engineer skilled in HTML, CSS, JavaScript, Vue.js, Bootstrap, and Git. Focused on accessibility and cross-browser performance. (Candidate Ref 141)","Full Stack JavaScript Developer needed. Requirements: Node.js, React, MongoDB, and TypeScript. (Job Posting Ref 27)",,,,PENDING
PAIR_0353,RES_WEB_0141,JOB_QA _0119,"Web UI Engineer skilled in HTML, CSS, JavaScript, Vue.js, Bootstrap, and Git. Focused on accessibility and cross-browser performance. (Candidate Ref 141)","Hiring QA Automation Engineer with strong Java, Selenium WebDriver, TestNG, and REST API testing skills. (Job Posting Ref 119)",,,,PENDING
PAIR_0354,RES_WEB_0142,JOB_WEB_0039,"Junior Web Developer with strong foundation in JavaScript, HTML5, CSS3, and basic React. Built portfolio projects including blogging platform. (Candidate Ref 142)","Full Stack JavaScript Developer needed. Requirements: Node.js, React, MongoDB, and TypeScript. (Job Posting Ref 39)",,,,PENDING
PAIR_0355,RES_WEB_0142,JOB_WEB_0040,"Junior Web Developer with strong foundation in JavaScript, HTML5, CSS3, and basic React. Built portfolio projects including blogging platform. (Candidate Ref 142)","Seeking React Frontend Developer with 2+ years experience in React.js, JavaScript (ES6+), HTML5/CSS3, and REST API integration. (Job Posting Ref 40)",,,,PENDING
PAIR_0356,RES_WEB_0143,JOB_WEB_0049,"Frontend React Developer with 2 years experience building responsive web apps with React.js, Redux, JavaScript, HTML5, CSS3, and Tailwind CSS. (Candidate Ref 143)","Full Stack JavaScript Developer needed. Requirements: Node.js, React, MongoDB, and TypeScript. (Job Posting Ref 49)",,,,PENDING
PAIR_0357,RES_WEB_0143,JOB_WEB_0050,"Frontend React Developer with 2 years experience building responsive web apps with React.js, Redux, JavaScript, HTML5, CSS3, and Tailwind CSS. (Candidate Ref 143)","Seeking React Frontend Developer with 2+ years experience in React.js, JavaScript (ES6+), HTML5/CSS3, and REST API integration. (Job Posting Ref 50)",,,,PENDING
PAIR_0358,RES_WEB_0143,JOB_QA _0120,"Frontend React Developer with 2 years experience building responsive web apps with React.js, Redux, JavaScript, HTML5, CSS3, and Tailwind CSS. (Candidate Ref 143)","Senior Software Quality Assurance Lead requiring Selenium, Python automation, Postman API testing, and Jira defect tracking. (Job Posting Ref 120)",,,,PENDING
PAIR_0359,RES_WEB_0144,JOB_WEB_0031,"Full Stack Web Developer proficient in Node.js, Express.js, React, MongoDB, and TypeScript. Experience integrating REST APIs and modern UI/UX. (Candidate Ref 144)","Full Stack JavaScript Developer needed. Requirements: Node.js, React, MongoDB, and TypeScript. (Job Posting Ref 31)",,,,PENDING
PAIR_0360,RES_WEB_0144,JOB_WEB_0032,"Full Stack Web Developer proficient in Node.js, Express.js, React, MongoDB, and TypeScript. Experience integrating REST APIs and modern UI/UX. (Candidate Ref 144)","Seeking React Frontend Developer with 2+ years experience in React.js, JavaScript (ES6+), HTML5/CSS3, and REST API integration. (Job Posting Ref 32)",,,,PENDING
PAIR_0361,RES_WEB_0145,JOB_WEB_0035,"Web UI Engineer skilled in HTML, CSS, JavaScript, Vue.js, Bootstrap, and Git. Focused on accessibility and cross-browser performance. (Candidate Ref 145)","Full Stack JavaScript Developer needed. Requirements: Node.js, React, MongoDB, and TypeScript. (Job Posting Ref 35)",,,,PENDING
PAIR_0362,RES_WEB_0145,JOB_WEB_0036,"Web UI Engineer skilled in HTML, CSS, JavaScript, Vue.js, Bootstrap, and Git. Focused on accessibility and cross-browser performance. (Candidate Ref 145)","Seeking React Frontend Developer with 2+ years experience in React.js, JavaScript (ES6+), HTML5/CSS3, and REST API integration. (Job Posting Ref 36)",,,,PENDING
PAIR_0363,RES_WEB_0145,JOB_DAT_0057,"Web UI Engineer skilled in HTML, CSS, JavaScript, Vue.js, Bootstrap, and Git. Focused on accessibility and cross-browser performance. (Candidate Ref 145)","Hiring Data Analyst with strong SQL, Python (Pandas/NumPy), and Tableau data visualization skills. (Job Posting Ref 57)",,,,PENDING
PAIR_0364,RES_WEB_0146,JOB_WEB_0034,"Junior Web Developer with strong foundation in JavaScript, HTML5, CSS3, and basic React. Built portfolio projects including blogging platform. (Candidate Ref 146)","Seeking React Frontend Developer with 2+ years experience in React.js, JavaScript (ES6+), HTML5/CSS3, and REST API integration. (Job Posting Ref 34)",,,,PENDING
PAIR_0365,RES_WEB_0146,JOB_WEB_0035,"Junior Web Developer with strong foundation in JavaScript, HTML5, CSS3, and basic React. Built portfolio projects including blogging platform. (Candidate Ref 146)","Full Stack JavaScript Developer needed. Requirements: Node.js, React, MongoDB, and TypeScript. (Job Posting Ref 35)",,,,PENDING
PAIR_0366,RES_WEB_0147,JOB_WEB_0049,"Frontend React Developer with 2 years experience building responsive web apps with React.js, Redux, JavaScript, HTML5, CSS3, and Tailwind CSS. (Candidate Ref 147)","Full Stack JavaScript Developer needed. Requirements: Node.js, React, MongoDB, and TypeScript. (Job Posting Ref 49)",,,,PENDING
PAIR_0367,RES_WEB_0147,JOB_WEB_0050,"Frontend React Developer with 2 years experience building responsive web apps with React.js, Redux, JavaScript, HTML5, CSS3, and Tailwind CSS. (Candidate Ref 147)","Seeking React Frontend Developer with 2+ years experience in React.js, JavaScript (ES6+), HTML5/CSS3, and REST API integration. (Job Posting Ref 50)",,,,PENDING
PAIR_0368,RES_WEB_0147,JOB_QA _0101,"Frontend React Developer with 2 years experience building responsive web apps with React.js, Redux, JavaScript, HTML5, CSS3, and Tailwind CSS. (Candidate Ref 147)","Hiring QA Automation Engineer with strong Java, Selenium WebDriver, TestNG, and REST API testing skills. (Job Posting Ref 101)",,,,PENDING
PAIR_0369,RES_WEB_0148,JOB_WEB_0032,"Full Stack Web Developer proficient in Node.js, Express.js, React, MongoDB, and TypeScript. Experience integrating REST APIs and modern UI/UX. (Candidate Ref 148)","Seeking React Frontend Developer with 2+ years experience in React.js, JavaScript (ES6+), HTML5/CSS3, and REST API integration. (Job Posting Ref 32)",,,,PENDING
PAIR_0370,RES_WEB_0148,JOB_WEB_0033,"Full Stack Web Developer proficient in Node.js, Express.js, React, MongoDB, and TypeScript. Experience integrating REST APIs and modern UI/UX. (Candidate Ref 148)","Full Stack JavaScript Developer needed. Requirements: Node.js, React, MongoDB, and TypeScript. (Job Posting Ref 33)",,,,PENDING
PAIR_0371,RES_WEB_0149,JOB_WEB_0037,"Web UI Engineer skilled in HTML, CSS, JavaScript, Vue.js, Bootstrap, and Git. Focused on accessibility and cross-browser performance. (Candidate Ref 149)","Full Stack JavaScript Developer needed. Requirements: Node.js, React, MongoDB, and TypeScript. (Job Posting Ref 37)",,,,PENDING
PAIR_0372,RES_WEB_0149,JOB_WEB_0038,"Web UI Engineer skilled in HTML, CSS, JavaScript, Vue.js, Bootstrap, and Git. Focused on accessibility and cross-browser performance. (Candidate Ref 149)","Seeking React Frontend Developer with 2+ years experience in React.js, JavaScript (ES6+), HTML5/CSS3, and REST API integration. (Job Posting Ref 38)",,,,PENDING
PAIR_0373,RES_WEB_0149,JOB_DAT_0069,"Web UI Engineer skilled in HTML, CSS, JavaScript, Vue.js, Bootstrap, and Git. Focused on accessibility and cross-browser performance. (Candidate Ref 149)","Hiring Data Analyst with strong SQL, Python (Pandas/NumPy), and Tableau data visualization skills. (Job Posting Ref 69)",,,,PENDING
PAIR_0374,RES_WEB_0150,JOB_WEB_0049,"Junior Web Developer with strong foundation in JavaScript, HTML5, CSS3, and basic React. Built portfolio projects including blogging platform. (Candidate Ref 150)","Full Stack JavaScript Developer needed. Requirements: Node.js, React, MongoDB, and TypeScript. (Job Posting Ref 49)",,,,PENDING
PAIR_0375,RES_WEB_0150,JOB_WEB_0050,"Junior Web Developer with strong foundation in JavaScript, HTML5, CSS3, and basic React. Built portfolio projects including blogging platform. (Candidate Ref 150)","Seeking React Frontend Developer with 2+ years experience in React.js, JavaScript (ES6+), HTML5/CSS3, and REST API integration. (Job Posting Ref 50)",,,,PENDING
PAIR_0376,RES_WEB_0151,JOB_WEB_0029,"Frontend React Developer with 2 years experience building responsive web apps with React.js, Redux, JavaScript, HTML5, CSS3, and Tailwind CSS. (Candidate Ref 151)","Full Stack JavaScript Developer needed. Requirements: Node.js, React, MongoDB, and TypeScript. (Job Posting Ref 29)",,,,PENDING
PAIR_0377,RES_WEB_0151,JOB_WEB_0030,"Frontend React Developer with 2 years experience building responsive web apps with React.js, Redux, JavaScript, HTML5, CSS3, and Tailwind CSS. (Candidate Ref 151)","Seeking React Frontend Developer with 2+ years experience in React.js, JavaScript (ES6+), HTML5/CSS3, and REST API integration. (Job Posting Ref 30)",,,,PENDING
PAIR_0378,RES_WEB_0151,JOB_SOF_0017,"Frontend React Developer with 2 years experience building responsive web apps with React.js, Redux, JavaScript, HTML5, CSS3, and Tailwind CSS. (Candidate Ref 151)","Looking for Backend Java Developer with 2-4 years experience in Java, Spring Boot, REST APIs, and MySQL. (Job Posting Ref 17)",,,,PENDING
PAIR_0379,RES_WEB_0152,JOB_WEB_0044,"Full Stack Web Developer proficient in Node.js, Express.js, React, MongoDB, and TypeScript. Experience integrating REST APIs and modern UI/UX. (Candidate Ref 152)","Seeking React Frontend Developer with 2+ years experience in React.js, JavaScript (ES6+), HTML5/CSS3, and REST API integration. (Job Posting Ref 44)",,,,PENDING
PAIR_0380,RES_WEB_0152,JOB_WEB_0045,"Full Stack Web Developer proficient in Node.js, Express.js, React, MongoDB, and TypeScript. Experience integrating REST APIs and modern UI/UX. (Candidate Ref 152)","Full Stack JavaScript Developer needed. Requirements: Node.js, React, MongoDB, and TypeScript. (Job Posting Ref 45)",,,,PENDING
PAIR_0381,RES_WEB_0153,JOB_WEB_0050,"Web UI Engineer skilled in HTML, CSS, JavaScript, Vue.js, Bootstrap, and Git. Focused on accessibility and cross-browser performance. (Candidate Ref 153)","Seeking React Frontend Developer with 2+ years experience in React.js, JavaScript (ES6+), HTML5/CSS3, and REST API integration. (Job Posting Ref 50)",,,,PENDING
PAIR_0382,RES_WEB_0153,JOB_WEB_0026,"Web UI Engineer skilled in HTML, CSS, JavaScript, Vue.js, Bootstrap, and Git. Focused on accessibility and cross-browser performance. (Candidate Ref 153)","Seeking React Frontend Developer with 2+ years experience in React.js, JavaScript (ES6+), HTML5/CSS3, and REST API integration. (Job Posting Ref 26)",,,,PENDING
PAIR_0383,RES_WEB_0153,JOB_QA _0113,"Web UI Engineer skilled in HTML, CSS, JavaScript, Vue.js, Bootstrap, and Git. Focused on accessibility and cross-browser performance. (Candidate Ref 153)","Hiring QA Automation Engineer with strong Java, Selenium WebDriver, TestNG, and REST API testing skills. (Job Posting Ref 113)",,,,PENDING
PAIR_0384,RES_WEB_0154,JOB_WEB_0031,"Junior Web Developer with strong foundation in JavaScript, HTML5, CSS3, and basic React. Built portfolio projects including blogging platform. (Candidate Ref 154)","Full Stack JavaScript Developer needed. Requirements: Node.js, React, MongoDB, and TypeScript. (Job Posting Ref 31)",,,,PENDING
PAIR_0385,RES_WEB_0154,JOB_WEB_0032,"Junior Web Developer with strong foundation in JavaScript, HTML5, CSS3, and basic React. Built portfolio projects including blogging platform. (Candidate Ref 154)","Seeking React Frontend Developer with 2+ years experience in React.js, JavaScript (ES6+), HTML5/CSS3, and REST API integration. (Job Posting Ref 32)",,,,PENDING
PAIR_0386,RES_WEB_0155,JOB_WEB_0043,"Frontend React Developer with 2 years experience building responsive web apps with React.js, Redux, JavaScript, HTML5, CSS3, and Tailwind CSS. (Candidate Ref 155)","Full Stack JavaScript Developer needed. Requirements: Node.js, React, MongoDB, and TypeScript. (Job Posting Ref 43)",,,,PENDING
PAIR_0387,RES_WEB_0155,JOB_WEB_0044,"Frontend React Developer with 2 years experience building responsive web apps with React.js, Redux, JavaScript, HTML5, CSS3, and Tailwind CSS. (Candidate Ref 155)","Seeking React Frontend Developer with 2+ years experience in React.js, JavaScript (ES6+), HTML5/CSS3, and REST API integration. (Job Posting Ref 44)",,,,PENDING
PAIR_0388,RES_WEB_0155,JOB_SOF_0019,"Frontend React Developer with 2 years experience building responsive web apps with React.js, Redux, JavaScript, HTML5, CSS3, and Tailwind CSS. (Candidate Ref 155)","Looking for Backend Java Developer with 2-4 years experience in Java, Spring Boot, REST APIs, and MySQL. (Job Posting Ref 19)",,,,PENDING
PAIR_0389,RES_WEB_0156,JOB_WEB_0048,"Full Stack Web Developer proficient in Node.js, Express.js, React, MongoDB, and TypeScript. Experience integrating REST APIs and modern UI/UX. (Candidate Ref 156)","Seeking React Frontend Developer with 2+ years experience in React.js, JavaScript (ES6+), HTML5/CSS3, and REST API integration. (Job Posting Ref 48)",,,,PENDING
PAIR_0390,RES_WEB_0156,JOB_WEB_0049,"Full Stack Web Developer proficient in Node.js, Express.js, React, MongoDB, and TypeScript. Experience integrating REST APIs and modern UI/UX. (Candidate Ref 156)","Full Stack JavaScript Developer needed. Requirements: Node.js, React, MongoDB, and TypeScript. (Job Posting Ref 49)",,,,PENDING
PAIR_0391,RES_WEB_0157,JOB_WEB_0042,"Web UI Engineer skilled in HTML, CSS, JavaScript, Vue.js, Bootstrap, and Git. Focused on accessibility and cross-browser performance. (Candidate Ref 157)","Seeking React Frontend Developer with 2+ years experience in React.js, JavaScript (ES6+), HTML5/CSS3, and REST API integration. (Job Posting Ref 42)",,,,PENDING
PAIR_0392,RES_WEB_0157,JOB_WEB_0043,"Web UI Engineer skilled in HTML, CSS, JavaScript, Vue.js, Bootstrap, and Git. Focused on accessibility and cross-browser performance. (Candidate Ref 157)","Full Stack JavaScript Developer needed. Requirements: Node.js, React, MongoDB, and TypeScript. (Job Posting Ref 43)",,,,PENDING
PAIR_0393,RES_WEB_0157,JOB_DEV_0085,"Web UI Engineer skilled in HTML, CSS, JavaScript, Vue.js, Bootstrap, and Git. Focused on accessibility and cross-browser performance. (Candidate Ref 157)","Cloud Security & DevOps Specialist required. Mandatory skills: Azure, Docker, Kubernetes, and Linux automation. (Job Posting Ref 85)",,,,PENDING
PAIR_0394,RES_WEB_0158,JOB_WEB_0038,"Junior Web Developer with strong foundation in JavaScript, HTML5, CSS3, and basic React. Built portfolio projects including blogging platform. (Candidate Ref 158)","Seeking React Frontend Developer with 2+ years experience in React.js, JavaScript (ES6+), HTML5/CSS3, and REST API integration. (Job Posting Ref 38)",,,,PENDING
PAIR_0395,RES_WEB_0158,JOB_WEB_0039,"Junior Web Developer with strong foundation in JavaScript, HTML5, CSS3, and basic React. Built portfolio projects including blogging platform. (Candidate Ref 158)","Full Stack JavaScript Developer needed. Requirements: Node.js, React, MongoDB, and TypeScript. (Job Posting Ref 39)",,,,PENDING
PAIR_0396,RES_WEB_0159,JOB_WEB_0036,"Frontend React Developer with 2 years experience building responsive web apps with React.js, Redux, JavaScript, HTML5, CSS3, and Tailwind CSS. (Candidate Ref 159)","Seeking React Frontend Developer with 2+ years experience in React.js, JavaScript (ES6+), HTML5/CSS3, and REST API integration. (Job Posting Ref 36)",,,,PENDING
PAIR_0397,RES_WEB_0159,JOB_WEB_0037,"Frontend React Developer with 2 years experience building responsive web apps with React.js, Redux, JavaScript, HTML5, CSS3, and Tailwind CSS. (Candidate Ref 159)","Full Stack JavaScript Developer needed. Requirements: Node.js, React, MongoDB, and TypeScript. (Job Posting Ref 37)",,,,PENDING
PAIR_0398,RES_WEB_0159,JOB_DEV_0079,"Frontend React Developer with 2 years experience building responsive web apps with React.js, Redux, JavaScript, HTML5, CSS3, and Tailwind CSS. (Candidate Ref 159)","Cloud Security & DevOps Specialist required. Mandatory skills: Azure, Docker, Kubernetes, and Linux automation. (Job Posting Ref 79)",,,,PENDING
PAIR_0399,RES_WEB_0160,JOB_WEB_0041,"Full Stack Web Developer proficient in Node.js, Express.js, React, MongoDB, and TypeScript. Experience integrating REST APIs and modern UI/UX. (Candidate Ref 160)","Full Stack JavaScript Developer needed. Requirements: Node.js, React, MongoDB, and TypeScript. (Job Posting Ref 41)",,,,PENDING
PAIR_0400,RES_WEB_0160,JOB_WEB_0042,"Full Stack Web Developer proficient in Node.js, Express.js, React, MongoDB, and TypeScript. Experience integrating REST APIs and modern UI/UX. (Candidate Ref 160)","Seeking React Frontend Developer with 2+ years experience in React.js, JavaScript (ES6+), HTML5/CSS3, and REST API integration. (Job Posting Ref 42)",,,,PENDING
PAIR_0401,RES_WEB_0161,JOB_WEB_0037,"Web UI Engineer skilled in HTML, CSS, JavaScript, Vue.js, Bootstrap, and Git. Focused on accessibility and cross-browser performance. (Candidate Ref 161)","Full Stack JavaScript Developer needed. Requirements: Node.js, React, MongoDB, and TypeScript. (Job Posting Ref 37)",,,,PENDING
PAIR_0402,RES_WEB_0161,JOB_WEB_0038,"Web UI Engineer skilled in HTML, CSS, JavaScript, Vue.js, Bootstrap, and Git. Focused on accessibility and cross-browser performance. (Candidate Ref 161)","Seeking React Frontend Developer with 2+ years experience in React.js, JavaScript (ES6+), HTML5/CSS3, and REST API integration. (Job Posting Ref 38)",,,,PENDING
PAIR_0403,RES_WEB_0161,JOB_QA _0112,"Web UI Engineer skilled in HTML, CSS, JavaScript, Vue.js, Bootstrap, and Git. Focused on accessibility and cross-browser performance. (Candidate Ref 161)","Senior Software Quality Assurance Lead requiring Selenium, Python automation, Postman API testing, and Jira defect tracking. (Job Posting Ref 112)",,,,PENDING
PAIR_0404,RES_WEB_0162,JOB_WEB_0032,"Junior Web Developer with strong foundation in JavaScript, HTML5, CSS3, and basic React. Built portfolio projects including blogging platform. (Candidate Ref 162)","Seeking React Frontend Developer with 2+ years experience in React.js, JavaScript (ES6+), HTML5/CSS3, and REST API integration. (Job Posting Ref 32)",,,,PENDING
PAIR_0405,RES_WEB_0162,JOB_WEB_0033,"Junior Web Developer with strong foundation in JavaScript, HTML5, CSS3, and basic React. Built portfolio projects including blogging platform. (Candidate Ref 162)","Full Stack JavaScript Developer needed. Requirements: Node.js, React, MongoDB, and TypeScript. (Job Posting Ref 33)",,,,PENDING
PAIR_0406,RES_WEB_0163,JOB_WEB_0031,"Frontend React Developer with 2 years experience building responsive web apps with React.js, Redux, JavaScript, HTML5, CSS3, and Tailwind CSS. (Candidate Ref 163)","Full Stack JavaScript Developer needed. Requirements: Node.js, React, MongoDB, and TypeScript. (Job Posting Ref 31)",,,,PENDING
PAIR_0407,RES_WEB_0163,JOB_WEB_0032,"Frontend React Developer with 2 years experience building responsive web apps with React.js, Redux, JavaScript, HTML5, CSS3, and Tailwind CSS. (Candidate Ref 163)","Seeking React Frontend Developer with 2+ years experience in React.js, JavaScript (ES6+), HTML5/CSS3, and REST API integration. (Job Posting Ref 32)",,,,PENDING
PAIR_0408,RES_WEB_0163,JOB_QA _0114,"Frontend React Developer with 2 years experience building responsive web apps with React.js, Redux, JavaScript, HTML5, CSS3, and Tailwind CSS. (Candidate Ref 163)","Senior Software Quality Assurance Lead requiring Selenium, Python automation, Postman API testing, and Jira defect tracking. (Job Posting Ref 114)",,,,PENDING
PAIR_0409,RES_WEB_0164,JOB_WEB_0047,"Full Stack Web Developer proficient in Node.js, Express.js, React, MongoDB, and TypeScript. Experience integrating REST APIs and modern UI/UX. (Candidate Ref 164)","Full Stack JavaScript Developer needed. Requirements: Node.js, React, MongoDB, and TypeScript. (Job Posting Ref 47)",,,,PENDING
PAIR_0410,RES_WEB_0164,JOB_WEB_0048,"Full Stack Web Developer proficient in Node.js, Express.js, React, MongoDB, and TypeScript. Experience integrating REST APIs and modern UI/UX. (Candidate Ref 164)","Seeking React Frontend Developer with 2+ years experience in React.js, JavaScript (ES6+), HTML5/CSS3, and REST API integration. (Job Posting Ref 48)",,,,PENDING
PAIR_0411,RES_WEB_0165,JOB_WEB_0042,"Web UI Engineer skilled in HTML, CSS, JavaScript, Vue.js, Bootstrap, and Git. Focused on accessibility and cross-browser performance. (Candidate Ref 165)","Seeking React Frontend Developer with 2+ years experience in React.js, JavaScript (ES6+), HTML5/CSS3, and REST API integration. (Job Posting Ref 42)",,,,PENDING
PAIR_0412,RES_WEB_0165,JOB_WEB_0043,"Web UI Engineer skilled in HTML, CSS, JavaScript, Vue.js, Bootstrap, and Git. Focused on accessibility and cross-browser performance. (Candidate Ref 165)","Full Stack JavaScript Developer needed. Requirements: Node.js, React, MongoDB, and TypeScript. (Job Posting Ref 43)",,,,PENDING
PAIR_0413,RES_WEB_0165,JOB_QA _0117,"Web UI Engineer skilled in HTML, CSS, JavaScript, Vue.js, Bootstrap, and Git. Focused on accessibility and cross-browser performance. (Candidate Ref 165)","Hiring QA Automation Engineer with strong Java, Selenium WebDriver, TestNG, and REST API testing skills. (Job Posting Ref 117)",,,,PENDING
PAIR_0414,RES_WEB_0166,JOB_WEB_0031,"Junior Web Developer with strong foundation in JavaScript, HTML5, CSS3, and basic React. Built portfolio projects including blogging platform. (Candidate Ref 166)","Full Stack JavaScript Developer needed. Requirements: Node.js, React, MongoDB, and TypeScript. (Job Posting Ref 31)",,,,PENDING
PAIR_0415,RES_WEB_0166,JOB_WEB_0032,"Junior Web Developer with strong foundation in JavaScript, HTML5, CSS3, and basic React. Built portfolio projects including blogging platform. (Candidate Ref 166)","Seeking React Frontend Developer with 2+ years experience in React.js, JavaScript (ES6+), HTML5/CSS3, and REST API integration. (Job Posting Ref 32)",,,,PENDING
PAIR_0416,RES_WEB_0167,JOB_WEB_0026,"Frontend React Developer with 2 years experience building responsive web apps with React.js, Redux, JavaScript, HTML5, CSS3, and Tailwind CSS. (Candidate Ref 167)","Seeking React Frontend Developer with 2+ years experience in React.js, JavaScript (ES6+), HTML5/CSS3, and REST API integration. (Job Posting Ref 26)",,,,PENDING
PAIR_0417,RES_WEB_0167,JOB_WEB_0027,"Frontend React Developer with 2 years experience building responsive web apps with React.js, Redux, JavaScript, HTML5, CSS3, and Tailwind CSS. (Candidate Ref 167)","Full Stack JavaScript Developer needed. Requirements: Node.js, React, MongoDB, and TypeScript. (Job Posting Ref 27)",,,,PENDING
PAIR_0418,RES_WEB_0167,JOB_QA _0119,"Frontend React Developer with 2 years experience building responsive web apps with React.js, Redux, JavaScript, HTML5, CSS3, and Tailwind CSS. (Candidate Ref 167)","Hiring QA Automation Engineer with strong Java, Selenium WebDriver, TestNG, and REST API testing skills. (Job Posting Ref 119)",,,,PENDING
PAIR_0419,RES_WEB_0168,JOB_WEB_0046,"Full Stack Web Developer proficient in Node.js, Express.js, React, MongoDB, and TypeScript. Experience integrating REST APIs and modern UI/UX. (Candidate Ref 168)","Seeking React Frontend Developer with 2+ years experience in React.js, JavaScript (ES6+), HTML5/CSS3, and REST API integration. (Job Posting Ref 46)",,,,PENDING
PAIR_0420,RES_WEB_0168,JOB_WEB_0047,"Full Stack Web Developer proficient in Node.js, Express.js, React, MongoDB, and TypeScript. Experience integrating REST APIs and modern UI/UX. (Candidate Ref 168)","Full Stack JavaScript Developer needed. Requirements: Node.js, React, MongoDB, and TypeScript. (Job Posting Ref 47)",,,,PENDING
PAIR_0421,RES_WEB_0169,JOB_WEB_0032,"Web UI Engineer skilled in HTML, CSS, JavaScript, Vue.js, Bootstrap, and Git. Focused on accessibility and cross-browser performance. (Candidate Ref 169)","Seeking React Frontend Developer with 2+ years experience in React.js, JavaScript (ES6+), HTML5/CSS3, and REST API integration. (Job Posting Ref 32)",,,,PENDING
PAIR_0422,RES_WEB_0169,JOB_WEB_0033,"Web UI Engineer skilled in HTML, CSS, JavaScript, Vue.js, Bootstrap, and Git. Focused on accessibility and cross-browser performance. (Candidate Ref 169)","Full Stack JavaScript Developer needed. Requirements: Node.js, React, MongoDB, and TypeScript. (Job Posting Ref 33)",,,,PENDING
PAIR_0423,RES_WEB_0169,JOB_DAT_0051,"Web UI Engineer skilled in HTML, CSS, JavaScript, Vue.js, Bootstrap, and Git. Focused on accessibility and cross-browser performance. (Candidate Ref 169)","Hiring Data Analyst with strong SQL, Python (Pandas/NumPy), and Tableau data visualization skills. (Job Posting Ref 51)",,,,PENDING
PAIR_0424,RES_WEB_0170,JOB_WEB_0029,"Junior Web Developer with strong foundation in JavaScript, HTML5, CSS3, and basic React. Built portfolio projects including blogging platform. (Candidate Ref 170)","Full Stack JavaScript Developer needed. Requirements: Node.js, React, MongoDB, and TypeScript. (Job Posting Ref 29)",,,,PENDING
PAIR_0425,RES_WEB_0170,JOB_WEB_0030,"Junior Web Developer with strong foundation in JavaScript, HTML5, CSS3, and basic React. Built portfolio projects including blogging platform. (Candidate Ref 170)","Seeking React Frontend Developer with 2+ years experience in React.js, JavaScript (ES6+), HTML5/CSS3, and REST API integration. (Job Posting Ref 30)",,,,PENDING
PAIR_0426,RES_WEB_0171,JOB_WEB_0046,"Frontend React Developer with 2 years experience building responsive web apps with React.js, Redux, JavaScript, HTML5, CSS3, and Tailwind CSS. (Candidate Ref 171)","Seeking React Frontend Developer with 2+ years experience in React.js, JavaScript (ES6+), HTML5/CSS3, and REST API integration. (Job Posting Ref 46)",,,,PENDING
PAIR_0427,RES_WEB_0171,JOB_WEB_0047,"Frontend React Developer with 2 years experience building responsive web apps with React.js, Redux, JavaScript, HTML5, CSS3, and Tailwind CSS. (Candidate Ref 171)","Full Stack JavaScript Developer needed. Requirements: Node.js, React, MongoDB, and TypeScript. (Job Posting Ref 47)",,,,PENDING
PAIR_0428,RES_WEB_0171,JOB_DEV_0085,"Frontend React Developer with 2 years experience building responsive web apps with React.js, Redux, JavaScript, HTML5, CSS3, and Tailwind CSS. (Candidate Ref 171)","Cloud Security & DevOps Specialist required. Mandatory skills: Azure, Docker, Kubernetes, and Linux automation. (Job Posting Ref 85)",,,,PENDING
PAIR_0429,RES_WEB_0172,JOB_WEB_0035,"Full Stack Web Developer proficient in Node.js, Express.js, React, MongoDB, and TypeScript. Experience integrating REST APIs and modern UI/UX. (Candidate Ref 172)","Full Stack JavaScript Developer needed. Requirements: Node.js, React, MongoDB, and TypeScript. (Job Posting Ref 35)",,,,PENDING
PAIR_0430,RES_WEB_0172,JOB_WEB_0036,"Full Stack Web Developer proficient in Node.js, Express.js, React, MongoDB, and TypeScript. Experience integrating REST APIs and modern UI/UX. (Candidate Ref 172)","Seeking React Frontend Developer with 2+ years experience in React.js, JavaScript (ES6+), HTML5/CSS3, and REST API integration. (Job Posting Ref 36)",,,,PENDING
PAIR_0431,RES_WEB_0173,JOB_WEB_0041,"Web UI Engineer skilled in HTML, CSS, JavaScript, Vue.js, Bootstrap, and Git. Focused on accessibility and cross-browser performance. (Candidate Ref 173)","Full Stack JavaScript Developer needed. Requirements: Node.js, React, MongoDB, and TypeScript. (Job Posting Ref 41)",,,,PENDING
PAIR_0432,RES_WEB_0173,JOB_WEB_0042,"Web UI Engineer skilled in HTML, CSS, JavaScript, Vue.js, Bootstrap, and Git. Focused on accessibility and cross-browser performance. (Candidate Ref 173)","Seeking React Frontend Developer with 2+ years experience in React.js, JavaScript (ES6+), HTML5/CSS3, and REST API integration. (Job Posting Ref 42)",,,,PENDING
PAIR_0433,RES_WEB_0173,JOB_DAT_0057,"Web UI Engineer skilled in HTML, CSS, JavaScript, Vue.js, Bootstrap, and Git. Focused on accessibility and cross-browser performance. (Candidate Ref 173)","Hiring Data Analyst with strong SQL, Python (Pandas/NumPy), and Tableau data visualization skills. (Job Posting Ref 57)",,,,PENDING
PAIR_0434,RES_WEB_0174,JOB_WEB_0034,"Junior Web Developer with strong foundation in JavaScript, HTML5, CSS3, and basic React. Built portfolio projects including blogging platform. (Candidate Ref 174)","Seeking React Frontend Developer with 2+ years experience in React.js, JavaScript (ES6+), HTML5/CSS3, and REST API integration. (Job Posting Ref 34)",,,,PENDING
PAIR_0435,RES_WEB_0174,JOB_WEB_0035,"Junior Web Developer with strong foundation in JavaScript, HTML5, CSS3, and basic React. Built portfolio projects including blogging platform. (Candidate Ref 174)","Full Stack JavaScript Developer needed. Requirements: Node.js, React, MongoDB, and TypeScript. (Job Posting Ref 35)",,,,PENDING
PAIR_0436,RES_WEB_0175,JOB_WEB_0035,"Frontend React Developer with 2 years experience building responsive web apps with React.js, Redux, JavaScript, HTML5, CSS3, and Tailwind CSS. (Candidate Ref 175)","Full Stack JavaScript Developer needed. Requirements: Node.js, React, MongoDB, and TypeScript. (Job Posting Ref 35)",,,,PENDING
PAIR_0437,RES_WEB_0175,JOB_WEB_0036,"Frontend React Developer with 2 years experience building responsive web apps with React.js, Redux, JavaScript, HTML5, CSS3, and Tailwind CSS. (Candidate Ref 175)","Seeking React Frontend Developer with 2+ years experience in React.js, JavaScript (ES6+), HTML5/CSS3, and REST API integration. (Job Posting Ref 36)",,,,PENDING
PAIR_0438,RES_WEB_0175,JOB_DEV_0086,"Frontend React Developer with 2 years experience building responsive web apps with React.js, Redux, JavaScript, HTML5, CSS3, and Tailwind CSS. (Candidate Ref 175)","Looking for DevOps Engineer with experience in AWS, Docker, Kubernetes, CI/CD pipelines, and Terraform. (Job Posting Ref 86)",,,,PENDING
PAIR_0439,RES_WEB_0176,JOB_WEB_0042,"Full Stack Web Developer proficient in Node.js, Express.js, React, MongoDB, and TypeScript. Experience integrating REST APIs and modern UI/UX. (Candidate Ref 176)","Seeking React Frontend Developer with 2+ years experience in React.js, JavaScript (ES6+), HTML5/CSS3, and REST API integration. (Job Posting Ref 42)",,,,PENDING
PAIR_0440,RES_WEB_0176,JOB_WEB_0043,"Full Stack Web Developer proficient in Node.js, Express.js, React, MongoDB, and TypeScript. Experience integrating REST APIs and modern UI/UX. (Candidate Ref 176)","Full Stack JavaScript Developer needed. Requirements: Node.js, React, MongoDB, and TypeScript. (Job Posting Ref 43)",,,,PENDING
PAIR_0441,RES_WEB_0177,JOB_WEB_0040,"Web UI Engineer skilled in HTML, CSS, JavaScript, Vue.js, Bootstrap, and Git. Focused on accessibility and cross-browser performance. (Candidate Ref 177)","Seeking React Frontend Developer with 2+ years experience in React.js, JavaScript (ES6+), HTML5/CSS3, and REST API integration. (Job Posting Ref 40)",,,,PENDING
PAIR_0442,RES_WEB_0177,JOB_WEB_0041,"Web UI Engineer skilled in HTML, CSS, JavaScript, Vue.js, Bootstrap, and Git. Focused on accessibility and cross-browser performance. (Candidate Ref 177)","Full Stack JavaScript Developer needed. Requirements: Node.js, React, MongoDB, and TypeScript. (Job Posting Ref 41)",,,,PENDING
PAIR_0443,RES_WEB_0177,JOB_DAT_0073,"Web UI Engineer skilled in HTML, CSS, JavaScript, Vue.js, Bootstrap, and Git. Focused on accessibility and cross-browser performance. (Candidate Ref 177)","Hiring Data Analyst with strong SQL, Python (Pandas/NumPy), and Tableau data visualization skills. (Job Posting Ref 73)",,,,PENDING
PAIR_0444,RES_WEB_0178,JOB_WEB_0041,"Junior Web Developer with strong foundation in JavaScript, HTML5, CSS3, and basic React. Built portfolio projects including blogging platform. (Candidate Ref 178)","Full Stack JavaScript Developer needed. Requirements: Node.js, React, MongoDB, and TypeScript. (Job Posting Ref 41)",,,,PENDING
PAIR_0445,RES_WEB_0178,JOB_WEB_0042,"Junior Web Developer with strong foundation in JavaScript, HTML5, CSS3, and basic React. Built portfolio projects including blogging platform. (Candidate Ref 178)","Seeking React Frontend Developer with 2+ years experience in React.js, JavaScript (ES6+), HTML5/CSS3, and REST API integration. (Job Posting Ref 42)",,,,PENDING
PAIR_0446,RES_WEB_0179,JOB_WEB_0033,"Frontend React Developer with 2 years experience building responsive web apps with React.js, Redux, JavaScript, HTML5, CSS3, and Tailwind CSS. (Candidate Ref 179)","Full Stack JavaScript Developer needed. Requirements: Node.js, React, MongoDB, and TypeScript. (Job Posting Ref 33)",,,,PENDING
PAIR_0447,RES_WEB_0179,JOB_WEB_0034,"Frontend React Developer with 2 years experience building responsive web apps with React.js, Redux, JavaScript, HTML5, CSS3, and Tailwind CSS. (Candidate Ref 179)","Seeking React Frontend Developer with 2+ years experience in React.js, JavaScript (ES6+), HTML5/CSS3, and REST API integration. (Job Posting Ref 34)",,,,PENDING
PAIR_0448,RES_WEB_0179,JOB_QA _0125,"Frontend React Developer with 2 years experience building responsive web apps with React.js, Redux, JavaScript, HTML5, CSS3, and Tailwind CSS. (Candidate Ref 179)","Hiring QA Automation Engineer with strong Java, Selenium WebDriver, TestNG, and REST API testing skills. (Job Posting Ref 125)",,,,PENDING
PAIR_0449,RES_WEB_0180,JOB_WEB_0032,"Full Stack Web Developer proficient in Node.js, Express.js, React, MongoDB, and TypeScript. Experience integrating REST APIs and modern UI/UX. (Candidate Ref 180)","Seeking React Frontend Developer with 2+ years experience in React.js, JavaScript (ES6+), HTML5/CSS3, and REST API integration. (Job Posting Ref 32)",,,,PENDING
PAIR_0450,RES_WEB_0180,JOB_WEB_0033,"Full Stack Web Developer proficient in Node.js, Express.js, React, MongoDB, and TypeScript. Experience integrating REST APIs and modern UI/UX. (Candidate Ref 180)","Full Stack JavaScript Developer needed. Requirements: Node.js, React, MongoDB, and TypeScript. (Job Posting Ref 33)",,,,PENDING
PAIR_0451,RES_WEB_0181,JOB_WEB_0045,"Web UI Engineer skilled in HTML, CSS, JavaScript, Vue.js, Bootstrap, and Git. Focused on accessibility and cross-browser performance. (Candidate Ref 181)","Full Stack JavaScript Developer needed. Requirements: Node.js, React, MongoDB, and TypeScript. (Job Posting Ref 45)",,,,PENDING
PAIR_0452,RES_WEB_0181,JOB_WEB_0046,"Web UI Engineer skilled in HTML, CSS, JavaScript, Vue.js, Bootstrap, and Git. Focused on accessibility and cross-browser performance. (Candidate Ref 181)","Seeking React Frontend Developer with 2+ years experience in React.js, JavaScript (ES6+), HTML5/CSS3, and REST API integration. (Job Posting Ref 46)",,,,PENDING
PAIR_0453,RES_WEB_0181,JOB_DAT_0066,"Web UI Engineer skilled in HTML, CSS, JavaScript, Vue.js, Bootstrap, and Git. Focused on accessibility and cross-browser performance. (Candidate Ref 181)","Machine Learning Engineer position requiring Python, Scikit-Learn, PyTorch, and ML model training experience. (Job Posting Ref 66)",,,,PENDING
PAIR_0454,RES_WEB_0182,JOB_WEB_0039,"Junior Web Developer with strong foundation in JavaScript, HTML5, CSS3, and basic React. Built portfolio projects including blogging platform. (Candidate Ref 182)","Full Stack JavaScript Developer needed. Requirements: Node.js, React, MongoDB, and TypeScript. (Job Posting Ref 39)",,,,PENDING
PAIR_0455,RES_WEB_0182,JOB_WEB_0040,"Junior Web Developer with strong foundation in JavaScript, HTML5, CSS3, and basic React. Built portfolio projects including blogging platform. (Candidate Ref 182)","Seeking React Frontend Developer with 2+ years experience in React.js, JavaScript (ES6+), HTML5/CSS3, and REST API integration. (Job Posting Ref 40)",,,,PENDING
PAIR_0456,RES_WEB_0183,JOB_WEB_0032,"Frontend React Developer with 2 years experience building responsive web apps with React.js, Redux, JavaScript, HTML5, CSS3, and Tailwind CSS. (Candidate Ref 183)","Seeking React Frontend Developer with 2+ years experience in React.js, JavaScript (ES6+), HTML5/CSS3, and REST API integration. (Job Posting Ref 32)",,,,PENDING
PAIR_0457,RES_WEB_0183,JOB_WEB_0033,"Frontend React Developer with 2 years experience building responsive web apps with React.js, Redux, JavaScript, HTML5, CSS3, and Tailwind CSS. (Candidate Ref 183)","Full Stack JavaScript Developer needed. Requirements: Node.js, React, MongoDB, and TypeScript. (Job Posting Ref 33)",,,,PENDING
PAIR_0458,RES_WEB_0183,JOB_SOF_0011,"Frontend React Developer with 2 years experience building responsive web apps with React.js, Redux, JavaScript, HTML5, CSS3, and Tailwind CSS. (Candidate Ref 183)","Looking for Backend Java Developer with 2-4 years experience in Java, Spring Boot, REST APIs, and MySQL. (Job Posting Ref 11)",,,,PENDING
PAIR_0459,RES_WEB_0184,JOB_WEB_0035,"Full Stack Web Developer proficient in Node.js, Express.js, React, MongoDB, and TypeScript. Experience integrating REST APIs and modern UI/UX. (Candidate Ref 184)","Full Stack JavaScript Developer needed. Requirements: Node.js, React, MongoDB, and TypeScript. (Job Posting Ref 35)",,,,PENDING
PAIR_0460,RES_WEB_0184,JOB_WEB_0036,"Full Stack Web Developer proficient in Node.js, Express.js, React, MongoDB, and TypeScript. Experience integrating REST APIs and modern UI/UX. (Candidate Ref 184)","Seeking React Frontend Developer with 2+ years experience in React.js, JavaScript (ES6+), HTML5/CSS3, and REST API integration. (Job Posting Ref 36)",,,,PENDING
PAIR_0461,RES_WEB_0185,JOB_WEB_0037,"Web UI Engineer skilled in HTML, CSS, JavaScript, Vue.js, Bootstrap, and Git. Focused on accessibility and cross-browser performance. (Candidate Ref 185)","Full Stack JavaScript Developer needed. Requirements: Node.js, React, MongoDB, and TypeScript. (Job Posting Ref 37)",,,,PENDING
PAIR_0462,RES_WEB_0185,JOB_WEB_0038,"Web UI Engineer skilled in HTML, CSS, JavaScript, Vue.js, Bootstrap, and Git. Focused on accessibility and cross-browser performance. (Candidate Ref 185)","Seeking React Frontend Developer with 2+ years experience in React.js, JavaScript (ES6+), HTML5/CSS3, and REST API integration. (Job Posting Ref 38)",,,,PENDING
PAIR_0463,RES_WEB_0185,JOB_SOF_0007,"Web UI Engineer skilled in HTML, CSS, JavaScript, Vue.js, Bootstrap, and Git. Focused on accessibility and cross-browser performance. (Candidate Ref 185)","Looking for Backend Java Developer with 2-4 years experience in Java, Spring Boot, REST APIs, and MySQL. (Job Posting Ref 7)",,,,PENDING
PAIR_0464,RES_WEB_0186,JOB_WEB_0044,"Junior Web Developer with strong foundation in JavaScript, HTML5, CSS3, and basic React. Built portfolio projects including blogging platform. (Candidate Ref 186)","Seeking React Frontend Developer with 2+ years experience in React.js, JavaScript (ES6+), HTML5/CSS3, and REST API integration. (Job Posting Ref 44)",,,,PENDING
PAIR_0465,RES_WEB_0186,JOB_WEB_0045,"Junior Web Developer with strong foundation in JavaScript, HTML5, CSS3, and basic React. Built portfolio projects including blogging platform. (Candidate Ref 186)","Full Stack JavaScript Developer needed. Requirements: Node.js, React, MongoDB, and TypeScript. (Job Posting Ref 45)",,,,PENDING
PAIR_0466,RES_WEB_0187,JOB_WEB_0043,"Frontend React Developer with 2 years experience building responsive web apps with React.js, Redux, JavaScript, HTML5, CSS3, and Tailwind CSS. (Candidate Ref 187)","Full Stack JavaScript Developer needed. Requirements: Node.js, React, MongoDB, and TypeScript. (Job Posting Ref 43)",,,,PENDING
PAIR_0467,RES_WEB_0187,JOB_WEB_0044,"Frontend React Developer with 2 years experience building responsive web apps with React.js, Redux, JavaScript, HTML5, CSS3, and Tailwind CSS. (Candidate Ref 187)","Seeking React Frontend Developer with 2+ years experience in React.js, JavaScript (ES6+), HTML5/CSS3, and REST API integration. (Job Posting Ref 44)",,,,PENDING
PAIR_0468,RES_WEB_0187,JOB_DEV_0093,"Frontend React Developer with 2 years experience building responsive web apps with React.js, Redux, JavaScript, HTML5, CSS3, and Tailwind CSS. (Candidate Ref 187)","Cloud Security & DevOps Specialist required. Mandatory skills: Azure, Docker, Kubernetes, and Linux automation. (Job Posting Ref 93)",,,,PENDING
PAIR_0469,RES_WEB_0188,JOB_WEB_0050,"Full Stack Web Developer proficient in Node.js, Express.js, React, MongoDB, and TypeScript. Experience integrating REST APIs and modern UI/UX. (Candidate Ref 188)","Seeking React Frontend Developer with 2+ years experience in React.js, JavaScript (ES6+), HTML5/CSS3, and REST API integration. (Job Posting Ref 50)",,,,PENDING
PAIR_0470,RES_WEB_0188,JOB_WEB_0026,"Full Stack Web Developer proficient in Node.js, Express.js, React, MongoDB, and TypeScript. Experience integrating REST APIs and modern UI/UX. (Candidate Ref 188)","Seeking React Frontend Developer with 2+ years experience in React.js, JavaScript (ES6+), HTML5/CSS3, and REST API integration. (Job Posting Ref 26)",,,,PENDING
PAIR_0471,RES_WEB_0189,JOB_WEB_0028,"Web UI Engineer skilled in HTML, CSS, JavaScript, Vue.js, Bootstrap, and Git. Focused on accessibility and cross-browser performance. (Candidate Ref 189)","Seeking React Frontend Developer with 2+ years experience in React.js, JavaScript (ES6+), HTML5/CSS3, and REST API integration. (Job Posting Ref 28)",,,,PENDING
PAIR_0472,RES_WEB_0189,JOB_WEB_0029,"Web UI Engineer skilled in HTML, CSS, JavaScript, Vue.js, Bootstrap, and Git. Focused on accessibility and cross-browser performance. (Candidate Ref 189)","Full Stack JavaScript Developer needed. Requirements: Node.js, React, MongoDB, and TypeScript. (Job Posting Ref 29)",,,,PENDING
PAIR_0473,RES_WEB_0189,JOB_DAT_0063,"Web UI Engineer skilled in HTML, CSS, JavaScript, Vue.js, Bootstrap, and Git. Focused on accessibility and cross-browser performance. (Candidate Ref 189)","Hiring Data Analyst with strong SQL, Python (Pandas/NumPy), and Tableau data visualization skills. (Job Posting Ref 63)",,,,PENDING
PAIR_0474,RES_WEB_0190,JOB_WEB_0036,"Junior Web Developer with strong foundation in JavaScript, HTML5, CSS3, and basic React. Built portfolio projects including blogging platform. (Candidate Ref 190)","Seeking React Frontend Developer with 2+ years experience in React.js, JavaScript (ES6+), HTML5/CSS3, and REST API integration. (Job Posting Ref 36)",,,,PENDING
PAIR_0475,RES_WEB_0190,JOB_WEB_0037,"Junior Web Developer with strong foundation in JavaScript, HTML5, CSS3, and basic React. Built portfolio projects including blogging platform. (Candidate Ref 190)","Full Stack JavaScript Developer needed. Requirements: Node.js, React, MongoDB, and TypeScript. (Job Posting Ref 37)",,,,PENDING
PAIR_0476,RES_WEB_0191,JOB_WEB_0042,"Frontend React Developer with 2 years experience building responsive web apps with React.js, Redux, JavaScript, HTML5, CSS3, and Tailwind CSS. (Candidate Ref 191)","Seeking React Frontend Developer with 2+ years experience in React.js, JavaScript (ES6+), HTML5/CSS3, and REST API integration. (Job Posting Ref 42)",,,,PENDING
PAIR_0477,RES_WEB_0191,JOB_WEB_0043,"Frontend React Developer with 2 years experience building responsive web apps with React.js, Redux, JavaScript, HTML5, CSS3, and Tailwind CSS. (Candidate Ref 191)","Full Stack JavaScript Developer needed. Requirements: Node.js, React, MongoDB, and TypeScript. (Job Posting Ref 43)",,,,PENDING
PAIR_0478,RES_WEB_0191,JOB_SOF_0020,"Frontend React Developer with 2 years experience building responsive web apps with React.js, Redux, JavaScript, HTML5, CSS3, and Tailwind CSS. (Candidate Ref 191)","Senior Java Microservices Architect requiring 5+ years experience in Java 17, Spring Cloud, AWS, and Docker. (Job Posting Ref 20)",,,,PENDING
PAIR_0479,RES_WEB_0192,JOB_WEB_0039,"Full Stack Web Developer proficient in Node.js, Express.js, React, MongoDB, and TypeScript. Experience integrating REST APIs and modern UI/UX. (Candidate Ref 192)","Full Stack JavaScript Developer needed. Requirements: Node.js, React, MongoDB, and TypeScript. (Job Posting Ref 39)",,,,PENDING
PAIR_0480,RES_WEB_0192,JOB_WEB_0040,"Full Stack Web Developer proficient in Node.js, Express.js, React, MongoDB, and TypeScript. Experience integrating REST APIs and modern UI/UX. (Candidate Ref 192)","Seeking React Frontend Developer with 2+ years experience in React.js, JavaScript (ES6+), HTML5/CSS3, and REST API integration. (Job Posting Ref 40)",,,,PENDING
PAIR_0481,RES_WEB_0193,JOB_WEB_0026,"Web UI Engineer skilled in HTML, CSS, JavaScript, Vue.js, Bootstrap, and Git. Focused on accessibility and cross-browser performance. (Candidate Ref 193)","Seeking React Frontend Developer with 2+ years experience in React.js, JavaScript (ES6+), HTML5/CSS3, and REST API integration. (Job Posting Ref 26)",,,,PENDING
PAIR_0482,RES_WEB_0193,JOB_WEB_0027,"Web UI Engineer skilled in HTML, CSS, JavaScript, Vue.js, Bootstrap, and Git. Focused on accessibility and cross-browser performance. (Candidate Ref 193)","Full Stack JavaScript Developer needed. Requirements: Node.js, React, MongoDB, and TypeScript. (Job Posting Ref 27)",,,,PENDING
PAIR_0483,RES_WEB_0193,JOB_QA _0116,"Web UI Engineer skilled in HTML, CSS, JavaScript, Vue.js, Bootstrap, and Git. Focused on accessibility and cross-browser performance. (Candidate Ref 193)","Senior Software Quality Assurance Lead requiring Selenium, Python automation, Postman API testing, and Jira defect tracking. (Job Posting Ref 116)",,,,PENDING
PAIR_0484,RES_WEB_0194,JOB_WEB_0041,"Junior Web Developer with strong foundation in JavaScript, HTML5, CSS3, and basic React. Built portfolio projects including blogging platform. (Candidate Ref 194)","Full Stack JavaScript Developer needed. Requirements: Node.js, React, MongoDB, and TypeScript. (Job Posting Ref 41)",,,,PENDING
PAIR_0485,RES_WEB_0194,JOB_WEB_0042,"Junior Web Developer with strong foundation in JavaScript, HTML5, CSS3, and basic React. Built portfolio projects including blogging platform. (Candidate Ref 194)","Seeking React Frontend Developer with 2+ years experience in React.js, JavaScript (ES6+), HTML5/CSS3, and REST API integration. (Job Posting Ref 42)",,,,PENDING
PAIR_0486,RES_WEB_0195,JOB_WEB_0044,"Frontend React Developer with 2 years experience building responsive web apps with React.js, Redux, JavaScript, HTML5, CSS3, and Tailwind CSS. (Candidate Ref 195)","Seeking React Frontend Developer with 2+ years experience in React.js, JavaScript (ES6+), HTML5/CSS3, and REST API integration. (Job Posting Ref 44)",,,,PENDING
PAIR_0487,RES_WEB_0195,JOB_WEB_0045,"Frontend React Developer with 2 years experience building responsive web apps with React.js, Redux, JavaScript, HTML5, CSS3, and Tailwind CSS. (Candidate Ref 195)","Full Stack JavaScript Developer needed. Requirements: Node.js, React, MongoDB, and TypeScript. (Job Posting Ref 45)",,,,PENDING
PAIR_0488,RES_WEB_0195,JOB_SOF_0020,"Frontend React Developer with 2 years experience building responsive web apps with React.js, Redux, JavaScript, HTML5, CSS3, and Tailwind CSS. (Candidate Ref 195)","Senior Java Microservices Architect requiring 5+ years experience in Java 17, Spring Cloud, AWS, and Docker. (Job Posting Ref 20)",,,,PENDING
PAIR_0489,RES_WEB_0196,JOB_WEB_0033,"Full Stack Web Developer proficient in Node.js, Express.js, React, MongoDB, and TypeScript. Experience integrating REST APIs and modern UI/UX. (Candidate Ref 196)","Full Stack JavaScript Developer needed. Requirements: Node.js, React, MongoDB, and TypeScript. (Job Posting Ref 33)",,,,PENDING
PAIR_0490,RES_WEB_0196,JOB_WEB_0034,"Full Stack Web Developer proficient in Node.js, Express.js, React, MongoDB, and TypeScript. Experience integrating REST APIs and modern UI/UX. (Candidate Ref 196)","Seeking React Frontend Developer with 2+ years experience in React.js, JavaScript (ES6+), HTML5/CSS3, and REST API integration. (Job Posting Ref 34)",,,,PENDING
PAIR_0491,RES_WEB_0197,JOB_WEB_0033,"Web UI Engineer skilled in HTML, CSS, JavaScript, Vue.js, Bootstrap, and Git. Focused on accessibility and cross-browser performance. (Candidate Ref 197)","Full Stack JavaScript Developer needed. Requirements: Node.js, React, MongoDB, and TypeScript. (Job Posting Ref 33)",,,,PENDING
PAIR_0492,RES_WEB_0197,JOB_WEB_0034,"Web UI Engineer skilled in HTML, CSS, JavaScript, Vue.js, Bootstrap, and Git. Focused on accessibility and cross-browser performance. (Candidate Ref 197)","Seeking React Frontend Developer with 2+ years experience in React.js, JavaScript (ES6+), HTML5/CSS3, and REST API integration. (Job Posting Ref 34)",,,,PENDING
PAIR_0493,RES_WEB_0197,JOB_DAT_0063,"Web UI Engineer skilled in HTML, CSS, JavaScript, Vue.js, Bootstrap, and Git. Focused on accessibility and cross-browser performance. (Candidate Ref 197)","Hiring Data Analyst with strong SQL, Python (Pandas/NumPy), and Tableau data visualization skills. (Job Posting Ref 63)",,,,PENDING
PAIR_0494,RES_WEB_0198,JOB_WEB_0039,"Junior Web Developer with strong foundation in JavaScript, HTML5, CSS3, and basic React. Built portfolio projects including blogging platform. (Candidate Ref 198)","Full Stack JavaScript Developer needed. Requirements: Node.js, React, MongoDB, and TypeScript. (Job Posting Ref 39)",,,,PENDING
PAIR_0495,RES_WEB_0198,JOB_WEB_0040,"Junior Web Developer with strong foundation in JavaScript, HTML5, CSS3, and basic React. Built portfolio projects including blogging platform. (Candidate Ref 198)","Seeking React Frontend Developer with 2+ years experience in React.js, JavaScript (ES6+), HTML5/CSS3, and REST API integration. (Job Posting Ref 40)",,,,PENDING
PAIR_0496,RES_WEB_0199,JOB_WEB_0026,"Frontend React Developer with 2 years experience building responsive web apps with React.js, Redux, JavaScript, HTML5, CSS3, and Tailwind CSS. (Candidate Ref 199)","Seeking React Frontend Developer with 2+ years experience in React.js, JavaScript (ES6+), HTML5/CSS3, and REST API integration. (Job Posting Ref 26)",,,,PENDING
PAIR_0497,RES_WEB_0199,JOB_WEB_0027,"Frontend React Developer with 2 years experience building responsive web apps with React.js, Redux, JavaScript, HTML5, CSS3, and Tailwind CSS. (Candidate Ref 199)","Full Stack JavaScript Developer needed. Requirements: Node.js, React, MongoDB, and TypeScript. (Job Posting Ref 27)",,,,PENDING
PAIR_0498,RES_WEB_0199,JOB_DAT_0067,"Frontend React Developer with 2 years experience building responsive web apps with React.js, Redux, JavaScript, HTML5, CSS3, and Tailwind CSS. (Candidate Ref 199)","Hiring Data Analyst with strong SQL, Python (Pandas/NumPy), and Tableau data visualization skills. (Job Posting Ref 67)",,,,PENDING
PAIR_0499,RES_WEB_0200,JOB_WEB_0044,"Full Stack Web Developer proficient in Node.js, Express.js, React, MongoDB, and TypeScript. Experience integrating REST APIs and modern UI/UX. (Candidate Ref 200)","Seeking React Frontend Developer with 2+ years experience in React.js, JavaScript (ES6+), HTML5/CSS3, and REST API integration. (Job Posting Ref 44)",,,,PENDING
PAIR_0500,RES_WEB_0200,JOB_WEB_0045,"Full Stack Web Developer proficient in Node.js, Express.js, React, MongoDB, and TypeScript. Experience integrating REST APIs and modern UI/UX. (Candidate Ref 200)","Full Stack JavaScript Developer needed. Requirements: Node.js, React, MongoDB, and TypeScript. (Job Posting Ref 45)",,,,PENDING
PAIR_0501,RES_WEB_0201,JOB_WEB_0048,"Web UI Engineer skilled in HTML, CSS, JavaScript, Vue.js, Bootstrap, and Git. Focused on accessibility and cross-browser performance. (Candidate Ref 201)","Seeking React Frontend Developer with 2+ years experience in React.js, JavaScript (ES6+), HTML5/CSS3, and REST API integration. (Job Posting Ref 48)",,,,PENDING
PAIR_0502,RES_WEB_0201,JOB_WEB_0049,"Web UI Engineer skilled in HTML, CSS, JavaScript, Vue.js, Bootstrap, and Git. Focused on accessibility and cross-browser performance. (Candidate Ref 201)","Full Stack JavaScript Developer needed. Requirements: Node.js, React, MongoDB, and TypeScript. (Job Posting Ref 49)",,,,PENDING
PAIR_0503,RES_WEB_0201,JOB_QA _0115,"Web UI Engineer skilled in HTML, CSS, JavaScript, Vue.js, Bootstrap, and Git. Focused on accessibility and cross-browser performance. (Candidate Ref 201)","Hiring QA Automation Engineer with strong Java, Selenium WebDriver, TestNG, and REST API testing skills. (Job Posting Ref 115)",,,,PENDING
PAIR_0504,RES_WEB_0202,JOB_WEB_0035,"Junior Web Developer with strong foundation in JavaScript, HTML5, CSS3, and basic React. Built portfolio projects including blogging platform. (Candidate Ref 202)","Full Stack JavaScript Developer needed. Requirements: Node.js, React, MongoDB, and TypeScript. (Job Posting Ref 35)",,,,PENDING
PAIR_0505,RES_WEB_0202,JOB_WEB_0036,"Junior Web Developer with strong foundation in JavaScript, HTML5, CSS3, and basic React. Built portfolio projects including blogging platform. (Candidate Ref 202)","Seeking React Frontend Developer with 2+ years experience in React.js, JavaScript (ES6+), HTML5/CSS3, and REST API integration. (Job Posting Ref 36)",,,,PENDING
PAIR_0506,RES_WEB_0203,JOB_WEB_0042,"Frontend React Developer with 2 years experience building responsive web apps with React.js, Redux, JavaScript, HTML5, CSS3, and Tailwind CSS. (Candidate Ref 203)","Seeking React Frontend Developer with 2+ years experience in React.js, JavaScript (ES6+), HTML5/CSS3, and REST API integration. (Job Posting Ref 42)",,,,PENDING
PAIR_0507,RES_WEB_0203,JOB_WEB_0043,"Frontend React Developer with 2 years experience building responsive web apps with React.js, Redux, JavaScript, HTML5, CSS3, and Tailwind CSS. (Candidate Ref 203)","Full Stack JavaScript Developer needed. Requirements: Node.js, React, MongoDB, and TypeScript. (Job Posting Ref 43)",,,,PENDING
PAIR_0508,RES_WEB_0203,JOB_DEV_0086,"Frontend React Developer with 2 years experience building responsive web apps with React.js, Redux, JavaScript, HTML5, CSS3, and Tailwind CSS. (Candidate Ref 203)","Looking for DevOps Engineer with experience in AWS, Docker, Kubernetes, CI/CD pipelines, and Terraform. (Job Posting Ref 86)",,,,PENDING
PAIR_0509,RES_WEB_0204,JOB_WEB_0045,"Full Stack Web Developer proficient in Node.js, Express.js, React, MongoDB, and TypeScript. Experience integrating REST APIs and modern UI/UX. (Candidate Ref 204)","Full Stack JavaScript Developer needed. Requirements: Node.js, React, MongoDB, and TypeScript. (Job Posting Ref 45)",,,,PENDING
PAIR_0510,RES_WEB_0204,JOB_WEB_0046,"Full Stack Web Developer proficient in Node.js, Express.js, React, MongoDB, and TypeScript. Experience integrating REST APIs and modern UI/UX. (Candidate Ref 204)","Seeking React Frontend Developer with 2+ years experience in React.js, JavaScript (ES6+), HTML5/CSS3, and REST API integration. (Job Posting Ref 46)",,,,PENDING
PAIR_0511,RES_WEB_0205,JOB_WEB_0039,"Web UI Engineer skilled in HTML, CSS, JavaScript, Vue.js, Bootstrap, and Git. Focused on accessibility and cross-browser performance. (Candidate Ref 205)","Full Stack JavaScript Developer needed. Requirements: Node.js, React, MongoDB, and TypeScript. (Job Posting Ref 39)",,,,PENDING
PAIR_0512,RES_WEB_0205,JOB_WEB_0040,"Web UI Engineer skilled in HTML, CSS, JavaScript, Vue.js, Bootstrap, and Git. Focused on accessibility and cross-browser performance. (Candidate Ref 205)","Seeking React Frontend Developer with 2+ years experience in React.js, JavaScript (ES6+), HTML5/CSS3, and REST API integration. (Job Posting Ref 40)",,,,PENDING
PAIR_0513,RES_WEB_0205,JOB_DAT_0059,"Web UI Engineer skilled in HTML, CSS, JavaScript, Vue.js, Bootstrap, and Git. Focused on accessibility and cross-browser performance. (Candidate Ref 205)","Hiring Data Analyst with strong SQL, Python (Pandas/NumPy), and Tableau data visualization skills. (Job Posting Ref 59)",,,,PENDING
PAIR_0514,RES_WEB_0206,JOB_WEB_0042,"Junior Web Developer with strong foundation in JavaScript, HTML5, CSS3, and basic React. Built portfolio projects including blogging platform. (Candidate Ref 206)","Seeking React Frontend Developer with 2+ years experience in React.js, JavaScript (ES6+), HTML5/CSS3, and REST API integration. (Job Posting Ref 42)",,,,PENDING
PAIR_0515,RES_WEB_0206,JOB_WEB_0043,"Junior Web Developer with strong foundation in JavaScript, HTML5, CSS3, and basic React. Built portfolio projects including blogging platform. (Candidate Ref 206)","Full Stack JavaScript Developer needed. Requirements: Node.js, React, MongoDB, and TypeScript. (Job Posting Ref 43)",,,,PENDING
PAIR_0516,RES_WEB_0207,JOB_WEB_0028,"Frontend React Developer with 2 years experience building responsive web apps with React.js, Redux, JavaScript, HTML5, CSS3, and Tailwind CSS. (Candidate Ref 207)","Seeking React Frontend Developer with 2+ years experience in React.js, JavaScript (ES6+), HTML5/CSS3, and REST API integration. (Job Posting Ref 28)",,,,PENDING
PAIR_0517,RES_WEB_0207,JOB_WEB_0029,"Frontend React Developer with 2 years experience building responsive web apps with React.js, Redux, JavaScript, HTML5, CSS3, and Tailwind CSS. (Candidate Ref 207)","Full Stack JavaScript Developer needed. Requirements: Node.js, React, MongoDB, and TypeScript. (Job Posting Ref 29)",,,,PENDING
PAIR_0518,RES_WEB_0207,JOB_DEV_0091,"Frontend React Developer with 2 years experience building responsive web apps with React.js, Redux, JavaScript, HTML5, CSS3, and Tailwind CSS. (Candidate Ref 207)","Cloud Security & DevOps Specialist required. Mandatory skills: Azure, Docker, Kubernetes, and Linux automation. (Job Posting Ref 91)",,,,PENDING
PAIR_0519,RES_WEB_0208,JOB_WEB_0039,"Full Stack Web Developer proficient in Node.js, Express.js, React, MongoDB, and TypeScript. Experience integrating REST APIs and modern UI/UX. (Candidate Ref 208)","Full Stack JavaScript Developer needed. Requirements: Node.js, React, MongoDB, and TypeScript. (Job Posting Ref 39)",,,,PENDING
PAIR_0520,RES_WEB_0208,JOB_WEB_0040,"Full Stack Web Developer proficient in Node.js, Express.js, React, MongoDB, and TypeScript. Experience integrating REST APIs and modern UI/UX. (Candidate Ref 208)","Seeking React Frontend Developer with 2+ years experience in React.js, JavaScript (ES6+), HTML5/CSS3, and REST API integration. (Job Posting Ref 40)",,,,PENDING
PAIR_0521,RES_WEB_0209,JOB_WEB_0035,"Web UI Engineer skilled in HTML, CSS, JavaScript, Vue.js, Bootstrap, and Git. Focused on accessibility and cross-browser performance. (Candidate Ref 209)","Full Stack JavaScript Developer needed. Requirements: Node.js, React, MongoDB, and TypeScript. (Job Posting Ref 35)",,,,PENDING
PAIR_0522,RES_WEB_0209,JOB_WEB_0036,"Web UI Engineer skilled in HTML, CSS, JavaScript, Vue.js, Bootstrap, and Git. Focused on accessibility and cross-browser performance. (Candidate Ref 209)","Seeking React Frontend Developer with 2+ years experience in React.js, JavaScript (ES6+), HTML5/CSS3, and REST API integration. (Job Posting Ref 36)",,,,PENDING
PAIR_0523,RES_WEB_0209,JOB_DEV_0100,"Web UI Engineer skilled in HTML, CSS, JavaScript, Vue.js, Bootstrap, and Git. Focused on accessibility and cross-browser performance. (Candidate Ref 209)","Looking for DevOps Engineer with experience in AWS, Docker, Kubernetes, CI/CD pipelines, and Terraform. (Job Posting Ref 100)",,,,PENDING
PAIR_0524,RES_WEB_0210,JOB_WEB_0044,"Junior Web Developer with strong foundation in JavaScript, HTML5, CSS3, and basic React. Built portfolio projects including blogging platform. (Candidate Ref 210)","Seeking React Frontend Developer with 2+ years experience in React.js, JavaScript (ES6+), HTML5/CSS3, and REST API integration. (Job Posting Ref 44)",,,,PENDING
PAIR_0525,RES_WEB_0210,JOB_WEB_0045,"Junior Web Developer with strong foundation in JavaScript, HTML5, CSS3, and basic React. Built portfolio projects including blogging platform. (Candidate Ref 210)","Full Stack JavaScript Developer needed. Requirements: Node.js, React, MongoDB, and TypeScript. (Job Posting Ref 45)",,,,PENDING
PAIR_0526,RES_WEB_0211,JOB_WEB_0045,"Frontend React Developer with 2 years experience building responsive web apps with React.js, Redux, JavaScript, HTML5, CSS3, and Tailwind CSS. (Candidate Ref 211)","Full Stack JavaScript Developer needed. Requirements: Node.js, React, MongoDB, and TypeScript. (Job Posting Ref 45)",,,,PENDING
PAIR_0527,RES_WEB_0211,JOB_WEB_0046,"Frontend React Developer with 2 years experience building responsive web apps with React.js, Redux, JavaScript, HTML5, CSS3, and Tailwind CSS. (Candidate Ref 211)","Seeking React Frontend Developer with 2+ years experience in React.js, JavaScript (ES6+), HTML5/CSS3, and REST API integration. (Job Posting Ref 46)",,,,PENDING
PAIR_0528,RES_WEB_0211,JOB_DEV_0081,"Frontend React Developer with 2 years experience building responsive web apps with React.js, Redux, JavaScript, HTML5, CSS3, and Tailwind CSS. (Candidate Ref 211)","Cloud Security & DevOps Specialist required. Mandatory skills: Azure, Docker, Kubernetes, and Linux automation. (Job Posting Ref 81)",,,,PENDING
PAIR_0529,RES_WEB_0212,JOB_WEB_0039,"Full Stack Web Developer proficient in Node.js, Express.js, React, MongoDB, and TypeScript. Experience integrating REST APIs and modern UI/UX. (Candidate Ref 212)","Full Stack JavaScript Developer needed. Requirements: Node.js, React, MongoDB, and TypeScript. (Job Posting Ref 39)",,,,PENDING
PAIR_0530,RES_WEB_0212,JOB_WEB_0040,"Full Stack Web Developer proficient in Node.js, Express.js, React, MongoDB, and TypeScript. Experience integrating REST APIs and modern UI/UX. (Candidate Ref 212)","Seeking React Frontend Developer with 2+ years experience in React.js, JavaScript (ES6+), HTML5/CSS3, and REST API integration. (Job Posting Ref 40)",,,,PENDING
PAIR_0531,RES_WEB_0213,JOB_WEB_0031,"Web UI Engineer skilled in HTML, CSS, JavaScript, Vue.js, Bootstrap, and Git. Focused on accessibility and cross-browser performance. (Candidate Ref 213)","Full Stack JavaScript Developer needed. Requirements: Node.js, React, MongoDB, and TypeScript. (Job Posting Ref 31)",,,,PENDING
PAIR_0532,RES_WEB_0213,JOB_WEB_0032,"Web UI Engineer skilled in HTML, CSS, JavaScript, Vue.js, Bootstrap, and Git. Focused on accessibility and cross-browser performance. (Candidate Ref 213)","Seeking React Frontend Developer with 2+ years experience in React.js, JavaScript (ES6+), HTML5/CSS3, and REST API integration. (Job Posting Ref 32)",,,,PENDING
PAIR_0533,RES_WEB_0213,JOB_SOF_0001,"Web UI Engineer skilled in HTML, CSS, JavaScript, Vue.js, Bootstrap, and Git. Focused on accessibility and cross-browser performance. (Candidate Ref 213)","Looking for Backend Java Developer with 2-4 years experience in Java, Spring Boot, REST APIs, and MySQL. (Job Posting Ref 1)",,,,PENDING
PAIR_0534,RES_WEB_0214,JOB_WEB_0038,"Junior Web Developer with strong foundation in JavaScript, HTML5, CSS3, and basic React. Built portfolio projects including blogging platform. (Candidate Ref 214)","Seeking React Frontend Developer with 2+ years experience in React.js, JavaScript (ES6+), HTML5/CSS3, and REST API integration. (Job Posting Ref 38)",,,,PENDING
PAIR_0535,RES_WEB_0214,JOB_WEB_0039,"Junior Web Developer with strong foundation in JavaScript, HTML5, CSS3, and basic React. Built portfolio projects including blogging platform. (Candidate Ref 214)","Full Stack JavaScript Developer needed. Requirements: Node.js, React, MongoDB, and TypeScript. (Job Posting Ref 39)",,,,PENDING
PAIR_0536,RES_WEB_0215,JOB_WEB_0031,"Frontend React Developer with 2 years experience building responsive web apps with React.js, Redux, JavaScript, HTML5, CSS3, and Tailwind CSS. (Candidate Ref 215)","Full Stack JavaScript Developer needed. Requirements: Node.js, React, MongoDB, and TypeScript. (Job Posting Ref 31)",,,,PENDING
PAIR_0537,RES_WEB_0215,JOB_WEB_0032,"Frontend React Developer with 2 years experience building responsive web apps with React.js, Redux, JavaScript, HTML5, CSS3, and Tailwind CSS. (Candidate Ref 215)","Seeking React Frontend Developer with 2+ years experience in React.js, JavaScript (ES6+), HTML5/CSS3, and REST API integration. (Job Posting Ref 32)",,,,PENDING
PAIR_0538,RES_WEB_0215,JOB_QA _0120,"Frontend React Developer with 2 years experience building responsive web apps with React.js, Redux, JavaScript, HTML5, CSS3, and Tailwind CSS. (Candidate Ref 215)","Senior Software Quality Assurance Lead requiring Selenium, Python automation, Postman API testing, and Jira defect tracking. (Job Posting Ref 120)",,,,PENDING
PAIR_0539,RES_WEB_0216,JOB_WEB_0035,"Full Stack Web Developer proficient in Node.js, Express.js, React, MongoDB, and TypeScript. Experience integrating REST APIs and modern UI/UX. (Candidate Ref 216)","Full Stack JavaScript Developer needed. Requirements: Node.js, React, MongoDB, and TypeScript. (Job Posting Ref 35)",,,,PENDING
PAIR_0540,RES_WEB_0216,JOB_WEB_0036,"Full Stack Web Developer proficient in Node.js, Express.js, React, MongoDB, and TypeScript. Experience integrating REST APIs and modern UI/UX. (Candidate Ref 216)","Seeking React Frontend Developer with 2+ years experience in React.js, JavaScript (ES6+), HTML5/CSS3, and REST API integration. (Job Posting Ref 36)",,,,PENDING
PAIR_0541,RES_WEB_0217,JOB_WEB_0039,"Web UI Engineer skilled in HTML, CSS, JavaScript, Vue.js, Bootstrap, and Git. Focused on accessibility and cross-browser performance. (Candidate Ref 217)","Full Stack JavaScript Developer needed. Requirements: Node.js, React, MongoDB, and TypeScript. (Job Posting Ref 39)",,,,PENDING
PAIR_0542,RES_WEB_0217,JOB_WEB_0040,"Web UI Engineer skilled in HTML, CSS, JavaScript, Vue.js, Bootstrap, and Git. Focused on accessibility and cross-browser performance. (Candidate Ref 217)","Seeking React Frontend Developer with 2+ years experience in React.js, JavaScript (ES6+), HTML5/CSS3, and REST API integration. (Job Posting Ref 40)",,,,PENDING
PAIR_0543,RES_WEB_0217,JOB_SOF_0019,"Web UI Engineer skilled in HTML, CSS, JavaScript, Vue.js, Bootstrap, and Git. Focused on accessibility and cross-browser performance. (Candidate Ref 217)","Looking for Backend Java Developer with 2-4 years experience in Java, Spring Boot, REST APIs, and MySQL. (Job Posting Ref 19)",,,,PENDING
PAIR_0544,RES_WEB_0218,JOB_WEB_0030,"Junior Web Developer with strong foundation in JavaScript, HTML5, CSS3, and basic React. Built portfolio projects including blogging platform. (Candidate Ref 218)","Seeking React Frontend Developer with 2+ years experience in React.js, JavaScript (ES6+), HTML5/CSS3, and REST API integration. (Job Posting Ref 30)",,,,PENDING
PAIR_0545,RES_WEB_0218,JOB_WEB_0031,"Junior Web Developer with strong foundation in JavaScript, HTML5, CSS3, and basic React. Built portfolio projects including blogging platform. (Candidate Ref 218)","Full Stack JavaScript Developer needed. Requirements: Node.js, React, MongoDB, and TypeScript. (Job Posting Ref 31)",,,,PENDING
PAIR_0546,RES_WEB_0219,JOB_WEB_0032,"Frontend React Developer with 2 years experience building responsive web apps with React.js, Redux, JavaScript, HTML5, CSS3, and Tailwind CSS. (Candidate Ref 219)","Seeking React Frontend Developer with 2+ years experience in React.js, JavaScript (ES6+), HTML5/CSS3, and REST API integration. (Job Posting Ref 32)",,,,PENDING
PAIR_0547,RES_WEB_0219,JOB_WEB_0033,"Frontend React Developer with 2 years experience building responsive web apps with React.js, Redux, JavaScript, HTML5, CSS3, and Tailwind CSS. (Candidate Ref 219)","Full Stack JavaScript Developer needed. Requirements: Node.js, React, MongoDB, and TypeScript. (Job Posting Ref 33)",,,,PENDING
PAIR_0548,RES_WEB_0219,JOB_QA _0112,"Frontend React Developer with 2 years experience building responsive web apps with React.js, Redux, JavaScript, HTML5, CSS3, and Tailwind CSS. (Candidate Ref 219)","Senior Software Quality Assurance Lead requiring Selenium, Python automation, Postman API testing, and Jira defect tracking. (Job Posting Ref 112)",,,,PENDING
PAIR_0549,RES_WEB_0220,JOB_WEB_0028,"Full Stack Web Developer proficient in Node.js, Express.js, React, MongoDB, and TypeScript. Experience integrating REST APIs and modern UI/UX. (Candidate Ref 220)","Seeking React Frontend Developer with 2+ years experience in React.js, JavaScript (ES6+), HTML5/CSS3, and REST API integration. (Job Posting Ref 28)",,,,PENDING
PAIR_0550,RES_WEB_0220,JOB_WEB_0029,"Full Stack Web Developer proficient in Node.js, Express.js, React, MongoDB, and TypeScript. Experience integrating REST APIs and modern UI/UX. (Candidate Ref 220)","Full Stack JavaScript Developer needed. Requirements: Node.js, React, MongoDB, and TypeScript. (Job Posting Ref 29)",,,,PENDING
PAIR_0551,RES_WEB_0221,JOB_WEB_0049,"Web UI Engineer skilled in HTML, CSS, JavaScript, Vue.js, Bootstrap, and Git. Focused on accessibility and cross-browser performance. (Candidate Ref 221)","Full Stack JavaScript Developer needed. Requirements: Node.js, React, MongoDB, and TypeScript. (Job Posting Ref 49)",,,,PENDING
PAIR_0552,RES_WEB_0221,JOB_WEB_0050,"Web UI Engineer skilled in HTML, CSS, JavaScript, Vue.js, Bootstrap, and Git. Focused on accessibility and cross-browser performance. (Candidate Ref 221)","Seeking React Frontend Developer with 2+ years experience in React.js, JavaScript (ES6+), HTML5/CSS3, and REST API integration. (Job Posting Ref 50)",,,,PENDING
PAIR_0553,RES_WEB_0221,JOB_QA _0119,"Web UI Engineer skilled in HTML, CSS, JavaScript, Vue.js, Bootstrap, and Git. Focused on accessibility and cross-browser performance. (Candidate Ref 221)","Hiring QA Automation Engineer with strong Java, Selenium WebDriver, TestNG, and REST API testing skills. (Job Posting Ref 119)",,,,PENDING
PAIR_0554,RES_WEB_0222,JOB_WEB_0042,"Junior Web Developer with strong foundation in JavaScript, HTML5, CSS3, and basic React. Built portfolio projects including blogging platform. (Candidate Ref 222)","Seeking React Frontend Developer with 2+ years experience in React.js, JavaScript (ES6+), HTML5/CSS3, and REST API integration. (Job Posting Ref 42)",,,,PENDING
PAIR_0555,RES_WEB_0222,JOB_WEB_0043,"Junior Web Developer with strong foundation in JavaScript, HTML5, CSS3, and basic React. Built portfolio projects including blogging platform. (Candidate Ref 222)","Full Stack JavaScript Developer needed. Requirements: Node.js, React, MongoDB, and TypeScript. (Job Posting Ref 43)",,,,PENDING
PAIR_0556,RES_WEB_0223,JOB_WEB_0038,"Frontend React Developer with 2 years experience building responsive web apps with React.js, Redux, JavaScript, HTML5, CSS3, and Tailwind CSS. (Candidate Ref 223)","Seeking React Frontend Developer with 2+ years experience in React.js, JavaScript (ES6+), HTML5/CSS3, and REST API integration. (Job Posting Ref 38)",,,,PENDING
PAIR_0557,RES_WEB_0223,JOB_WEB_0039,"Frontend React Developer with 2 years experience building responsive web apps with React.js, Redux, JavaScript, HTML5, CSS3, and Tailwind CSS. (Candidate Ref 223)","Full Stack JavaScript Developer needed. Requirements: Node.js, React, MongoDB, and TypeScript. (Job Posting Ref 39)",,,,PENDING
PAIR_0558,RES_WEB_0223,JOB_DAT_0062,"Frontend React Developer with 2 years experience building responsive web apps with React.js, Redux, JavaScript, HTML5, CSS3, and Tailwind CSS. (Candidate Ref 223)","Machine Learning Engineer position requiring Python, Scikit-Learn, PyTorch, and ML model training experience. (Job Posting Ref 62)",,,,PENDING
PAIR_0559,RES_WEB_0224,JOB_WEB_0047,"Full Stack Web Developer proficient in Node.js, Express.js, React, MongoDB, and TypeScript. Experience integrating REST APIs and modern UI/UX. (Candidate Ref 224)","Full Stack JavaScript Developer needed. Requirements: Node.js, React, MongoDB, and TypeScript. (Job Posting Ref 47)",,,,PENDING
PAIR_0560,RES_WEB_0224,JOB_WEB_0048,"Full Stack Web Developer proficient in Node.js, Express.js, React, MongoDB, and TypeScript. Experience integrating REST APIs and modern UI/UX. (Candidate Ref 224)","Seeking React Frontend Developer with 2+ years experience in React.js, JavaScript (ES6+), HTML5/CSS3, and REST API integration. (Job Posting Ref 48)",,,,PENDING
PAIR_0561,RES_WEB_0225,JOB_WEB_0033,"Web UI Engineer skilled in HTML, CSS, JavaScript, Vue.js, Bootstrap, and Git. Focused on accessibility and cross-browser performance. (Candidate Ref 225)","Full Stack JavaScript Developer needed. Requirements: Node.js, React, MongoDB, and TypeScript. (Job Posting Ref 33)",,,,PENDING
PAIR_0562,RES_WEB_0225,JOB_WEB_0034,"Web UI Engineer skilled in HTML, CSS, JavaScript, Vue.js, Bootstrap, and Git. Focused on accessibility and cross-browser performance. (Candidate Ref 225)","Seeking React Frontend Developer with 2+ years experience in React.js, JavaScript (ES6+), HTML5/CSS3, and REST API integration. (Job Posting Ref 34)",,,,PENDING
PAIR_0563,RES_WEB_0225,JOB_DEV_0079,"Web UI Engineer skilled in HTML, CSS, JavaScript, Vue.js, Bootstrap, and Git. Focused on accessibility and cross-browser performance. (Candidate Ref 225)","Cloud Security & DevOps Specialist required. Mandatory skills: Azure, Docker, Kubernetes, and Linux automation. (Job Posting Ref 79)",,,,PENDING
PAIR_0564,RES_WEB_0226,JOB_WEB_0047,"Junior Web Developer with strong foundation in JavaScript, HTML5, CSS3, and basic React. Built portfolio projects including blogging platform. (Candidate Ref 226)","Full Stack JavaScript Developer needed. Requirements: Node.js, React, MongoDB, and TypeScript. (Job Posting Ref 47)",,,,PENDING
PAIR_0565,RES_WEB_0226,JOB_WEB_0048,"Junior Web Developer with strong foundation in JavaScript, HTML5, CSS3, and basic React. Built portfolio projects including blogging platform. (Candidate Ref 226)","Seeking React Frontend Developer with 2+ years experience in React.js, JavaScript (ES6+), HTML5/CSS3, and REST API integration. (Job Posting Ref 48)",,,,PENDING
PAIR_0566,RES_WEB_0227,JOB_WEB_0037,"Frontend React Developer with 2 years experience building responsive web apps with React.js, Redux, JavaScript, HTML5, CSS3, and Tailwind CSS. (Candidate Ref 227)","Full Stack JavaScript Developer needed. Requirements: Node.js, React, MongoDB, and TypeScript. (Job Posting Ref 37)",,,,PENDING
PAIR_0567,RES_WEB_0227,JOB_WEB_0038,"Frontend React Developer with 2 years experience building responsive web apps with React.js, Redux, JavaScript, HTML5, CSS3, and Tailwind CSS. (Candidate Ref 227)","Seeking React Frontend Developer with 2+ years experience in React.js, JavaScript (ES6+), HTML5/CSS3, and REST API integration. (Job Posting Ref 38)",,,,PENDING
PAIR_0568,RES_WEB_0227,JOB_SOF_0010,"Frontend React Developer with 2 years experience building responsive web apps with React.js, Redux, JavaScript, HTML5, CSS3, and Tailwind CSS. (Candidate Ref 227)","Senior Java Microservices Architect requiring 5+ years experience in Java 17, Spring Cloud, AWS, and Docker. (Job Posting Ref 10)",,,,PENDING
PAIR_0569,RES_WEB_0228,JOB_WEB_0045,"Full Stack Web Developer proficient in Node.js, Express.js, React, MongoDB, and TypeScript. Experience integrating REST APIs and modern UI/UX. (Candidate Ref 228)","Full Stack JavaScript Developer needed. Requirements: Node.js, React, MongoDB, and TypeScript. (Job Posting Ref 45)",,,,PENDING
PAIR_0570,RES_WEB_0228,JOB_WEB_0046,"Full Stack Web Developer proficient in Node.js, Express.js, React, MongoDB, and TypeScript. Experience integrating REST APIs and modern UI/UX. (Candidate Ref 228)","Seeking React Frontend Developer with 2+ years experience in React.js, JavaScript (ES6+), HTML5/CSS3, and REST API integration. (Job Posting Ref 46)",,,,PENDING
PAIR_0571,RES_WEB_0229,JOB_WEB_0033,"Web UI Engineer skilled in HTML, CSS, JavaScript, Vue.js, Bootstrap, and Git. Focused on accessibility and cross-browser performance. (Candidate Ref 229)","Full Stack JavaScript Developer needed. Requirements: Node.js, React, MongoDB, and TypeScript. (Job Posting Ref 33)",,,,PENDING
PAIR_0572,RES_WEB_0229,JOB_WEB_0034,"Web UI Engineer skilled in HTML, CSS, JavaScript, Vue.js, Bootstrap, and Git. Focused on accessibility and cross-browser performance. (Candidate Ref 229)","Seeking React Frontend Developer with 2+ years experience in React.js, JavaScript (ES6+), HTML5/CSS3, and REST API integration. (Job Posting Ref 34)",,,,PENDING
PAIR_0573,RES_WEB_0229,JOB_DEV_0082,"Web UI Engineer skilled in HTML, CSS, JavaScript, Vue.js, Bootstrap, and Git. Focused on accessibility and cross-browser performance. (Candidate Ref 229)","Looking for DevOps Engineer with experience in AWS, Docker, Kubernetes, CI/CD pipelines, and Terraform. (Job Posting Ref 82)",,,,PENDING
PAIR_0574,RES_WEB_0230,JOB_WEB_0037,"Junior Web Developer with strong foundation in JavaScript, HTML5, CSS3, and basic React. Built portfolio projects including blogging platform. (Candidate Ref 230)","Full Stack JavaScript Developer needed. Requirements: Node.js, React, MongoDB, and TypeScript. (Job Posting Ref 37)",,,,PENDING
PAIR_0575,RES_WEB_0230,JOB_WEB_0038,"Junior Web Developer with strong foundation in JavaScript, HTML5, CSS3, and basic React. Built portfolio projects including blogging platform. (Candidate Ref 230)","Seeking React Frontend Developer with 2+ years experience in React.js, JavaScript (ES6+), HTML5/CSS3, and REST API integration. (Job Posting Ref 38)",,,,PENDING
PAIR_0576,RES_WEB_0231,JOB_WEB_0039,"Frontend React Developer with 2 years experience building responsive web apps with React.js, Redux, JavaScript, HTML5, CSS3, and Tailwind CSS. (Candidate Ref 231)","Full Stack JavaScript Developer needed. Requirements: Node.js, React, MongoDB, and TypeScript. (Job Posting Ref 39)",,,,PENDING
PAIR_0577,RES_WEB_0231,JOB_WEB_0040,"Frontend React Developer with 2 years experience building responsive web apps with React.js, Redux, JavaScript, HTML5, CSS3, and Tailwind CSS. (Candidate Ref 231)","Seeking React Frontend Developer with 2+ years experience in React.js, JavaScript (ES6+), HTML5/CSS3, and REST API integration. (Job Posting Ref 40)",,,,PENDING
PAIR_0578,RES_WEB_0231,JOB_DAT_0068,"Frontend React Developer with 2 years experience building responsive web apps with React.js, Redux, JavaScript, HTML5, CSS3, and Tailwind CSS. (Candidate Ref 231)","Machine Learning Engineer position requiring Python, Scikit-Learn, PyTorch, and ML model training experience. (Job Posting Ref 68)",,,,PENDING
PAIR_0579,RES_WEB_0232,JOB_WEB_0039,"Full Stack Web Developer proficient in Node.js, Express.js, React, MongoDB, and TypeScript. Experience integrating REST APIs and modern UI/UX. (Candidate Ref 232)","Full Stack JavaScript Developer needed. Requirements: Node.js, React, MongoDB, and TypeScript. (Job Posting Ref 39)",,,,PENDING
PAIR_0580,RES_WEB_0232,JOB_WEB_0040,"Full Stack Web Developer proficient in Node.js, Express.js, React, MongoDB, and TypeScript. Experience integrating REST APIs and modern UI/UX. (Candidate Ref 232)","Seeking React Frontend Developer with 2+ years experience in React.js, JavaScript (ES6+), HTML5/CSS3, and REST API integration. (Job Posting Ref 40)",,,,PENDING
PAIR_0581,RES_WEB_0233,JOB_WEB_0035,"Web UI Engineer skilled in HTML, CSS, JavaScript, Vue.js, Bootstrap, and Git. Focused on accessibility and cross-browser performance. (Candidate Ref 233)","Full Stack JavaScript Developer needed. Requirements: Node.js, React, MongoDB, and TypeScript. (Job Posting Ref 35)",,,,PENDING
PAIR_0582,RES_WEB_0233,JOB_WEB_0036,"Web UI Engineer skilled in HTML, CSS, JavaScript, Vue.js, Bootstrap, and Git. Focused on accessibility and cross-browser performance. (Candidate Ref 233)","Seeking React Frontend Developer with 2+ years experience in React.js, JavaScript (ES6+), HTML5/CSS3, and REST API integration. (Job Posting Ref 36)",,,,PENDING
PAIR_0583,RES_WEB_0233,JOB_SOF_0019,"Web UI Engineer skilled in HTML, CSS, JavaScript, Vue.js, Bootstrap, and Git. Focused on accessibility and cross-browser performance. (Candidate Ref 233)","Looking for Backend Java Developer with 2-4 years experience in Java, Spring Boot, REST APIs, and MySQL. (Job Posting Ref 19)",,,,PENDING
PAIR_0584,RES_WEB_0234,JOB_WEB_0050,"Junior Web Developer with strong foundation in JavaScript, HTML5, CSS3, and basic React. Built portfolio projects including blogging platform. (Candidate Ref 234)","Seeking React Frontend Developer with 2+ years experience in React.js, JavaScript (ES6+), HTML5/CSS3, and REST API integration. (Job Posting Ref 50)",,,,PENDING
PAIR_0585,RES_WEB_0234,JOB_WEB_0026,"Junior Web Developer with strong foundation in JavaScript, HTML5, CSS3, and basic React. Built portfolio projects including blogging platform. (Candidate Ref 234)","Seeking React Frontend Developer with 2+ years experience in React.js, JavaScript (ES6+), HTML5/CSS3, and REST API integration. (Job Posting Ref 26)",,,,PENDING
PAIR_0586,RES_WEB_0235,JOB_WEB_0033,"Frontend React Developer with 2 years experience building responsive web apps with React.js, Redux, JavaScript, HTML5, CSS3, and Tailwind CSS. (Candidate Ref 235)","Full Stack JavaScript Developer needed. Requirements: Node.js, React, MongoDB, and TypeScript. (Job Posting Ref 33)",,,,PENDING
PAIR_0587,RES_WEB_0235,JOB_WEB_0034,"Frontend React Developer with 2 years experience building responsive web apps with React.js, Redux, JavaScript, HTML5, CSS3, and Tailwind CSS. (Candidate Ref 235)","Seeking React Frontend Developer with 2+ years experience in React.js, JavaScript (ES6+), HTML5/CSS3, and REST API integration. (Job Posting Ref 34)",,,,PENDING
PAIR_0588,RES_WEB_0235,JOB_DAT_0067,"Frontend React Developer with 2 years experience building responsive web apps with React.js, Redux, JavaScript, HTML5, CSS3, and Tailwind CSS. (Candidate Ref 235)","Hiring Data Analyst with strong SQL, Python (Pandas/NumPy), and Tableau data visualization skills. (Job Posting Ref 67)",,,,PENDING
PAIR_0589,RES_WEB_0236,JOB_WEB_0032,"Full Stack Web Developer proficient in Node.js, Express.js, React, MongoDB, and TypeScript. Experience integrating REST APIs and modern UI/UX. (Candidate Ref 236)","Seeking React Frontend Developer with 2+ years experience in React.js, JavaScript (ES6+), HTML5/CSS3, and REST API integration. (Job Posting Ref 32)",,,,PENDING
PAIR_0590,RES_WEB_0236,JOB_WEB_0033,"Full Stack Web Developer proficient in Node.js, Express.js, React, MongoDB, and TypeScript. Experience integrating REST APIs and modern UI/UX. (Candidate Ref 236)","Full Stack JavaScript Developer needed. Requirements: Node.js, React, MongoDB, and TypeScript. (Job Posting Ref 33)",,,,PENDING
PAIR_0591,RES_DAT_0237,JOB_DAT_0061,"Data Analyst with expertise in SQL, Python, Pandas, NumPy, Tableau, and Excel. 2 years experience conducting exploratory data analysis and ETL pipelines. (Candidate Ref 237)","Hiring Data Analyst with strong SQL, Python (Pandas/NumPy), and Tableau data visualization skills. (Job Posting Ref 61)",,,,PENDING
PAIR_0592,RES_DAT_0237,JOB_DAT_0062,"Data Analyst with expertise in SQL, Python, Pandas, NumPy, Tableau, and Excel. 2 years experience conducting exploratory data analysis and ETL pipelines. (Candidate Ref 237)","Machine Learning Engineer position requiring Python, Scikit-Learn, PyTorch, and ML model training experience. (Job Posting Ref 62)",,,,PENDING
PAIR_0593,RES_DAT_0237,JOB_WEB_0030,"Data Analyst with expertise in SQL, Python, Pandas, NumPy, Tableau, and Excel. 2 years experience conducting exploratory data analysis and ETL pipelines. (Candidate Ref 237)","Seeking React Frontend Developer with 2+ years experience in React.js, JavaScript (ES6+), HTML5/CSS3, and REST API integration. (Job Posting Ref 30)",,,,PENDING
PAIR_0594,RES_DAT_0238,JOB_DAT_0057,"Machine Learning Engineer skilled in Python, Scikit-Learn, TensorFlow, PyTorch, SQL, and ML model deployment. M.Sc in Data Science. (Candidate Ref 238)","Hiring Data Analyst with strong SQL, Python (Pandas/NumPy), and Tableau data visualization skills. (Job Posting Ref 57)",,,,PENDING
PAIR_0595,RES_DAT_0238,JOB_DAT_0058,"Machine Learning Engineer skilled in Python, Scikit-Learn, TensorFlow, PyTorch, SQL, and ML model deployment. M.Sc in Data Science. (Candidate Ref 238)","Machine Learning Engineer position requiring Python, Scikit-Learn, PyTorch, and ML model training experience. (Job Posting Ref 58)",,,,PENDING
PAIR_0596,RES_DAT_0239,JOB_DAT_0063,"Data Scientist proficient in Python, R, Statistical Modeling, NLP, Scikit-Learn, and PowerBI. Experience in predictive modeling. (Candidate Ref 239)","Hiring Data Analyst with strong SQL, Python (Pandas/NumPy), and Tableau data visualization skills. (Job Posting Ref 63)",,,,PENDING
PAIR_0597,RES_DAT_0239,JOB_DAT_0064,"Data Scientist proficient in Python, R, Statistical Modeling, NLP, Scikit-Learn, and PowerBI. Experience in predictive modeling. (Candidate Ref 239)","Machine Learning Engineer position requiring Python, Scikit-Learn, PyTorch, and ML model training experience. (Job Posting Ref 64)",,,,PENDING
PAIR_0598,RES_DAT_0239,JOB_SOF_0008,"Data Scientist proficient in Python, R, Statistical Modeling, NLP, Scikit-Learn, and PowerBI. Experience in predictive modeling. (Candidate Ref 239)","Senior Java Microservices Architect requiring 5+ years experience in Java 17, Spring Cloud, AWS, and Docker. (Job Posting Ref 8)",,,,PENDING
PAIR_0599,RES_DAT_0240,JOB_DAT_0058,"Junior Data Analyst with B.Sc in Statistics. Proficient in Python, SQL, Excel data visualization, and basic machine learning algorithms. (Candidate Ref 240)","Machine Learning Engineer position requiring Python, Scikit-Learn, PyTorch, and ML model training experience. (Job Posting Ref 58)",,,,PENDING
PAIR_0600,RES_DAT_0240,JOB_DAT_0059,"Junior Data Analyst with B.Sc in Statistics. Proficient in Python, SQL, Excel data visualization, and basic machine learning algorithms. (Candidate Ref 240)","Hiring Data Analyst with strong SQL, Python (Pandas/NumPy), and Tableau data visualization skills. (Job Posting Ref 59)",,,,PENDING
PAIR_0601,RES_DAT_0241,JOB_DAT_0074,"Data Analyst with expertise in SQL, Python, Pandas, NumPy, Tableau, and Excel. 2 years experience conducting exploratory data analysis and ETL pipelines. (Candidate Ref 241)","Machine Learning Engineer position requiring Python, Scikit-Learn, PyTorch, and ML model training experience. (Job Posting Ref 74)",,,,PENDING
PAIR_0602,RES_DAT_0241,JOB_DAT_0075,"Data Analyst with expertise in SQL, Python, Pandas, NumPy, Tableau, and Excel. 2 years experience conducting exploratory data analysis and ETL pipelines. (Candidate Ref 241)","Hiring Data Analyst with strong SQL, Python (Pandas/NumPy), and Tableau data visualization skills. (Job Posting Ref 75)",,,,PENDING
PAIR_0603,RES_DAT_0241,JOB_QA _0103,"Data Analyst with expertise in SQL, Python, Pandas, NumPy, Tableau, and Excel. 2 years experience conducting exploratory data analysis and ETL pipelines. (Candidate Ref 241)","Hiring QA Automation Engineer with strong Java, Selenium WebDriver, TestNG, and REST API testing skills. (Job Posting Ref 103)",,,,PENDING
PAIR_0604,RES_DAT_0242,JOB_DAT_0056,"Machine Learning Engineer skilled in Python, Scikit-Learn, TensorFlow, PyTorch, SQL, and ML model deployment. M.Sc in Data Science. (Candidate Ref 242)","Machine Learning Engineer position requiring Python, Scikit-Learn, PyTorch, and ML model training experience. (Job Posting Ref 56)",,,,PENDING
PAIR_0605,RES_DAT_0242,JOB_DAT_0057,"Machine Learning Engineer skilled in Python, Scikit-Learn, TensorFlow, PyTorch, SQL, and ML model deployment. M.Sc in Data Science. (Candidate Ref 242)","Hiring Data Analyst with strong SQL, Python (Pandas/NumPy), and Tableau data visualization skills. (Job Posting Ref 57)",,,,PENDING
PAIR_0606,RES_DAT_0243,JOB_DAT_0053,"Data Scientist proficient in Python, R, Statistical Modeling, NLP, Scikit-Learn, and PowerBI. Experience in predictive modeling. (Candidate Ref 243)","Hiring Data Analyst with strong SQL, Python (Pandas/NumPy), and Tableau data visualization skills. (Job Posting Ref 53)",,,,PENDING
PAIR_0607,RES_DAT_0243,JOB_DAT_0054,"Data Scientist proficient in Python, R, Statistical Modeling, NLP, Scikit-Learn, and PowerBI. Experience in predictive modeling. (Candidate Ref 243)","Machine Learning Engineer position requiring Python, Scikit-Learn, PyTorch, and ML model training experience. (Job Posting Ref 54)",,,,PENDING
PAIR_0608,RES_DAT_0243,JOB_DEV_0082,"Data Scientist proficient in Python, R, Statistical Modeling, NLP, Scikit-Learn, and PowerBI. Experience in predictive modeling. (Candidate Ref 243)","Looking for DevOps Engineer with experience in AWS, Docker, Kubernetes, CI/CD pipelines, and Terraform. (Job Posting Ref 82)",,,,PENDING
PAIR_0609,RES_DAT_0244,JOB_DAT_0065,"Junior Data Analyst with B.Sc in Statistics. Proficient in Python, SQL, Excel data visualization, and basic machine learning algorithms. (Candidate Ref 244)","Hiring Data Analyst with strong SQL, Python (Pandas/NumPy), and Tableau data visualization skills. (Job Posting Ref 65)",,,,PENDING
PAIR_0610,RES_DAT_0244,JOB_DAT_0066,"Junior Data Analyst with B.Sc in Statistics. Proficient in Python, SQL, Excel data visualization, and basic machine learning algorithms. (Candidate Ref 244)","Machine Learning Engineer position requiring Python, Scikit-Learn, PyTorch, and ML model training experience. (Job Posting Ref 66)",,,,PENDING
PAIR_0611,RES_DAT_0245,JOB_DAT_0066,"Data Analyst with expertise in SQL, Python, Pandas, NumPy, Tableau, and Excel. 2 years experience conducting exploratory data analysis and ETL pipelines. (Candidate Ref 245)","Machine Learning Engineer position requiring Python, Scikit-Learn, PyTorch, and ML model training experience. (Job Posting Ref 66)",,,,PENDING
PAIR_0612,RES_DAT_0245,JOB_DAT_0067,"Data Analyst with expertise in SQL, Python, Pandas, NumPy, Tableau, and Excel. 2 years experience conducting exploratory data analysis and ETL pipelines. (Candidate Ref 245)","Hiring Data Analyst with strong SQL, Python (Pandas/NumPy), and Tableau data visualization skills. (Job Posting Ref 67)",,,,PENDING
PAIR_0613,RES_DAT_0245,JOB_WEB_0027,"Data Analyst with expertise in SQL, Python, Pandas, NumPy, Tableau, and Excel. 2 years experience conducting exploratory data analysis and ETL pipelines. (Candidate Ref 245)","Full Stack JavaScript Developer needed. Requirements: Node.js, React, MongoDB, and TypeScript. (Job Posting Ref 27)",,,,PENDING
PAIR_0614,RES_DAT_0246,JOB_DAT_0072,"Machine Learning Engineer skilled in Python, Scikit-Learn, TensorFlow, PyTorch, SQL, and ML model deployment. M.Sc in Data Science. (Candidate Ref 246)","Machine Learning Engineer position requiring Python, Scikit-Learn, PyTorch, and ML model training experience. (Job Posting Ref 72)",,,,PENDING
PAIR_0615,RES_DAT_0246,JOB_DAT_0073,"Machine Learning Engineer skilled in Python, Scikit-Learn, TensorFlow, PyTorch, SQL, and ML model deployment. M.Sc in Data Science. (Candidate Ref 246)","Hiring Data Analyst with strong SQL, Python (Pandas/NumPy), and Tableau data visualization skills. (Job Posting Ref 73)",,,,PENDING
PAIR_0616,RES_DAT_0247,JOB_DAT_0056,"Data Scientist proficient in Python, R, Statistical Modeling, NLP, Scikit-Learn, and PowerBI. Experience in predictive modeling. (Candidate Ref 247)","Machine Learning Engineer position requiring Python, Scikit-Learn, PyTorch, and ML model training experience. (Job Posting Ref 56)",,,,PENDING
PAIR_0617,RES_DAT_0247,JOB_DAT_0057,"Data Scientist proficient in Python, R, Statistical Modeling, NLP, Scikit-Learn, and PowerBI. Experience in predictive modeling. (Candidate Ref 247)","Hiring Data Analyst with strong SQL, Python (Pandas/NumPy), and Tableau data visualization skills. (Job Posting Ref 57)",,,,PENDING
PAIR_0618,RES_DAT_0247,JOB_QA _0121,"Data Scientist proficient in Python, R, Statistical Modeling, NLP, Scikit-Learn, and PowerBI. Experience in predictive modeling. (Candidate Ref 247)","Hiring QA Automation Engineer with strong Java, Selenium WebDriver, TestNG, and REST API testing skills. (Job Posting Ref 121)",,,,PENDING
PAIR_0619,RES_DAT_0248,JOB_DAT_0067,"Junior Data Analyst with B.Sc in Statistics. Proficient in Python, SQL, Excel data visualization, and basic machine learning algorithms. (Candidate Ref 248)","Hiring Data Analyst with strong SQL, Python (Pandas/NumPy), and Tableau data visualization skills. (Job Posting Ref 67)",,,,PENDING
PAIR_0620,RES_DAT_0248,JOB_DAT_0068,"Junior Data Analyst with B.Sc in Statistics. Proficient in Python, SQL, Excel data visualization, and basic machine learning algorithms. (Candidate Ref 248)","Machine Learning Engineer position requiring Python, Scikit-Learn, PyTorch, and ML model training experience. (Job Posting Ref 68)",,,,PENDING
PAIR_0621,RES_DAT_0249,JOB_DAT_0069,"Data Analyst with expertise in SQL, Python, Pandas, NumPy, Tableau, and Excel. 2 years experience conducting exploratory data analysis and ETL pipelines. (Candidate Ref 249)","Hiring Data Analyst with strong SQL, Python (Pandas/NumPy), and Tableau data visualization skills. (Job Posting Ref 69)",,,,PENDING
PAIR_0622,RES_DAT_0249,JOB_DAT_0070,"Data Analyst with expertise in SQL, Python, Pandas, NumPy, Tableau, and Excel. 2 years experience conducting exploratory data analysis and ETL pipelines. (Candidate Ref 249)","Machine Learning Engineer position requiring Python, Scikit-Learn, PyTorch, and ML model training experience. (Job Posting Ref 70)",,,,PENDING
PAIR_0623,RES_DAT_0249,JOB_QA _0107,"Data Analyst with expertise in SQL, Python, Pandas, NumPy, Tableau, and Excel. 2 years experience conducting exploratory data analysis and ETL pipelines. (Candidate Ref 249)","Hiring QA Automation Engineer with strong Java, Selenium WebDriver, TestNG, and REST API testing skills. (Job Posting Ref 107)",,,,PENDING
PAIR_0624,RES_DAT_0250,JOB_DAT_0053,"Machine Learning Engineer skilled in Python, Scikit-Learn, TensorFlow, PyTorch, SQL, and ML model deployment. M.Sc in Data Science. (Candidate Ref 250)","Hiring Data Analyst with strong SQL, Python (Pandas/NumPy), and Tableau data visualization skills. (Job Posting Ref 53)",,,,PENDING
PAIR_0625,RES_DAT_0250,JOB_DAT_0054,"Machine Learning Engineer skilled in Python, Scikit-Learn, TensorFlow, PyTorch, SQL, and ML model deployment. M.Sc in Data Science. (Candidate Ref 250)","Machine Learning Engineer position requiring Python, Scikit-Learn, PyTorch, and ML model training experience. (Job Posting Ref 54)",,,,PENDING
PAIR_0626,RES_DAT_0251,JOB_DAT_0067,"Data Scientist proficient in Python, R, Statistical Modeling, NLP, Scikit-Learn, and PowerBI. Experience in predictive modeling. (Candidate Ref 251)","Hiring Data Analyst with strong SQL, Python (Pandas/NumPy), and Tableau data visualization skills. (Job Posting Ref 67)",,,,PENDING
PAIR_0627,RES_DAT_0251,JOB_DAT_0068,"Data Scientist proficient in Python, R, Statistical Modeling, NLP, Scikit-Learn, and PowerBI. Experience in predictive modeling. (Candidate Ref 251)","Machine Learning Engineer position requiring Python, Scikit-Learn, PyTorch, and ML model training experience. (Job Posting Ref 68)",,,,PENDING
PAIR_0628,RES_DAT_0251,JOB_WEB_0030,"Data Scientist proficient in Python, R, Statistical Modeling, NLP, Scikit-Learn, and PowerBI. Experience in predictive modeling. (Candidate Ref 251)","Seeking React Frontend Developer with 2+ years experience in React.js, JavaScript (ES6+), HTML5/CSS3, and REST API integration. (Job Posting Ref 30)",,,,PENDING
PAIR_0629,RES_DAT_0252,JOB_DAT_0070,"Junior Data Analyst with B.Sc in Statistics. Proficient in Python, SQL, Excel data visualization, and basic machine learning algorithms. (Candidate Ref 252)","Machine Learning Engineer position requiring Python, Scikit-Learn, PyTorch, and ML model training experience. (Job Posting Ref 70)",,,,PENDING
PAIR_0630,RES_DAT_0252,JOB_DAT_0071,"Junior Data Analyst with B.Sc in Statistics. Proficient in Python, SQL, Excel data visualization, and basic machine learning algorithms. (Candidate Ref 252)","Hiring Data Analyst with strong SQL, Python (Pandas/NumPy), and Tableau data visualization skills. (Job Posting Ref 71)",,,,PENDING
PAIR_0631,RES_DAT_0253,JOB_DAT_0066,"Data Analyst with expertise in SQL, Python, Pandas, NumPy, Tableau, and Excel. 2 years experience conducting exploratory data analysis and ETL pipelines. (Candidate Ref 253)","Machine Learning Engineer position requiring Python, Scikit-Learn, PyTorch, and ML model training experience. (Job Posting Ref 66)",,,,PENDING
PAIR_0632,RES_DAT_0253,JOB_DAT_0067,"Data Analyst with expertise in SQL, Python, Pandas, NumPy, Tableau, and Excel. 2 years experience conducting exploratory data analysis and ETL pipelines. (Candidate Ref 253)","Hiring Data Analyst with strong SQL, Python (Pandas/NumPy), and Tableau data visualization skills. (Job Posting Ref 67)",,,,PENDING
PAIR_0633,RES_DAT_0253,JOB_QA _0114,"Data Analyst with expertise in SQL, Python, Pandas, NumPy, Tableau, and Excel. 2 years experience conducting exploratory data analysis and ETL pipelines. (Candidate Ref 253)","Senior Software Quality Assurance Lead requiring Selenium, Python automation, Postman API testing, and Jira defect tracking. (Job Posting Ref 114)",,,,PENDING
PAIR_0634,RES_DAT_0254,JOB_DAT_0053,"Machine Learning Engineer skilled in Python, Scikit-Learn, TensorFlow, PyTorch, SQL, and ML model deployment. M.Sc in Data Science. (Candidate Ref 254)","Hiring Data Analyst with strong SQL, Python (Pandas/NumPy), and Tableau data visualization skills. (Job Posting Ref 53)",,,,PENDING
PAIR_0635,RES_DAT_0254,JOB_DAT_0054,"Machine Learning Engineer skilled in Python, Scikit-Learn, TensorFlow, PyTorch, SQL, and ML model deployment. M.Sc in Data Science. (Candidate Ref 254)","Machine Learning Engineer position requiring Python, Scikit-Learn, PyTorch, and ML model training experience. (Job Posting Ref 54)",,,,PENDING
PAIR_0636,RES_DAT_0255,JOB_DAT_0068,"Data Scientist proficient in Python, R, Statistical Modeling, NLP, Scikit-Learn, and PowerBI. Experience in predictive modeling. (Candidate Ref 255)","Machine Learning Engineer position requiring Python, Scikit-Learn, PyTorch, and ML model training experience. (Job Posting Ref 68)",,,,PENDING
PAIR_0637,RES_DAT_0255,JOB_DAT_0069,"Data Scientist proficient in Python, R, Statistical Modeling, NLP, Scikit-Learn, and PowerBI. Experience in predictive modeling. (Candidate Ref 255)","Hiring Data Analyst with strong SQL, Python (Pandas/NumPy), and Tableau data visualization skills. (Job Posting Ref 69)",,,,PENDING
PAIR_0638,RES_DAT_0255,JOB_DEV_0078,"Data Scientist proficient in Python, R, Statistical Modeling, NLP, Scikit-Learn, and PowerBI. Experience in predictive modeling. (Candidate Ref 255)","Looking for DevOps Engineer with experience in AWS, Docker, Kubernetes, CI/CD pipelines, and Terraform. (Job Posting Ref 78)",,,,PENDING
PAIR_0639,RES_DAT_0256,JOB_DAT_0071,"Junior Data Analyst with B.Sc in Statistics. Proficient in Python, SQL, Excel data visualization, and basic machine learning algorithms. (Candidate Ref 256)","Hiring Data Analyst with strong SQL, Python (Pandas/NumPy), and Tableau data visualization skills. (Job Posting Ref 71)",,,,PENDING
PAIR_0640,RES_DAT_0256,JOB_DAT_0072,"Junior Data Analyst with B.Sc in Statistics. Proficient in Python, SQL, Excel data visualization, and basic machine learning algorithms. (Candidate Ref 256)","Machine Learning Engineer position requiring Python, Scikit-Learn, PyTorch, and ML model training experience. (Job Posting Ref 72)",,,,PENDING
PAIR_0641,RES_DAT_0257,JOB_DAT_0053,"Data Analyst with expertise in SQL, Python, Pandas, NumPy, Tableau, and Excel. 2 years experience conducting exploratory data analysis and ETL pipelines. (Candidate Ref 257)","Hiring Data Analyst with strong SQL, Python (Pandas/NumPy), and Tableau data visualization skills. (Job Posting Ref 53)",,,,PENDING
PAIR_0642,RES_DAT_0257,JOB_DAT_0054,"Data Analyst with expertise in SQL, Python, Pandas, NumPy, Tableau, and Excel. 2 years experience conducting exploratory data analysis and ETL pipelines. (Candidate Ref 257)","Machine Learning Engineer position requiring Python, Scikit-Learn, PyTorch, and ML model training experience. (Job Posting Ref 54)",,,,PENDING
PAIR_0643,RES_DAT_0257,JOB_QA _0113,"Data Analyst with expertise in SQL, Python, Pandas, NumPy, Tableau, and Excel. 2 years experience conducting exploratory data analysis and ETL pipelines. (Candidate Ref 257)","Hiring QA Automation Engineer with strong Java, Selenium WebDriver, TestNG, and REST API testing skills. (Job Posting Ref 113)",,,,PENDING
PAIR_0644,RES_DAT_0258,JOB_DAT_0068,"Machine Learning Engineer skilled in Python, Scikit-Learn, TensorFlow, PyTorch, SQL, and ML model deployment. M.Sc in Data Science. (Candidate Ref 258)","Machine Learning Engineer position requiring Python, Scikit-Learn, PyTorch, and ML model training experience. (Job Posting Ref 68)",,,,PENDING
PAIR_0645,RES_DAT_0258,JOB_DAT_0069,"Machine Learning Engineer skilled in Python, Scikit-Learn, TensorFlow, PyTorch, SQL, and ML model deployment. M.Sc in Data Science. (Candidate Ref 258)","Hiring Data Analyst with strong SQL, Python (Pandas/NumPy), and Tableau data visualization skills. (Job Posting Ref 69)",,,,PENDING
PAIR_0646,RES_DAT_0259,JOB_DAT_0071,"Data Scientist proficient in Python, R, Statistical Modeling, NLP, Scikit-Learn, and PowerBI. Experience in predictive modeling. (Candidate Ref 259)","Hiring Data Analyst with strong SQL, Python (Pandas/NumPy), and Tableau data visualization skills. (Job Posting Ref 71)",,,,PENDING
PAIR_0647,RES_DAT_0259,JOB_DAT_0072,"Data Scientist proficient in Python, R, Statistical Modeling, NLP, Scikit-Learn, and PowerBI. Experience in predictive modeling. (Candidate Ref 259)","Machine Learning Engineer position requiring Python, Scikit-Learn, PyTorch, and ML model training experience. (Job Posting Ref 72)",,,,PENDING
PAIR_0648,RES_DAT_0259,JOB_SOF_0016,"Data Scientist proficient in Python, R, Statistical Modeling, NLP, Scikit-Learn, and PowerBI. Experience in predictive modeling. (Candidate Ref 259)","Senior Java Microservices Architect requiring 5+ years experience in Java 17, Spring Cloud, AWS, and Docker. (Job Posting Ref 16)",,,,PENDING
PAIR_0649,RES_DAT_0260,JOB_DAT_0072,"Junior Data Analyst with B.Sc in Statistics. Proficient in Python, SQL, Excel data visualization, and basic machine learning algorithms. (Candidate Ref 260)","Machine Learning Engineer position requiring Python, Scikit-Learn, PyTorch, and ML model training experience. (Job Posting Ref 72)",,,,PENDING
PAIR_0650,RES_DAT_0260,JOB_DAT_0073,"Junior Data Analyst with B.Sc in Statistics. Proficient in Python, SQL, Excel data visualization, and basic machine learning algorithms. (Candidate Ref 260)","Hiring Data Analyst with strong SQL, Python (Pandas/NumPy), and Tableau data visualization skills. (Job Posting Ref 73)",,,,PENDING
PAIR_0651,RES_DAT_0261,JOB_DAT_0058,"Data Analyst with expertise in SQL, Python, Pandas, NumPy, Tableau, and Excel. 2 years experience conducting exploratory data analysis and ETL pipelines. (Candidate Ref 261)","Machine Learning Engineer position requiring Python, Scikit-Learn, PyTorch, and ML model training experience. (Job Posting Ref 58)",,,,PENDING
PAIR_0652,RES_DAT_0261,JOB_DAT_0059,"Data Analyst with expertise in SQL, Python, Pandas, NumPy, Tableau, and Excel. 2 years experience conducting exploratory data analysis and ETL pipelines. (Candidate Ref 261)","Hiring Data Analyst with strong SQL, Python (Pandas/NumPy), and Tableau data visualization skills. (Job Posting Ref 59)",,,,PENDING
PAIR_0653,RES_DAT_0261,JOB_DEV_0076,"Data Analyst with expertise in SQL, Python, Pandas, NumPy, Tableau, and Excel. 2 years experience conducting exploratory data analysis and ETL pipelines. (Candidate Ref 261)","Looking for DevOps Engineer with experience in AWS, Docker, Kubernetes, CI/CD pipelines, and Terraform. (Job Posting Ref 76)",,,,PENDING
PAIR_0654,RES_DAT_0262,JOB_DAT_0074,"Machine Learning Engineer skilled in Python, Scikit-Learn, TensorFlow, PyTorch, SQL, and ML model deployment. M.Sc in Data Science. (Candidate Ref 262)","Machine Learning Engineer position requiring Python, Scikit-Learn, PyTorch, and ML model training experience. (Job Posting Ref 74)",,,,PENDING
PAIR_0655,RES_DAT_0262,JOB_DAT_0075,"Machine Learning Engineer skilled in Python, Scikit-Learn, TensorFlow, PyTorch, SQL, and ML model deployment. M.Sc in Data Science. (Candidate Ref 262)","Hiring Data Analyst with strong SQL, Python (Pandas/NumPy), and Tableau data visualization skills. (Job Posting Ref 75)",,,,PENDING
PAIR_0656,RES_DAT_0263,JOB_DAT_0055,"Data Scientist proficient in Python, R, Statistical Modeling, NLP, Scikit-Learn, and PowerBI. Experience in predictive modeling. (Candidate Ref 263)","Hiring Data Analyst with strong SQL, Python (Pandas/NumPy), and Tableau data visualization skills. (Job Posting Ref 55)",,,,PENDING
PAIR_0657,RES_DAT_0263,JOB_DAT_0056,"Data Scientist proficient in Python, R, Statistical Modeling, NLP, Scikit-Learn, and PowerBI. Experience in predictive modeling. (Candidate Ref 263)","Machine Learning Engineer position requiring Python, Scikit-Learn, PyTorch, and ML model training experience. (Job Posting Ref 56)",,,,PENDING
PAIR_0658,RES_DAT_0263,JOB_DEV_0081,"Data Scientist proficient in Python, R, Statistical Modeling, NLP, Scikit-Learn, and PowerBI. Experience in predictive modeling. (Candidate Ref 263)","Cloud Security & DevOps Specialist required. Mandatory skills: Azure, Docker, Kubernetes, and Linux automation. (Job Posting Ref 81)",,,,PENDING
PAIR_0659,RES_DAT_0264,JOB_DAT_0052,"Junior Data Analyst with B.Sc in Statistics. Proficient in Python, SQL, Excel data visualization, and basic machine learning algorithms. (Candidate Ref 264)","Machine Learning Engineer position requiring Python, Scikit-Learn, PyTorch, and ML model training experience. (Job Posting Ref 52)",,,,PENDING
PAIR_0660,RES_DAT_0264,JOB_DAT_0053,"Junior Data Analyst with B.Sc in Statistics. Proficient in Python, SQL, Excel data visualization, and basic machine learning algorithms. (Candidate Ref 264)","Hiring Data Analyst with strong SQL, Python (Pandas/NumPy), and Tableau data visualization skills. (Job Posting Ref 53)",,,,PENDING
PAIR_0661,RES_DAT_0265,JOB_DAT_0068,"Data Analyst with expertise in SQL, Python, Pandas, NumPy, Tableau, and Excel. 2 years experience conducting exploratory data analysis and ETL pipelines. (Candidate Ref 265)","Machine Learning Engineer position requiring Python, Scikit-Learn, PyTorch, and ML model training experience. (Job Posting Ref 68)",,,,PENDING
PAIR_0662,RES_DAT_0265,JOB_DAT_0069,"Data Analyst with expertise in SQL, Python, Pandas, NumPy, Tableau, and Excel. 2 years experience conducting exploratory data analysis and ETL pipelines. (Candidate Ref 265)","Hiring Data Analyst with strong SQL, Python (Pandas/NumPy), and Tableau data visualization skills. (Job Posting Ref 69)",,,,PENDING
PAIR_0663,RES_DAT_0265,JOB_WEB_0047,"Data Analyst with expertise in SQL, Python, Pandas, NumPy, Tableau, and Excel. 2 years experience conducting exploratory data analysis and ETL pipelines. (Candidate Ref 265)","Full Stack JavaScript Developer needed. Requirements: Node.js, React, MongoDB, and TypeScript. (Job Posting Ref 47)",,,,PENDING
PAIR_0664,RES_DAT_0266,JOB_DAT_0068,"Machine Learning Engineer skilled in Python, Scikit-Learn, TensorFlow, PyTorch, SQL, and ML model deployment. M.Sc in Data Science. (Candidate Ref 266)","Machine Learning Engineer position requiring Python, Scikit-Learn, PyTorch, and ML model training experience. (Job Posting Ref 68)",,,,PENDING
PAIR_0665,RES_DAT_0266,JOB_DAT_0069,"Machine Learning Engineer skilled in Python, Scikit-Learn, TensorFlow, PyTorch, SQL, and ML model deployment. M.Sc in Data Science. (Candidate Ref 266)","Hiring Data Analyst with strong SQL, Python (Pandas/NumPy), and Tableau data visualization skills. (Job Posting Ref 69)",,,,PENDING
PAIR_0666,RES_DAT_0267,JOB_DAT_0061,"Data Scientist proficient in Python, R, Statistical Modeling, NLP, Scikit-Learn, and PowerBI. Experience in predictive modeling. (Candidate Ref 267)","Hiring Data Analyst with strong SQL, Python (Pandas/NumPy), and Tableau data visualization skills. (Job Posting Ref 61)",,,,PENDING
PAIR_0667,RES_DAT_0267,JOB_DAT_0062,"Data Scientist proficient in Python, R, Statistical Modeling, NLP, Scikit-Learn, and PowerBI. Experience in predictive modeling. (Candidate Ref 267)","Machine Learning Engineer position requiring Python, Scikit-Learn, PyTorch, and ML model training experience. (Job Posting Ref 62)",,,,PENDING
PAIR_0668,RES_DAT_0267,JOB_QA _0119,"Data Scientist proficient in Python, R, Statistical Modeling, NLP, Scikit-Learn, and PowerBI. Experience in predictive modeling. (Candidate Ref 267)","Hiring QA Automation Engineer with strong Java, Selenium WebDriver, TestNG, and REST API testing skills. (Job Posting Ref 119)",,,,PENDING
PAIR_0669,RES_DAT_0268,JOB_DAT_0053,"Junior Data Analyst with B.Sc in Statistics. Proficient in Python, SQL, Excel data visualization, and basic machine learning algorithms. (Candidate Ref 268)","Hiring Data Analyst with strong SQL, Python (Pandas/NumPy), and Tableau data visualization skills. (Job Posting Ref 53)",,,,PENDING
PAIR_0670,RES_DAT_0268,JOB_DAT_0054,"Junior Data Analyst with B.Sc in Statistics. Proficient in Python, SQL, Excel data visualization, and basic machine learning algorithms. (Candidate Ref 268)","Machine Learning Engineer position requiring Python, Scikit-Learn, PyTorch, and ML model training experience. (Job Posting Ref 54)",,,,PENDING
PAIR_0671,RES_DAT_0269,JOB_DAT_0073,"Data Analyst with expertise in SQL, Python, Pandas, NumPy, Tableau, and Excel. 2 years experience conducting exploratory data analysis and ETL pipelines. (Candidate Ref 269)","Hiring Data Analyst with strong SQL, Python (Pandas/NumPy), and Tableau data visualization skills. (Job Posting Ref 73)",,,,PENDING
PAIR_0672,RES_DAT_0269,JOB_DAT_0074,"Data Analyst with expertise in SQL, Python, Pandas, NumPy, Tableau, and Excel. 2 years experience conducting exploratory data analysis and ETL pipelines. (Candidate Ref 269)","Machine Learning Engineer position requiring Python, Scikit-Learn, PyTorch, and ML model training experience. (Job Posting Ref 74)",,,,PENDING
PAIR_0673,RES_DAT_0269,JOB_WEB_0044,"Data Analyst with expertise in SQL, Python, Pandas, NumPy, Tableau, and Excel. 2 years experience conducting exploratory data analysis and ETL pipelines. (Candidate Ref 269)","Seeking React Frontend Developer with 2+ years experience in React.js, JavaScript (ES6+), HTML5/CSS3, and REST API integration. (Job Posting Ref 44)",,,,PENDING
PAIR_0674,RES_DAT_0270,JOB_DAT_0054,"Machine Learning Engineer skilled in Python, Scikit-Learn, TensorFlow, PyTorch, SQL, and ML model deployment. M.Sc in Data Science. (Candidate Ref 270)","Machine Learning Engineer position requiring Python, Scikit-Learn, PyTorch, and ML model training experience. (Job Posting Ref 54)",,,,PENDING
PAIR_0675,RES_DAT_0270,JOB_DAT_0055,"Machine Learning Engineer skilled in Python, Scikit-Learn, TensorFlow, PyTorch, SQL, and ML model deployment. M.Sc in Data Science. (Candidate Ref 270)","Hiring Data Analyst with strong SQL, Python (Pandas/NumPy), and Tableau data visualization skills. (Job Posting Ref 55)",,,,PENDING
PAIR_0676,RES_DAT_0271,JOB_DAT_0059,"Data Scientist proficient in Python, R, Statistical Modeling, NLP, Scikit-Learn, and PowerBI. Experience in predictive modeling. (Candidate Ref 271)","Hiring Data Analyst with strong SQL, Python (Pandas/NumPy), and Tableau data visualization skills. (Job Posting Ref 59)",,,,PENDING
PAIR_0677,RES_DAT_0271,JOB_DAT_0060,"Data Scientist proficient in Python, R, Statistical Modeling, NLP, Scikit-Learn, and PowerBI. Experience in predictive modeling. (Candidate Ref 271)","Machine Learning Engineer position requiring Python, Scikit-Learn, PyTorch, and ML model training experience. (Job Posting Ref 60)",,,,PENDING
PAIR_0678,RES_DAT_0271,JOB_DEV_0094,"Data Scientist proficient in Python, R, Statistical Modeling, NLP, Scikit-Learn, and PowerBI. Experience in predictive modeling. (Candidate Ref 271)","Looking for DevOps Engineer with experience in AWS, Docker, Kubernetes, CI/CD pipelines, and Terraform. (Job Posting Ref 94)",,,,PENDING
PAIR_0679,RES_DAT_0272,JOB_DAT_0067,"Junior Data Analyst with B.Sc in Statistics. Proficient in Python, SQL, Excel data visualization, and basic machine learning algorithms. (Candidate Ref 272)","Hiring Data Analyst with strong SQL, Python (Pandas/NumPy), and Tableau data visualization skills. (Job Posting Ref 67)",,,,PENDING
PAIR_0680,RES_DAT_0272,JOB_DAT_0068,"Junior Data Analyst with B.Sc in Statistics. Proficient in Python, SQL, Excel data visualization, and basic machine learning algorithms. (Candidate Ref 272)","Machine Learning Engineer position requiring Python, Scikit-Learn, PyTorch, and ML model training experience. (Job Posting Ref 68)",,,,PENDING
PAIR_0681,RES_DAT_0273,JOB_DAT_0061,"Data Analyst with expertise in SQL, Python, Pandas, NumPy, Tableau, and Excel. 2 years experience conducting exploratory data analysis and ETL pipelines. (Candidate Ref 273)","Hiring Data Analyst with strong SQL, Python (Pandas/NumPy), and Tableau data visualization skills. (Job Posting Ref 61)",,,,PENDING
PAIR_0682,RES_DAT_0273,JOB_DAT_0062,"Data Analyst with expertise in SQL, Python, Pandas, NumPy, Tableau, and Excel. 2 years experience conducting exploratory data analysis and ETL pipelines. (Candidate Ref 273)","Machine Learning Engineer position requiring Python, Scikit-Learn, PyTorch, and ML model training experience. (Job Posting Ref 62)",,,,PENDING
PAIR_0683,RES_DAT_0273,JOB_WEB_0043,"Data Analyst with expertise in SQL, Python, Pandas, NumPy, Tableau, and Excel. 2 years experience conducting exploratory data analysis and ETL pipelines. (Candidate Ref 273)","Full Stack JavaScript Developer needed. Requirements: Node.js, React, MongoDB, and TypeScript. (Job Posting Ref 43)",,,,PENDING
PAIR_0684,RES_DAT_0274,JOB_DAT_0071,"Machine Learning Engineer skilled in Python, Scikit-Learn, TensorFlow, PyTorch, SQL, and ML model deployment. M.Sc in Data Science. (Candidate Ref 274)","Hiring Data Analyst with strong SQL, Python (Pandas/NumPy), and Tableau data visualization skills. (Job Posting Ref 71)",,,,PENDING
PAIR_0685,RES_DAT_0274,JOB_DAT_0072,"Machine Learning Engineer skilled in Python, Scikit-Learn, TensorFlow, PyTorch, SQL, and ML model deployment. M.Sc in Data Science. (Candidate Ref 274)","Machine Learning Engineer position requiring Python, Scikit-Learn, PyTorch, and ML model training experience. (Job Posting Ref 72)",,,,PENDING
PAIR_0686,RES_DAT_0275,JOB_DAT_0057,"Data Scientist proficient in Python, R, Statistical Modeling, NLP, Scikit-Learn, and PowerBI. Experience in predictive modeling. (Candidate Ref 275)","Hiring Data Analyst with strong SQL, Python (Pandas/NumPy), and Tableau data visualization skills. (Job Posting Ref 57)",,,,PENDING
PAIR_0687,RES_DAT_0275,JOB_DAT_0058,"Data Scientist proficient in Python, R, Statistical Modeling, NLP, Scikit-Learn, and PowerBI. Experience in predictive modeling. (Candidate Ref 275)","Machine Learning Engineer position requiring Python, Scikit-Learn, PyTorch, and ML model training experience. (Job Posting Ref 58)",,,,PENDING
PAIR_0688,RES_DAT_0275,JOB_WEB_0038,"Data Scientist proficient in Python, R, Statistical Modeling, NLP, Scikit-Learn, and PowerBI. Experience in predictive modeling. (Candidate Ref 275)","Seeking React Frontend Developer with 2+ years experience in React.js, JavaScript (ES6+), HTML5/CSS3, and REST API integration. (Job Posting Ref 38)",,,,PENDING
PAIR_0689,RES_DAT_0276,JOB_DAT_0064,"Junior Data Analyst with B.Sc in Statistics. Proficient in Python, SQL, Excel data visualization, and basic machine learning algorithms. (Candidate Ref 276)","Machine Learning Engineer position requiring Python, Scikit-Learn, PyTorch, and ML model training experience. (Job Posting Ref 64)",,,,PENDING
PAIR_0690,RES_DAT_0276,JOB_DAT_0065,"Junior Data Analyst with B.Sc in Statistics. Proficient in Python, SQL, Excel data visualization, and basic machine learning algorithms. (Candidate Ref 276)","Hiring Data Analyst with strong SQL, Python (Pandas/NumPy), and Tableau data visualization skills. (Job Posting Ref 65)",,,,PENDING
PAIR_0691,RES_DAT_0277,JOB_DAT_0059,"Data Analyst with expertise in SQL, Python, Pandas, NumPy, Tableau, and Excel. 2 years experience conducting exploratory data analysis and ETL pipelines. (Candidate Ref 277)","Hiring Data Analyst with strong SQL, Python (Pandas/NumPy), and Tableau data visualization skills. (Job Posting Ref 59)",,,,PENDING
PAIR_0692,RES_DAT_0277,JOB_DAT_0060,"Data Analyst with expertise in SQL, Python, Pandas, NumPy, Tableau, and Excel. 2 years experience conducting exploratory data analysis and ETL pipelines. (Candidate Ref 277)","Machine Learning Engineer position requiring Python, Scikit-Learn, PyTorch, and ML model training experience. (Job Posting Ref 60)",,,,PENDING
PAIR_0693,RES_DAT_0277,JOB_QA _0120,"Data Analyst with expertise in SQL, Python, Pandas, NumPy, Tableau, and Excel. 2 years experience conducting exploratory data analysis and ETL pipelines. (Candidate Ref 277)","Senior Software Quality Assurance Lead requiring Selenium, Python automation, Postman API testing, and Jira defect tracking. (Job Posting Ref 120)",,,,PENDING
PAIR_0694,RES_DAT_0278,JOB_DAT_0059,"Machine Learning Engineer skilled in Python, Scikit-Learn, TensorFlow, PyTorch, SQL, and ML model deployment. M.Sc in Data Science. (Candidate Ref 278)","Hiring Data Analyst with strong SQL, Python (Pandas/NumPy), and Tableau data visualization skills. (Job Posting Ref 59)",,,,PENDING
PAIR_0695,RES_DAT_0278,JOB_DAT_0060,"Machine Learning Engineer skilled in Python, Scikit-Learn, TensorFlow, PyTorch, SQL, and ML model deployment. M.Sc in Data Science. (Candidate Ref 278)","Machine Learning Engineer position requiring Python, Scikit-Learn, PyTorch, and ML model training experience. (Job Posting Ref 60)",,,,PENDING
PAIR_0696,RES_DAT_0279,JOB_DAT_0068,"Data Scientist proficient in Python, R, Statistical Modeling, NLP, Scikit-Learn, and PowerBI. Experience in predictive modeling. (Candidate Ref 279)","Machine Learning Engineer position requiring Python, Scikit-Learn, PyTorch, and ML model training experience. (Job Posting Ref 68)",,,,PENDING
PAIR_0697,RES_DAT_0279,JOB_DAT_0069,"Data Scientist proficient in Python, R, Statistical Modeling, NLP, Scikit-Learn, and PowerBI. Experience in predictive modeling. (Candidate Ref 279)","Hiring Data Analyst with strong SQL, Python (Pandas/NumPy), and Tableau data visualization skills. (Job Posting Ref 69)",,,,PENDING
PAIR_0698,RES_DAT_0279,JOB_SOF_0014,"Data Scientist proficient in Python, R, Statistical Modeling, NLP, Scikit-Learn, and PowerBI. Experience in predictive modeling. (Candidate Ref 279)","Senior Java Microservices Architect requiring 5+ years experience in Java 17, Spring Cloud, AWS, and Docker. (Job Posting Ref 14)",,,,PENDING
PAIR_0699,RES_DAT_0280,JOB_DAT_0051,"Junior Data Analyst with B.Sc in Statistics. Proficient in Python, SQL, Excel data visualization, and basic machine learning algorithms. (Candidate Ref 280)","Hiring Data Analyst with strong SQL, Python (Pandas/NumPy), and Tableau data visualization skills. (Job Posting Ref 51)",,,,PENDING
PAIR_0700,RES_DAT_0280,JOB_DAT_0052,"Junior Data Analyst with B.Sc in Statistics. Proficient in Python, SQL, Excel data visualization, and basic machine learning algorithms. (Candidate Ref 280)","Machine Learning Engineer position requiring Python, Scikit-Learn, PyTorch, and ML model training experience. (Job Posting Ref 52)",,,,PENDING
PAIR_0701,RES_DAT_0281,JOB_DAT_0075,"Data Analyst with expertise in SQL, Python, Pandas, NumPy, Tableau, and Excel. 2 years experience conducting exploratory data analysis and ETL pipelines. (Candidate Ref 281)","Hiring Data Analyst with strong SQL, Python (Pandas/NumPy), and Tableau data visualization skills. (Job Posting Ref 75)",,,,PENDING
PAIR_0702,RES_DAT_0281,JOB_DAT_0051,"Data Analyst with expertise in SQL, Python, Pandas, NumPy, Tableau, and Excel. 2 years experience conducting exploratory data analysis and ETL pipelines. (Candidate Ref 281)","Hiring Data Analyst with strong SQL, Python (Pandas/NumPy), and Tableau data visualization skills. (Job Posting Ref 51)",,,,PENDING
PAIR_0703,RES_DAT_0281,JOB_WEB_0049,"Data Analyst with expertise in SQL, Python, Pandas, NumPy, Tableau, and Excel. 2 years experience conducting exploratory data analysis and ETL pipelines. (Candidate Ref 281)","Full Stack JavaScript Developer needed. Requirements: Node.js, React, MongoDB, and TypeScript. (Job Posting Ref 49)",,,,PENDING
PAIR_0704,RES_DAT_0282,JOB_DAT_0069,"Machine Learning Engineer skilled in Python, Scikit-Learn, TensorFlow, PyTorch, SQL, and ML model deployment. M.Sc in Data Science. (Candidate Ref 282)","Hiring Data Analyst with strong SQL, Python (Pandas/NumPy), and Tableau data visualization skills. (Job Posting Ref 69)",,,,PENDING
PAIR_0705,RES_DAT_0282,JOB_DAT_0070,"Machine Learning Engineer skilled in Python, Scikit-Learn, TensorFlow, PyTorch, SQL, and ML model deployment. M.Sc in Data Science. (Candidate Ref 282)","Machine Learning Engineer position requiring Python, Scikit-Learn, PyTorch, and ML model training experience. (Job Posting Ref 70)",,,,PENDING
PAIR_0706,RES_DAT_0283,JOB_DAT_0071,"Data Scientist proficient in Python, R, Statistical Modeling, NLP, Scikit-Learn, and PowerBI. Experience in predictive modeling. (Candidate Ref 283)","Hiring Data Analyst with strong SQL, Python (Pandas/NumPy), and Tableau data visualization skills. (Job Posting Ref 71)",,,,PENDING
PAIR_0707,RES_DAT_0283,JOB_DAT_0072,"Data Scientist proficient in Python, R, Statistical Modeling, NLP, Scikit-Learn, and PowerBI. Experience in predictive modeling. (Candidate Ref 283)","Machine Learning Engineer position requiring Python, Scikit-Learn, PyTorch, and ML model training experience. (Job Posting Ref 72)",,,,PENDING
PAIR_0708,RES_DAT_0283,JOB_DEV_0100,"Data Scientist proficient in Python, R, Statistical Modeling, NLP, Scikit-Learn, and PowerBI. Experience in predictive modeling. (Candidate Ref 283)","Looking for DevOps Engineer with experience in AWS, Docker, Kubernetes, CI/CD pipelines, and Terraform. (Job Posting Ref 100)",,,,PENDING
PAIR_0709,RES_DAT_0284,JOB_DAT_0051,"Junior Data Analyst with B.Sc in Statistics. Proficient in Python, SQL, Excel data visualization, and basic machine learning algorithms. (Candidate Ref 284)","Hiring Data Analyst with strong SQL, Python (Pandas/NumPy), and Tableau data visualization skills. (Job Posting Ref 51)",,,,PENDING
PAIR_0710,RES_DAT_0284,JOB_DAT_0052,"Junior Data Analyst with B.Sc in Statistics. Proficient in Python, SQL, Excel data visualization, and basic machine learning algorithms. (Candidate Ref 284)","Machine Learning Engineer position requiring Python, Scikit-Learn, PyTorch, and ML model training experience. (Job Posting Ref 52)",,,,PENDING
PAIR_0711,RES_DAT_0285,JOB_DAT_0073,"Data Analyst with expertise in SQL, Python, Pandas, NumPy, Tableau, and Excel. 2 years experience conducting exploratory data analysis and ETL pipelines. (Candidate Ref 285)","Hiring Data Analyst with strong SQL, Python (Pandas/NumPy), and Tableau data visualization skills. (Job Posting Ref 73)",,,,PENDING
PAIR_0712,RES_DAT_0285,JOB_DAT_0074,"Data Analyst with expertise in SQL, Python, Pandas, NumPy, Tableau, and Excel. 2 years experience conducting exploratory data analysis and ETL pipelines. (Candidate Ref 285)","Machine Learning Engineer position requiring Python, Scikit-Learn, PyTorch, and ML model training experience. (Job Posting Ref 74)",,,,PENDING
PAIR_0713,RES_DAT_0285,JOB_QA _0114,"Data Analyst with expertise in SQL, Python, Pandas, NumPy, Tableau, and Excel. 2 years experience conducting exploratory data analysis and ETL pipelines. (Candidate Ref 285)","Senior Software Quality Assurance Lead requiring Selenium, Python automation, Postman API testing, and Jira defect tracking. (Job Posting Ref 114)",,,,PENDING
PAIR_0714,RES_DAT_0286,JOB_DAT_0060,"Machine Learning Engineer skilled in Python, Scikit-Learn, TensorFlow, PyTorch, SQL, and ML model deployment. M.Sc in Data Science. (Candidate Ref 286)","Machine Learning Engineer position requiring Python, Scikit-Learn, PyTorch, and ML model training experience. (Job Posting Ref 60)",,,,PENDING
PAIR_0715,RES_DAT_0286,JOB_DAT_0061,"Machine Learning Engineer skilled in Python, Scikit-Learn, TensorFlow, PyTorch, SQL, and ML model deployment. M.Sc in Data Science. (Candidate Ref 286)","Hiring Data Analyst with strong SQL, Python (Pandas/NumPy), and Tableau data visualization skills. (Job Posting Ref 61)",,,,PENDING
PAIR_0716,RES_DAT_0287,JOB_DAT_0054,"Data Scientist proficient in Python, R, Statistical Modeling, NLP, Scikit-Learn, and PowerBI. Experience in predictive modeling. (Candidate Ref 287)","Machine Learning Engineer position requiring Python, Scikit-Learn, PyTorch, and ML model training experience. (Job Posting Ref 54)",,,,PENDING
PAIR_0717,RES_DAT_0287,JOB_DAT_0055,"Data Scientist proficient in Python, R, Statistical Modeling, NLP, Scikit-Learn, and PowerBI. Experience in predictive modeling. (Candidate Ref 287)","Hiring Data Analyst with strong SQL, Python (Pandas/NumPy), and Tableau data visualization skills. (Job Posting Ref 55)",,,,PENDING
PAIR_0718,RES_DAT_0287,JOB_DEV_0080,"Data Scientist proficient in Python, R, Statistical Modeling, NLP, Scikit-Learn, and PowerBI. Experience in predictive modeling. (Candidate Ref 287)","Looking for DevOps Engineer with experience in AWS, Docker, Kubernetes, CI/CD pipelines, and Terraform. (Job Posting Ref 80)",,,,PENDING
PAIR_0719,RES_DAT_0288,JOB_DAT_0070,"Junior Data Analyst with B.Sc in Statistics. Proficient in Python, SQL, Excel data visualization, and basic machine learning algorithms. (Candidate Ref 288)","Machine Learning Engineer position requiring Python, Scikit-Learn, PyTorch, and ML model training experience. (Job Posting Ref 70)",,,,PENDING
PAIR_0720,RES_DAT_0288,JOB_DAT_0071,"Junior Data Analyst with B.Sc in Statistics. Proficient in Python, SQL, Excel data visualization, and basic machine learning algorithms. (Candidate Ref 288)","Hiring Data Analyst with strong SQL, Python (Pandas/NumPy), and Tableau data visualization skills. (Job Posting Ref 71)",,,,PENDING
PAIR_0721,RES_DAT_0289,JOB_DAT_0062,"Data Analyst with expertise in SQL, Python, Pandas, NumPy, Tableau, and Excel. 2 years experience conducting exploratory data analysis and ETL pipelines. (Candidate Ref 289)","Machine Learning Engineer position requiring Python, Scikit-Learn, PyTorch, and ML model training experience. (Job Posting Ref 62)",,,,PENDING
PAIR_0722,RES_DAT_0289,JOB_DAT_0063,"Data Analyst with expertise in SQL, Python, Pandas, NumPy, Tableau, and Excel. 2 years experience conducting exploratory data analysis and ETL pipelines. (Candidate Ref 289)","Hiring Data Analyst with strong SQL, Python (Pandas/NumPy), and Tableau data visualization skills. (Job Posting Ref 63)",,,,PENDING
PAIR_0723,RES_DAT_0289,JOB_SOF_0009,"Data Analyst with expertise in SQL, Python, Pandas, NumPy, Tableau, and Excel. 2 years experience conducting exploratory data analysis and ETL pipelines. (Candidate Ref 289)","Looking for Backend Java Developer with 2-4 years experience in Java, Spring Boot, REST APIs, and MySQL. (Job Posting Ref 9)",,,,PENDING
PAIR_0724,RES_DAT_0290,JOB_DAT_0062,"Machine Learning Engineer skilled in Python, Scikit-Learn, TensorFlow, PyTorch, SQL, and ML model deployment. M.Sc in Data Science. (Candidate Ref 290)","Machine Learning Engineer position requiring Python, Scikit-Learn, PyTorch, and ML model training experience. (Job Posting Ref 62)",,,,PENDING
PAIR_0725,RES_DAT_0290,JOB_DAT_0063,"Machine Learning Engineer skilled in Python, Scikit-Learn, TensorFlow, PyTorch, SQL, and ML model deployment. M.Sc in Data Science. (Candidate Ref 290)","Hiring Data Analyst with strong SQL, Python (Pandas/NumPy), and Tableau data visualization skills. (Job Posting Ref 63)",,,,PENDING
PAIR_0726,RES_DAT_0291,JOB_DAT_0060,"Data Scientist proficient in Python, R, Statistical Modeling, NLP, Scikit-Learn, and PowerBI. Experience in predictive modeling. (Candidate Ref 291)","Machine Learning Engineer position requiring Python, Scikit-Learn, PyTorch, and ML model training experience. (Job Posting Ref 60)",,,,PENDING
PAIR_0727,RES_DAT_0291,JOB_DAT_0061,"Data Scientist proficient in Python, R, Statistical Modeling, NLP, Scikit-Learn, and PowerBI. Experience in predictive modeling. (Candidate Ref 291)","Hiring Data Analyst with strong SQL, Python (Pandas/NumPy), and Tableau data visualization skills. (Job Posting Ref 61)",,,,PENDING
PAIR_0728,RES_DAT_0291,JOB_QA _0105,"Data Scientist proficient in Python, R, Statistical Modeling, NLP, Scikit-Learn, and PowerBI. Experience in predictive modeling. (Candidate Ref 291)","Hiring QA Automation Engineer with strong Java, Selenium WebDriver, TestNG, and REST API testing skills. (Job Posting Ref 105)",,,,PENDING
PAIR_0729,RES_DAT_0292,JOB_DAT_0067,"Junior Data Analyst with B.Sc in Statistics. Proficient in Python, SQL, Excel data visualization, and basic machine learning algorithms. (Candidate Ref 292)","Hiring Data Analyst with strong SQL, Python (Pandas/NumPy), and Tableau data visualization skills. (Job Posting Ref 67)",,,,PENDING
PAIR_0730,RES_DAT_0292,JOB_DAT_0068,"Junior Data Analyst with B.Sc in Statistics. Proficient in Python, SQL, Excel data visualization, and basic machine learning algorithms. (Candidate Ref 292)","Machine Learning Engineer position requiring Python, Scikit-Learn, PyTorch, and ML model training experience. (Job Posting Ref 68)",,,,PENDING
PAIR_0731,RES_DAT_0293,JOB_DAT_0055,"Data Analyst with expertise in SQL, Python, Pandas, NumPy, Tableau, and Excel. 2 years experience conducting exploratory data analysis and ETL pipelines. (Candidate Ref 293)","Hiring Data Analyst with strong SQL, Python (Pandas/NumPy), and Tableau data visualization skills. (Job Posting Ref 55)",,,,PENDING
PAIR_0732,RES_DAT_0293,JOB_DAT_0056,"Data Analyst with expertise in SQL, Python, Pandas, NumPy, Tableau, and Excel. 2 years experience conducting exploratory data analysis and ETL pipelines. (Candidate Ref 293)","Machine Learning Engineer position requiring Python, Scikit-Learn, PyTorch, and ML model training experience. (Job Posting Ref 56)",,,,PENDING
PAIR_0733,RES_DAT_0293,JOB_SOF_0001,"Data Analyst with expertise in SQL, Python, Pandas, NumPy, Tableau, and Excel. 2 years experience conducting exploratory data analysis and ETL pipelines. (Candidate Ref 293)","Looking for Backend Java Developer with 2-4 years experience in Java, Spring Boot, REST APIs, and MySQL. (Job Posting Ref 1)",,,,PENDING
PAIR_0734,RES_DAT_0294,JOB_DAT_0055,"Machine Learning Engineer skilled in Python, Scikit-Learn, TensorFlow, PyTorch, SQL, and ML model deployment. M.Sc in Data Science. (Candidate Ref 294)","Hiring Data Analyst with strong SQL, Python (Pandas/NumPy), and Tableau data visualization skills. (Job Posting Ref 55)",,,,PENDING
PAIR_0735,RES_DAT_0294,JOB_DAT_0056,"Machine Learning Engineer skilled in Python, Scikit-Learn, TensorFlow, PyTorch, SQL, and ML model deployment. M.Sc in Data Science. (Candidate Ref 294)","Machine Learning Engineer position requiring Python, Scikit-Learn, PyTorch, and ML model training experience. (Job Posting Ref 56)",,,,PENDING
PAIR_0736,RES_DAT_0295,JOB_DAT_0064,"Data Scientist proficient in Python, R, Statistical Modeling, NLP, Scikit-Learn, and PowerBI. Experience in predictive modeling. (Candidate Ref 295)","Machine Learning Engineer position requiring Python, Scikit-Learn, PyTorch, and ML model training experience. (Job Posting Ref 64)",,,,PENDING
PAIR_0737,RES_DAT_0295,JOB_DAT_0065,"Data Scientist proficient in Python, R, Statistical Modeling, NLP, Scikit-Learn, and PowerBI. Experience in predictive modeling. (Candidate Ref 295)","Hiring Data Analyst with strong SQL, Python (Pandas/NumPy), and Tableau data visualization skills. (Job Posting Ref 65)",,,,PENDING
PAIR_0738,RES_DAT_0295,JOB_QA _0117,"Data Scientist proficient in Python, R, Statistical Modeling, NLP, Scikit-Learn, and PowerBI. Experience in predictive modeling. (Candidate Ref 295)","Hiring QA Automation Engineer with strong Java, Selenium WebDriver, TestNG, and REST API testing skills. (Job Posting Ref 117)",,,,PENDING
PAIR_0739,RES_DAT_0296,JOB_DAT_0061,"Junior Data Analyst with B.Sc in Statistics. Proficient in Python, SQL, Excel data visualization, and basic machine learning algorithms. (Candidate Ref 296)","Hiring Data Analyst with strong SQL, Python (Pandas/NumPy), and Tableau data visualization skills. (Job Posting Ref 61)",,,,PENDING
PAIR_0740,RES_DAT_0296,JOB_DAT_0062,"Junior Data Analyst with B.Sc in Statistics. Proficient in Python, SQL, Excel data visualization, and basic machine learning algorithms. (Candidate Ref 296)","Machine Learning Engineer position requiring Python, Scikit-Learn, PyTorch, and ML model training experience. (Job Posting Ref 62)",,,,PENDING
PAIR_0741,RES_DAT_0297,JOB_DAT_0070,"Data Analyst with expertise in SQL, Python, Pandas, NumPy, Tableau, and Excel. 2 years experience conducting exploratory data analysis and ETL pipelines. (Candidate Ref 297)","Machine Learning Engineer position requiring Python, Scikit-Learn, PyTorch, and ML model training experience. (Job Posting Ref 70)",,,,PENDING
PAIR_0742,RES_DAT_0297,JOB_DAT_0071,"Data Analyst with expertise in SQL, Python, Pandas, NumPy, Tableau, and Excel. 2 years experience conducting exploratory data analysis and ETL pipelines. (Candidate Ref 297)","Hiring Data Analyst with strong SQL, Python (Pandas/NumPy), and Tableau data visualization skills. (Job Posting Ref 71)",,,,PENDING
PAIR_0743,RES_DAT_0297,JOB_QA _0124,"Data Analyst with expertise in SQL, Python, Pandas, NumPy, Tableau, and Excel. 2 years experience conducting exploratory data analysis and ETL pipelines. (Candidate Ref 297)","Senior Software Quality Assurance Lead requiring Selenium, Python automation, Postman API testing, and Jira defect tracking. (Job Posting Ref 124)",,,,PENDING
PAIR_0744,RES_DAT_0298,JOB_DAT_0053,"Machine Learning Engineer skilled in Python, Scikit-Learn, TensorFlow, PyTorch, SQL, and ML model deployment. M.Sc in Data Science. (Candidate Ref 298)","Hiring Data Analyst with strong SQL, Python (Pandas/NumPy), and Tableau data visualization skills. (Job Posting Ref 53)",,,,PENDING
PAIR_0745,RES_DAT_0298,JOB_DAT_0054,"Machine Learning Engineer skilled in Python, Scikit-Learn, TensorFlow, PyTorch, SQL, and ML model deployment. M.Sc in Data Science. (Candidate Ref 298)","Machine Learning Engineer position requiring Python, Scikit-Learn, PyTorch, and ML model training experience. (Job Posting Ref 54)",,,,PENDING
PAIR_0746,RES_DAT_0299,JOB_DAT_0052,"Data Scientist proficient in Python, R, Statistical Modeling, NLP, Scikit-Learn, and PowerBI. Experience in predictive modeling. (Candidate Ref 299)","Machine Learning Engineer position requiring Python, Scikit-Learn, PyTorch, and ML model training experience. (Job Posting Ref 52)",,,,PENDING
PAIR_0747,RES_DAT_0299,JOB_DAT_0053,"Data Scientist proficient in Python, R, Statistical Modeling, NLP, Scikit-Learn, and PowerBI. Experience in predictive modeling. (Candidate Ref 299)","Hiring Data Analyst with strong SQL, Python (Pandas/NumPy), and Tableau data visualization skills. (Job Posting Ref 53)",,,,PENDING
PAIR_0748,RES_DAT_0299,JOB_SOF_0022,"Data Scientist proficient in Python, R, Statistical Modeling, NLP, Scikit-Learn, and PowerBI. Experience in predictive modeling. (Candidate Ref 299)","Senior Java Microservices Architect requiring 5+ years experience in Java 17, Spring Cloud, AWS, and Docker. (Job Posting Ref 22)",,,,PENDING
PAIR_0749,RES_DAT_0300,JOB_DAT_0053,"Junior Data Analyst with B.Sc in Statistics. Proficient in Python, SQL, Excel data visualization, and basic machine learning algorithms. (Candidate Ref 300)","Hiring Data Analyst with strong SQL, Python (Pandas/NumPy), and Tableau data visualization skills. (Job Posting Ref 53)",,,,PENDING
PAIR_0750,RES_DAT_0300,JOB_DAT_0054,"Junior Data Analyst with B.Sc in Statistics. Proficient in Python, SQL, Excel data visualization, and basic machine learning algorithms. (Candidate Ref 300)","Machine Learning Engineer position requiring Python, Scikit-Learn, PyTorch, and ML model training experience. (Job Posting Ref 54)",,,,PENDING
PAIR_0751,RES_DAT_0301,JOB_DAT_0056,"Data Analyst with expertise in SQL, Python, Pandas, NumPy, Tableau, and Excel. 2 years experience conducting exploratory data analysis and ETL pipelines. (Candidate Ref 301)","Machine Learning Engineer position requiring Python, Scikit-Learn, PyTorch, and ML model training experience. (Job Posting Ref 56)",,,,PENDING
PAIR_0752,RES_DAT_0301,JOB_DAT_0057,"Data Analyst with expertise in SQL, Python, Pandas, NumPy, Tableau, and Excel. 2 years experience conducting exploratory data analysis and ETL pipelines. (Candidate Ref 301)","Hiring Data Analyst with strong SQL, Python (Pandas/NumPy), and Tableau data visualization skills. (Job Posting Ref 57)",,,,PENDING
PAIR_0753,RES_DAT_0301,JOB_QA _0104,"Data Analyst with expertise in SQL, Python, Pandas, NumPy, Tableau, and Excel. 2 years experience conducting exploratory data analysis and ETL pipelines. (Candidate Ref 301)","Senior Software Quality Assurance Lead requiring Selenium, Python automation, Postman API testing, and Jira defect tracking. (Job Posting Ref 104)",,,,PENDING
PAIR_0754,RES_DAT_0302,JOB_DAT_0061,"Machine Learning Engineer skilled in Python, Scikit-Learn, TensorFlow, PyTorch, SQL, and ML model deployment. M.Sc in Data Science. (Candidate Ref 302)","Hiring Data Analyst with strong SQL, Python (Pandas/NumPy), and Tableau data visualization skills. (Job Posting Ref 61)",,,,PENDING
PAIR_0755,RES_DAT_0302,JOB_DAT_0062,"Machine Learning Engineer skilled in Python, Scikit-Learn, TensorFlow, PyTorch, SQL, and ML model deployment. M.Sc in Data Science. (Candidate Ref 302)","Machine Learning Engineer position requiring Python, Scikit-Learn, PyTorch, and ML model training experience. (Job Posting Ref 62)",,,,PENDING
PAIR_0756,RES_DAT_0303,JOB_DAT_0069,"Data Scientist proficient in Python, R, Statistical Modeling, NLP, Scikit-Learn, and PowerBI. Experience in predictive modeling. (Candidate Ref 303)","Hiring Data Analyst with strong SQL, Python (Pandas/NumPy), and Tableau data visualization skills. (Job Posting Ref 69)",,,,PENDING
PAIR_0757,RES_DAT_0303,JOB_DAT_0070,"Data Scientist proficient in Python, R, Statistical Modeling, NLP, Scikit-Learn, and PowerBI. Experience in predictive modeling. (Candidate Ref 303)","Machine Learning Engineer position requiring Python, Scikit-Learn, PyTorch, and ML model training experience. (Job Posting Ref 70)",,,,PENDING
PAIR_0758,RES_DAT_0303,JOB_QA _0123,"Data Scientist proficient in Python, R, Statistical Modeling, NLP, Scikit-Learn, and PowerBI. Experience in predictive modeling. (Candidate Ref 303)","Hiring QA Automation Engineer with strong Java, Selenium WebDriver, TestNG, and REST API testing skills. (Job Posting Ref 123)",,,,PENDING
PAIR_0759,RES_DAT_0304,JOB_DAT_0058,"Junior Data Analyst with B.Sc in Statistics. Proficient in Python, SQL, Excel data visualization, and basic machine learning algorithms. (Candidate Ref 304)","Machine Learning Engineer position requiring Python, Scikit-Learn, PyTorch, and ML model training experience. (Job Posting Ref 58)",,,,PENDING
PAIR_0760,RES_DAT_0304,JOB_DAT_0059,"Junior Data Analyst with B.Sc in Statistics. Proficient in Python, SQL, Excel data visualization, and basic machine learning algorithms. (Candidate Ref 304)","Hiring Data Analyst with strong SQL, Python (Pandas/NumPy), and Tableau data visualization skills. (Job Posting Ref 59)",,,,PENDING
PAIR_0761,RES_DAT_0305,JOB_DAT_0065,"Data Analyst with expertise in SQL, Python, Pandas, NumPy, Tableau, and Excel. 2 years experience conducting exploratory data analysis and ETL pipelines. (Candidate Ref 305)","Hiring Data Analyst with strong SQL, Python (Pandas/NumPy), and Tableau data visualization skills. (Job Posting Ref 65)",,,,PENDING
PAIR_0762,RES_DAT_0305,JOB_DAT_0066,"Data Analyst with expertise in SQL, Python, Pandas, NumPy, Tableau, and Excel. 2 years experience conducting exploratory data analysis and ETL pipelines. (Candidate Ref 305)","Machine Learning Engineer position requiring Python, Scikit-Learn, PyTorch, and ML model training experience. (Job Posting Ref 66)",,,,PENDING
PAIR_0763,RES_DAT_0305,JOB_WEB_0042,"Data Analyst with expertise in SQL, Python, Pandas, NumPy, Tableau, and Excel. 2 years experience conducting exploratory data analysis and ETL pipelines. (Candidate Ref 305)","Seeking React Frontend Developer with 2+ years experience in React.js, JavaScript (ES6+), HTML5/CSS3, and REST API integration. (Job Posting Ref 42)",,,,PENDING
PAIR_0764,RES_DAT_0306,JOB_DAT_0064,"Machine Learning Engineer skilled in Python, Scikit-Learn, TensorFlow, PyTorch, SQL, and ML model deployment. M.Sc in Data Science. (Candidate Ref 306)","Machine Learning Engineer position requiring Python, Scikit-Learn, PyTorch, and ML model training experience. (Job Posting Ref 64)",,,,PENDING
PAIR_0765,RES_DAT_0306,JOB_DAT_0065,"Machine Learning Engineer skilled in Python, Scikit-Learn, TensorFlow, PyTorch, SQL, and ML model deployment. M.Sc in Data Science. (Candidate Ref 306)","Hiring Data Analyst with strong SQL, Python (Pandas/NumPy), and Tableau data visualization skills. (Job Posting Ref 65)",,,,PENDING
PAIR_0766,RES_DAT_0307,JOB_DAT_0051,"Data Scientist proficient in Python, R, Statistical Modeling, NLP, Scikit-Learn, and PowerBI. Experience in predictive modeling. (Candidate Ref 307)","Hiring Data Analyst with strong SQL, Python (Pandas/NumPy), and Tableau data visualization skills. (Job Posting Ref 51)",,,,PENDING
PAIR_0767,RES_DAT_0307,JOB_DAT_0052,"Data Scientist proficient in Python, R, Statistical Modeling, NLP, Scikit-Learn, and PowerBI. Experience in predictive modeling. (Candidate Ref 307)","Machine Learning Engineer position requiring Python, Scikit-Learn, PyTorch, and ML model training experience. (Job Posting Ref 52)",,,,PENDING
PAIR_0768,RES_DAT_0307,JOB_QA _0107,"Data Scientist proficient in Python, R, Statistical Modeling, NLP, Scikit-Learn, and PowerBI. Experience in predictive modeling. (Candidate Ref 307)","Hiring QA Automation Engineer with strong Java, Selenium WebDriver, TestNG, and REST API testing skills. (Job Posting Ref 107)",,,,PENDING
PAIR_0769,RES_DAT_0308,JOB_DAT_0068,"Junior Data Analyst with B.Sc in Statistics. Proficient in Python, SQL, Excel data visualization, and basic machine learning algorithms. (Candidate Ref 308)","Machine Learning Engineer position requiring Python, Scikit-Learn, PyTorch, and ML model training experience. (Job Posting Ref 68)",,,,PENDING
PAIR_0770,RES_DAT_0308,JOB_DAT_0069,"Junior Data Analyst with B.Sc in Statistics. Proficient in Python, SQL, Excel data visualization, and basic machine learning algorithms. (Candidate Ref 308)","Hiring Data Analyst with strong SQL, Python (Pandas/NumPy), and Tableau data visualization skills. (Job Posting Ref 69)",,,,PENDING
PAIR_0771,RES_DAT_0309,JOB_DAT_0060,"Data Analyst with expertise in SQL, Python, Pandas, NumPy, Tableau, and Excel. 2 years experience conducting exploratory data analysis and ETL pipelines. (Candidate Ref 309)","Machine Learning Engineer position requiring Python, Scikit-Learn, PyTorch, and ML model training experience. (Job Posting Ref 60)",,,,PENDING
PAIR_0772,RES_DAT_0309,JOB_DAT_0061,"Data Analyst with expertise in SQL, Python, Pandas, NumPy, Tableau, and Excel. 2 years experience conducting exploratory data analysis and ETL pipelines. (Candidate Ref 309)","Hiring Data Analyst with strong SQL, Python (Pandas/NumPy), and Tableau data visualization skills. (Job Posting Ref 61)",,,,PENDING
PAIR_0773,RES_DAT_0309,JOB_DEV_0085,"Data Analyst with expertise in SQL, Python, Pandas, NumPy, Tableau, and Excel. 2 years experience conducting exploratory data analysis and ETL pipelines. (Candidate Ref 309)","Cloud Security & DevOps Specialist required. Mandatory skills: Azure, Docker, Kubernetes, and Linux automation. (Job Posting Ref 85)",,,,PENDING
PAIR_0774,RES_DAT_0310,JOB_DAT_0059,"Machine Learning Engineer skilled in Python, Scikit-Learn, TensorFlow, PyTorch, SQL, and ML model deployment. M.Sc in Data Science. (Candidate Ref 310)","Hiring Data Analyst with strong SQL, Python (Pandas/NumPy), and Tableau data visualization skills. (Job Posting Ref 59)",,,,PENDING
PAIR_0775,RES_DAT_0310,JOB_DAT_0060,"Machine Learning Engineer skilled in Python, Scikit-Learn, TensorFlow, PyTorch, SQL, and ML model deployment. M.Sc in Data Science. (Candidate Ref 310)","Machine Learning Engineer position requiring Python, Scikit-Learn, PyTorch, and ML model training experience. (Job Posting Ref 60)",,,,PENDING
PAIR_0776,RES_DAT_0311,JOB_DAT_0073,"Data Scientist proficient in Python, R, Statistical Modeling, NLP, Scikit-Learn, and PowerBI. Experience in predictive modeling. (Candidate Ref 311)","Hiring Data Analyst with strong SQL, Python (Pandas/NumPy), and Tableau data visualization skills. (Job Posting Ref 73)",,,,PENDING
PAIR_0777,RES_DAT_0311,JOB_DAT_0074,"Data Scientist proficient in Python, R, Statistical Modeling, NLP, Scikit-Learn, and PowerBI. Experience in predictive modeling. (Candidate Ref 311)","Machine Learning Engineer position requiring Python, Scikit-Learn, PyTorch, and ML model training experience. (Job Posting Ref 74)",,,,PENDING
PAIR_0778,RES_DAT_0311,JOB_WEB_0044,"Data Scientist proficient in Python, R, Statistical Modeling, NLP, Scikit-Learn, and PowerBI. Experience in predictive modeling. (Candidate Ref 311)","Seeking React Frontend Developer with 2+ years experience in React.js, JavaScript (ES6+), HTML5/CSS3, and REST API integration. (Job Posting Ref 44)",,,,PENDING
PAIR_0779,RES_DAT_0312,JOB_DAT_0075,"Junior Data Analyst with B.Sc in Statistics. Proficient in Python, SQL, Excel data visualization, and basic machine learning algorithms. (Candidate Ref 312)","Hiring Data Analyst with strong SQL, Python (Pandas/NumPy), and Tableau data visualization skills. (Job Posting Ref 75)",,,,PENDING
PAIR_0780,RES_DAT_0312,JOB_DAT_0051,"Junior Data Analyst with B.Sc in Statistics. Proficient in Python, SQL, Excel data visualization, and basic machine learning algorithms. (Candidate Ref 312)","Hiring Data Analyst with strong SQL, Python (Pandas/NumPy), and Tableau data visualization skills. (Job Posting Ref 51)",,,,PENDING
PAIR_0781,RES_DAT_0313,JOB_DAT_0075,"Data Analyst with expertise in SQL, Python, Pandas, NumPy, Tableau, and Excel. 2 years experience conducting exploratory data analysis and ETL pipelines. (Candidate Ref 313)","Hiring Data Analyst with strong SQL, Python (Pandas/NumPy), and Tableau data visualization skills. (Job Posting Ref 75)",,,,PENDING
PAIR_0782,RES_DAT_0313,JOB_DAT_0051,"Data Analyst with expertise in SQL, Python, Pandas, NumPy, Tableau, and Excel. 2 years experience conducting exploratory data analysis and ETL pipelines. (Candidate Ref 313)","Hiring Data Analyst with strong SQL, Python (Pandas/NumPy), and Tableau data visualization skills. (Job Posting Ref 51)",,,,PENDING
PAIR_0783,RES_DAT_0313,JOB_WEB_0047,"Data Analyst with expertise in SQL, Python, Pandas, NumPy, Tableau, and Excel. 2 years experience conducting exploratory data analysis and ETL pipelines. (Candidate Ref 313)","Full Stack JavaScript Developer needed. Requirements: Node.js, React, MongoDB, and TypeScript. (Job Posting Ref 47)",,,,PENDING
PAIR_0784,RES_DAT_0314,JOB_DAT_0070,"Machine Learning Engineer skilled in Python, Scikit-Learn, TensorFlow, PyTorch, SQL, and ML model deployment. M.Sc in Data Science. (Candidate Ref 314)","Machine Learning Engineer position requiring Python, Scikit-Learn, PyTorch, and ML model training experience. (Job Posting Ref 70)",,,,PENDING
PAIR_0785,RES_DAT_0314,JOB_DAT_0071,"Machine Learning Engineer skilled in Python, Scikit-Learn, TensorFlow, PyTorch, SQL, and ML model deployment. M.Sc in Data Science. (Candidate Ref 314)","Hiring Data Analyst with strong SQL, Python (Pandas/NumPy), and Tableau data visualization skills. (Job Posting Ref 71)",,,,PENDING
PAIR_0786,RES_DAT_0315,JOB_DAT_0068,"Data Scientist proficient in Python, R, Statistical Modeling, NLP, Scikit-Learn, and PowerBI. Experience in predictive modeling. (Candidate Ref 315)","Machine Learning Engineer position requiring Python, Scikit-Learn, PyTorch, and ML model training experience. (Job Posting Ref 68)",,,,PENDING
PAIR_0787,RES_DAT_0315,JOB_DAT_0069,"Data Scientist proficient in Python, R, Statistical Modeling, NLP, Scikit-Learn, and PowerBI. Experience in predictive modeling. (Candidate Ref 315)","Hiring Data Analyst with strong SQL, Python (Pandas/NumPy), and Tableau data visualization skills. (Job Posting Ref 69)",,,,PENDING
PAIR_0788,RES_DAT_0315,JOB_DEV_0083,"Data Scientist proficient in Python, R, Statistical Modeling, NLP, Scikit-Learn, and PowerBI. Experience in predictive modeling. (Candidate Ref 315)","Cloud Security & DevOps Specialist required. Mandatory skills: Azure, Docker, Kubernetes, and Linux automation. (Job Posting Ref 83)",,,,PENDING
PAIR_0789,RES_DAT_0316,JOB_DAT_0067,"Junior Data Analyst with B.Sc in Statistics. Proficient in Python, SQL, Excel data visualization, and basic machine learning algorithms. (Candidate Ref 316)","Hiring Data Analyst with strong SQL, Python (Pandas/NumPy), and Tableau data visualization skills. (Job Posting Ref 67)",,,,PENDING
PAIR_0790,RES_DAT_0316,JOB_DAT_0068,"Junior Data Analyst with B.Sc in Statistics. Proficient in Python, SQL, Excel data visualization, and basic machine learning algorithms. (Candidate Ref 316)","Machine Learning Engineer position requiring Python, Scikit-Learn, PyTorch, and ML model training experience. (Job Posting Ref 68)",,,,PENDING
PAIR_0791,RES_DAT_0317,JOB_DAT_0057,"Data Analyst with expertise in SQL, Python, Pandas, NumPy, Tableau, and Excel. 2 years experience conducting exploratory data analysis and ETL pipelines. (Candidate Ref 317)","Hiring Data Analyst with strong SQL, Python (Pandas/NumPy), and Tableau data visualization skills. (Job Posting Ref 57)",,,,PENDING
PAIR_0792,RES_DAT_0317,JOB_DAT_0058,"Data Analyst with expertise in SQL, Python, Pandas, NumPy, Tableau, and Excel. 2 years experience conducting exploratory data analysis and ETL pipelines. (Candidate Ref 317)","Machine Learning Engineer position requiring Python, Scikit-Learn, PyTorch, and ML model training experience. (Job Posting Ref 58)",,,,PENDING
PAIR_0793,RES_DAT_0317,JOB_QA _0120,"Data Analyst with expertise in SQL, Python, Pandas, NumPy, Tableau, and Excel. 2 years experience conducting exploratory data analysis and ETL pipelines. (Candidate Ref 317)","Senior Software Quality Assurance Lead requiring Selenium, Python automation, Postman API testing, and Jira defect tracking. (Job Posting Ref 120)",,,,PENDING
PAIR_0794,RES_DAT_0318,JOB_DAT_0056,"Machine Learning Engineer skilled in Python, Scikit-Learn, TensorFlow, PyTorch, SQL, and ML model deployment. M.Sc in Data Science. (Candidate Ref 318)","Machine Learning Engineer position requiring Python, Scikit-Learn, PyTorch, and ML model training experience. (Job Posting Ref 56)",,,,PENDING
PAIR_0795,RES_DAT_0318,JOB_DAT_0057,"Machine Learning Engineer skilled in Python, Scikit-Learn, TensorFlow, PyTorch, SQL, and ML model deployment. M.Sc in Data Science. (Candidate Ref 318)","Hiring Data Analyst with strong SQL, Python (Pandas/NumPy), and Tableau data visualization skills. (Job Posting Ref 57)",,,,PENDING
PAIR_0796,RES_DAT_0319,JOB_DAT_0066,"Data Scientist proficient in Python, R, Statistical Modeling, NLP, Scikit-Learn, and PowerBI. Experience in predictive modeling. (Candidate Ref 319)","Machine Learning Engineer position requiring Python, Scikit-Learn, PyTorch, and ML model training experience. (Job Posting Ref 66)",,,,PENDING
PAIR_0797,RES_DAT_0319,JOB_DAT_0067,"Data Scientist proficient in Python, R, Statistical Modeling, NLP, Scikit-Learn, and PowerBI. Experience in predictive modeling. (Candidate Ref 319)","Hiring Data Analyst with strong SQL, Python (Pandas/NumPy), and Tableau data visualization skills. (Job Posting Ref 67)",,,,PENDING
PAIR_0798,RES_DAT_0319,JOB_WEB_0026,"Data Scientist proficient in Python, R, Statistical Modeling, NLP, Scikit-Learn, and PowerBI. Experience in predictive modeling. (Candidate Ref 319)","Seeking React Frontend Developer with 2+ years experience in React.js, JavaScript (ES6+), HTML5/CSS3, and REST API integration. (Job Posting Ref 26)",,,,PENDING
PAIR_0799,RES_DAT_0320,JOB_DAT_0052,"Junior Data Analyst with B.Sc in Statistics. Proficient in Python, SQL, Excel data visualization, and basic machine learning algorithms. (Candidate Ref 320)","Machine Learning Engineer position requiring Python, Scikit-Learn, PyTorch, and ML model training experience. (Job Posting Ref 52)",,,,PENDING
PAIR_0800,RES_DAT_0320,JOB_DAT_0053,"Junior Data Analyst with B.Sc in Statistics. Proficient in Python, SQL, Excel data visualization, and basic machine learning algorithms. (Candidate Ref 320)","Hiring Data Analyst with strong SQL, Python (Pandas/NumPy), and Tableau data visualization skills. (Job Posting Ref 53)",,,,PENDING
PAIR_0801,RES_DAT_0321,JOB_DAT_0058,"Data Analyst with expertise in SQL, Python, Pandas, NumPy, Tableau, and Excel. 2 years experience conducting exploratory data analysis and ETL pipelines. (Candidate Ref 321)","Machine Learning Engineer position requiring Python, Scikit-Learn, PyTorch, and ML model training experience. (Job Posting Ref 58)",,,,PENDING
PAIR_0802,RES_DAT_0321,JOB_DAT_0059,"Data Analyst with expertise in SQL, Python, Pandas, NumPy, Tableau, and Excel. 2 years experience conducting exploratory data analysis and ETL pipelines. (Candidate Ref 321)","Hiring Data Analyst with strong SQL, Python (Pandas/NumPy), and Tableau data visualization skills. (Job Posting Ref 59)",,,,PENDING
PAIR_0803,RES_DAT_0321,JOB_QA _0124,"Data Analyst with expertise in SQL, Python, Pandas, NumPy, Tableau, and Excel. 2 years experience conducting exploratory data analysis and ETL pipelines. (Candidate Ref 321)","Senior Software Quality Assurance Lead requiring Selenium, Python automation, Postman API testing, and Jira defect tracking. (Job Posting Ref 124)",,,,PENDING
PAIR_0804,RES_DAT_0322,JOB_DAT_0066,"Machine Learning Engineer skilled in Python, Scikit-Learn, TensorFlow, PyTorch, SQL, and ML model deployment. M.Sc in Data Science. (Candidate Ref 322)","Machine Learning Engineer position requiring Python, Scikit-Learn, PyTorch, and ML model training experience. (Job Posting Ref 66)",,,,PENDING
PAIR_0805,RES_DAT_0322,JOB_DAT_0067,"Machine Learning Engineer skilled in Python, Scikit-Learn, TensorFlow, PyTorch, SQL, and ML model deployment. M.Sc in Data Science. (Candidate Ref 322)","Hiring Data Analyst with strong SQL, Python (Pandas/NumPy), and Tableau data visualization skills. (Job Posting Ref 67)",,,,PENDING
PAIR_0806,RES_DAT_0323,JOB_DAT_0074,"Data Scientist proficient in Python, R, Statistical Modeling, NLP, Scikit-Learn, and PowerBI. Experience in predictive modeling. (Candidate Ref 323)","Machine Learning Engineer position requiring Python, Scikit-Learn, PyTorch, and ML model training experience. (Job Posting Ref 74)",,,,PENDING
PAIR_0807,RES_DAT_0323,JOB_DAT_0075,"Data Scientist proficient in Python, R, Statistical Modeling, NLP, Scikit-Learn, and PowerBI. Experience in predictive modeling. (Candidate Ref 323)","Hiring Data Analyst with strong SQL, Python (Pandas/NumPy), and Tableau data visualization skills. (Job Posting Ref 75)",,,,PENDING
PAIR_0808,RES_DAT_0323,JOB_WEB_0031,"Data Scientist proficient in Python, R, Statistical Modeling, NLP, Scikit-Learn, and PowerBI. Experience in predictive modeling. (Candidate Ref 323)","Full Stack JavaScript Developer needed. Requirements: Node.js, React, MongoDB, and TypeScript. (Job Posting Ref 31)",,,,PENDING
PAIR_0809,RES_DAT_0324,JOB_DAT_0068,"Junior Data Analyst with B.Sc in Statistics. Proficient in Python, SQL, Excel data visualization, and basic machine learning algorithms. (Candidate Ref 324)","Machine Learning Engineer position requiring Python, Scikit-Learn, PyTorch, and ML model training experience. (Job Posting Ref 68)",,,,PENDING
PAIR_0810,RES_DAT_0324,JOB_DAT_0069,"Junior Data Analyst with B.Sc in Statistics. Proficient in Python, SQL, Excel data visualization, and basic machine learning algorithms. (Candidate Ref 324)","Hiring Data Analyst with strong SQL, Python (Pandas/NumPy), and Tableau data visualization skills. (Job Posting Ref 69)",,,,PENDING
PAIR_0811,RES_DAT_0325,JOB_DAT_0062,"Data Analyst with expertise in SQL, Python, Pandas, NumPy, Tableau, and Excel. 2 years experience conducting exploratory data analysis and ETL pipelines. (Candidate Ref 325)","Machine Learning Engineer position requiring Python, Scikit-Learn, PyTorch, and ML model training experience. (Job Posting Ref 62)",,,,PENDING
PAIR_0812,RES_DAT_0325,JOB_DAT_0063,"Data Analyst with expertise in SQL, Python, Pandas, NumPy, Tableau, and Excel. 2 years experience conducting exploratory data analysis and ETL pipelines. (Candidate Ref 325)","Hiring Data Analyst with strong SQL, Python (Pandas/NumPy), and Tableau data visualization skills. (Job Posting Ref 63)",,,,PENDING
PAIR_0813,RES_DAT_0325,JOB_DEV_0080,"Data Analyst with expertise in SQL, Python, Pandas, NumPy, Tableau, and Excel. 2 years experience conducting exploratory data analysis and ETL pipelines. (Candidate Ref 325)","Looking for DevOps Engineer with experience in AWS, Docker, Kubernetes, CI/CD pipelines, and Terraform. (Job Posting Ref 80)",,,,PENDING
PAIR_0814,RES_DAT_0326,JOB_DAT_0067,"Machine Learning Engineer skilled in Python, Scikit-Learn, TensorFlow, PyTorch, SQL, and ML model deployment. M.Sc in Data Science. (Candidate Ref 326)","Hiring Data Analyst with strong SQL, Python (Pandas/NumPy), and Tableau data visualization skills. (Job Posting Ref 67)",,,,PENDING
PAIR_0815,RES_DAT_0326,JOB_DAT_0068,"Machine Learning Engineer skilled in Python, Scikit-Learn, TensorFlow, PyTorch, SQL, and ML model deployment. M.Sc in Data Science. (Candidate Ref 326)","Machine Learning Engineer position requiring Python, Scikit-Learn, PyTorch, and ML model training experience. (Job Posting Ref 68)",,,,PENDING
PAIR_0816,RES_DAT_0327,JOB_DAT_0052,"Data Scientist proficient in Python, R, Statistical Modeling, NLP, Scikit-Learn, and PowerBI. Experience in predictive modeling. (Candidate Ref 327)","Machine Learning Engineer position requiring Python, Scikit-Learn, PyTorch, and ML model training experience. (Job Posting Ref 52)",,,,PENDING
PAIR_0817,RES_DAT_0327,JOB_DAT_0053,"Data Scientist proficient in Python, R, Statistical Modeling, NLP, Scikit-Learn, and PowerBI. Experience in predictive modeling. (Candidate Ref 327)","Hiring Data Analyst with strong SQL, Python (Pandas/NumPy), and Tableau data visualization skills. (Job Posting Ref 53)",,,,PENDING
PAIR_0818,RES_DAT_0327,JOB_QA _0116,"Data Scientist proficient in Python, R, Statistical Modeling, NLP, Scikit-Learn, and PowerBI. Experience in predictive modeling. (Candidate Ref 327)","Senior Software Quality Assurance Lead requiring Selenium, Python automation, Postman API testing, and Jira defect tracking. (Job Posting Ref 116)",,,,PENDING
PAIR_0819,RES_DAT_0328,JOB_DAT_0073,"Junior Data Analyst with B.Sc in Statistics. Proficient in Python, SQL, Excel data visualization, and basic machine learning algorithms. (Candidate Ref 328)","Hiring Data Analyst with strong SQL, Python (Pandas/NumPy), and Tableau data visualization skills. (Job Posting Ref 73)",,,,PENDING
PAIR_0820,RES_DAT_0328,JOB_DAT_0074,"Junior Data Analyst with B.Sc in Statistics. Proficient in Python, SQL, Excel data visualization, and basic machine learning algorithms. (Candidate Ref 328)","Machine Learning Engineer position requiring Python, Scikit-Learn, PyTorch, and ML model training experience. (Job Posting Ref 74)",,,,PENDING
PAIR_0821,RES_DAT_0329,JOB_DAT_0060,"Data Analyst with expertise in SQL, Python, Pandas, NumPy, Tableau, and Excel. 2 years experience conducting exploratory data analysis and ETL pipelines. (Candidate Ref 329)","Machine Learning Engineer position requiring Python, Scikit-Learn, PyTorch, and ML model training experience. (Job Posting Ref 60)",,,,PENDING
PAIR_0822,RES_DAT_0329,JOB_DAT_0061,"Data Analyst with expertise in SQL, Python, Pandas, NumPy, Tableau, and Excel. 2 years experience conducting exploratory data analysis and ETL pipelines. (Candidate Ref 329)","Hiring Data Analyst with strong SQL, Python (Pandas/NumPy), and Tableau data visualization skills. (Job Posting Ref 61)",,,,PENDING
PAIR_0823,RES_DAT_0329,JOB_SOF_0005,"Data Analyst with expertise in SQL, Python, Pandas, NumPy, Tableau, and Excel. 2 years experience conducting exploratory data analysis and ETL pipelines. (Candidate Ref 329)","Looking for Backend Java Developer with 2-4 years experience in Java, Spring Boot, REST APIs, and MySQL. (Job Posting Ref 5)",,,,PENDING
PAIR_0824,RES_DAT_0330,JOB_DAT_0064,"Machine Learning Engineer skilled in Python, Scikit-Learn, TensorFlow, PyTorch, SQL, and ML model deployment. M.Sc in Data Science. (Candidate Ref 330)","Machine Learning Engineer position requiring Python, Scikit-Learn, PyTorch, and ML model training experience. (Job Posting Ref 64)",,,,PENDING
PAIR_0825,RES_DAT_0330,JOB_DAT_0065,"Machine Learning Engineer skilled in Python, Scikit-Learn, TensorFlow, PyTorch, SQL, and ML model deployment. M.Sc in Data Science. (Candidate Ref 330)","Hiring Data Analyst with strong SQL, Python (Pandas/NumPy), and Tableau data visualization skills. (Job Posting Ref 65)",,,,PENDING
PAIR_0826,RES_DAT_0331,JOB_DAT_0072,"Data Scientist proficient in Python, R, Statistical Modeling, NLP, Scikit-Learn, and PowerBI. Experience in predictive modeling. (Candidate Ref 331)","Machine Learning Engineer position requiring Python, Scikit-Learn, PyTorch, and ML model training experience. (Job Posting Ref 72)",,,,PENDING
PAIR_0827,RES_DAT_0331,JOB_DAT_0073,"Data Scientist proficient in Python, R, Statistical Modeling, NLP, Scikit-Learn, and PowerBI. Experience in predictive modeling. (Candidate Ref 331)","Hiring Data Analyst with strong SQL, Python (Pandas/NumPy), and Tableau data visualization skills. (Job Posting Ref 73)",,,,PENDING
PAIR_0828,RES_DAT_0331,JOB_DEV_0100,"Data Scientist proficient in Python, R, Statistical Modeling, NLP, Scikit-Learn, and PowerBI. Experience in predictive modeling. (Candidate Ref 331)","Looking for DevOps Engineer with experience in AWS, Docker, Kubernetes, CI/CD pipelines, and Terraform. (Job Posting Ref 100)",,,,PENDING
PAIR_0829,RES_DAT_0332,JOB_DAT_0075,"Junior Data Analyst with B.Sc in Statistics. Proficient in Python, SQL, Excel data visualization, and basic machine learning algorithms. (Candidate Ref 332)","Hiring Data Analyst with strong SQL, Python (Pandas/NumPy), and Tableau data visualization skills. (Job Posting Ref 75)",,,,PENDING
PAIR_0830,RES_DAT_0332,JOB_DAT_0051,"Junior Data Analyst with B.Sc in Statistics. Proficient in Python, SQL, Excel data visualization, and basic machine learning algorithms. (Candidate Ref 332)","Hiring Data Analyst with strong SQL, Python (Pandas/NumPy), and Tableau data visualization skills. (Job Posting Ref 51)",,,,PENDING
PAIR_0831,RES_DAT_0333,JOB_DAT_0067,"Data Analyst with expertise in SQL, Python, Pandas, NumPy, Tableau, and Excel. 2 years experience conducting exploratory data analysis and ETL pipelines. (Candidate Ref 333)","Hiring Data Analyst with strong SQL, Python (Pandas/NumPy), and Tableau data visualization skills. (Job Posting Ref 67)",,,,PENDING
PAIR_0832,RES_DAT_0333,JOB_DAT_0068,"Data Analyst with expertise in SQL, Python, Pandas, NumPy, Tableau, and Excel. 2 years experience conducting exploratory data analysis and ETL pipelines. (Candidate Ref 333)","Machine Learning Engineer position requiring Python, Scikit-Learn, PyTorch, and ML model training experience. (Job Posting Ref 68)",,,,PENDING
PAIR_0833,RES_DAT_0333,JOB_SOF_0004,"Data Analyst with expertise in SQL, Python, Pandas, NumPy, Tableau, and Excel. 2 years experience conducting exploratory data analysis and ETL pipelines. (Candidate Ref 333)","Senior Java Microservices Architect requiring 5+ years experience in Java 17, Spring Cloud, AWS, and Docker. (Job Posting Ref 4)",,,,PENDING
PAIR_0834,RES_DAT_0334,JOB_DAT_0074,"Machine Learning Engineer skilled in Python, Scikit-Learn, TensorFlow, PyTorch, SQL, and ML model deployment. M.Sc in Data Science. (Candidate Ref 334)","Machine Learning Engineer position requiring Python, Scikit-Learn, PyTorch, and ML model training experience. (Job Posting Ref 74)",,,,PENDING
PAIR_0835,RES_DAT_0334,JOB_DAT_0075,"Machine Learning Engineer skilled in Python, Scikit-Learn, TensorFlow, PyTorch, SQL, and ML model deployment. M.Sc in Data Science. (Candidate Ref 334)","Hiring Data Analyst with strong SQL, Python (Pandas/NumPy), and Tableau data visualization skills. (Job Posting Ref 75)",,,,PENDING
PAIR_0836,RES_DAT_0335,JOB_DAT_0052,"Data Scientist proficient in Python, R, Statistical Modeling, NLP, Scikit-Learn, and PowerBI. Experience in predictive modeling. (Candidate Ref 335)","Machine Learning Engineer position requiring Python, Scikit-Learn, PyTorch, and ML model training experience. (Job Posting Ref 52)",,,,PENDING
PAIR_0837,RES_DAT_0335,JOB_DAT_0053,"Data Scientist proficient in Python, R, Statistical Modeling, NLP, Scikit-Learn, and PowerBI. Experience in predictive modeling. (Candidate Ref 335)","Hiring Data Analyst with strong SQL, Python (Pandas/NumPy), and Tableau data visualization skills. (Job Posting Ref 53)",,,,PENDING
PAIR_0838,RES_DAT_0335,JOB_QA _0117,"Data Scientist proficient in Python, R, Statistical Modeling, NLP, Scikit-Learn, and PowerBI. Experience in predictive modeling. (Candidate Ref 335)","Hiring QA Automation Engineer with strong Java, Selenium WebDriver, TestNG, and REST API testing skills. (Job Posting Ref 117)",,,,PENDING
PAIR_0839,RES_DAT_0336,JOB_DAT_0074,"Junior Data Analyst with B.Sc in Statistics. Proficient in Python, SQL, Excel data visualization, and basic machine learning algorithms. (Candidate Ref 336)","Machine Learning Engineer position requiring Python, Scikit-Learn, PyTorch, and ML model training experience. (Job Posting Ref 74)",,,,PENDING
PAIR_0840,RES_DAT_0336,JOB_DAT_0075,"Junior Data Analyst with B.Sc in Statistics. Proficient in Python, SQL, Excel data visualization, and basic machine learning algorithms. (Candidate Ref 336)","Hiring Data Analyst with strong SQL, Python (Pandas/NumPy), and Tableau data visualization skills. (Job Posting Ref 75)",,,,PENDING
PAIR_0841,RES_DAT_0337,JOB_DAT_0051,"Data Analyst with expertise in SQL, Python, Pandas, NumPy, Tableau, and Excel. 2 years experience conducting exploratory data analysis and ETL pipelines. (Candidate Ref 337)","Hiring Data Analyst with strong SQL, Python (Pandas/NumPy), and Tableau data visualization skills. (Job Posting Ref 51)",,,,PENDING
PAIR_0842,RES_DAT_0337,JOB_DAT_0052,"Data Analyst with expertise in SQL, Python, Pandas, NumPy, Tableau, and Excel. 2 years experience conducting exploratory data analysis and ETL pipelines. (Candidate Ref 337)","Machine Learning Engineer position requiring Python, Scikit-Learn, PyTorch, and ML model training experience. (Job Posting Ref 52)",,,,PENDING
PAIR_0843,RES_DAT_0337,JOB_DEV_0096,"Data Analyst with expertise in SQL, Python, Pandas, NumPy, Tableau, and Excel. 2 years experience conducting exploratory data analysis and ETL pipelines. (Candidate Ref 337)","Looking for DevOps Engineer with experience in AWS, Docker, Kubernetes, CI/CD pipelines, and Terraform. (Job Posting Ref 96)",,,,PENDING
PAIR_0844,RES_DAT_0338,JOB_DAT_0054,"Machine Learning Engineer skilled in Python, Scikit-Learn, TensorFlow, PyTorch, SQL, and ML model deployment. M.Sc in Data Science. (Candidate Ref 338)","Machine Learning Engineer position requiring Python, Scikit-Learn, PyTorch, and ML model training experience. (Job Posting Ref 54)",,,,PENDING
PAIR_0845,RES_DAT_0338,JOB_DAT_0055,"Machine Learning Engineer skilled in Python, Scikit-Learn, TensorFlow, PyTorch, SQL, and ML model deployment. M.Sc in Data Science. (Candidate Ref 338)","Hiring Data Analyst with strong SQL, Python (Pandas/NumPy), and Tableau data visualization skills. (Job Posting Ref 55)",,,,PENDING
PAIR_0846,RES_DAT_0339,JOB_DAT_0071,"Data Scientist proficient in Python, R, Statistical Modeling, NLP, Scikit-Learn, and PowerBI. Experience in predictive modeling. (Candidate Ref 339)","Hiring Data Analyst with strong SQL, Python (Pandas/NumPy), and Tableau data visualization skills. (Job Posting Ref 71)",,,,PENDING
PAIR_0847,RES_DAT_0339,JOB_DAT_0072,"Data Scientist proficient in Python, R, Statistical Modeling, NLP, Scikit-Learn, and PowerBI. Experience in predictive modeling. (Candidate Ref 339)","Machine Learning Engineer position requiring Python, Scikit-Learn, PyTorch, and ML model training experience. (Job Posting Ref 72)",,,,PENDING
PAIR_0848,RES_DAT_0339,JOB_SOF_0005,"Data Scientist proficient in Python, R, Statistical Modeling, NLP, Scikit-Learn, and PowerBI. Experience in predictive modeling. (Candidate Ref 339)","Looking for Backend Java Developer with 2-4 years experience in Java, Spring Boot, REST APIs, and MySQL. (Job Posting Ref 5)",,,,PENDING
PAIR_0849,RES_DAT_0340,JOB_DAT_0075,"Junior Data Analyst with B.Sc in Statistics. Proficient in Python, SQL, Excel data visualization, and basic machine learning algorithms. (Candidate Ref 340)","Hiring Data Analyst with strong SQL, Python (Pandas/NumPy), and Tableau data visualization skills. (Job Posting Ref 75)",,,,PENDING
PAIR_0850,RES_DAT_0340,JOB_DAT_0051,"Junior Data Analyst with B.Sc in Statistics. Proficient in Python, SQL, Excel data visualization, and basic machine learning algorithms. (Candidate Ref 340)","Hiring Data Analyst with strong SQL, Python (Pandas/NumPy), and Tableau data visualization skills. (Job Posting Ref 51)",,,,PENDING
PAIR_0851,RES_DAT_0341,JOB_DAT_0070,"Data Analyst with expertise in SQL, Python, Pandas, NumPy, Tableau, and Excel. 2 years experience conducting exploratory data analysis and ETL pipelines. (Candidate Ref 341)","Machine Learning Engineer position requiring Python, Scikit-Learn, PyTorch, and ML model training experience. (Job Posting Ref 70)",,,,PENDING
PAIR_0852,RES_DAT_0341,JOB_DAT_0071,"Data Analyst with expertise in SQL, Python, Pandas, NumPy, Tableau, and Excel. 2 years experience conducting exploratory data analysis and ETL pipelines. (Candidate Ref 341)","Hiring Data Analyst with strong SQL, Python (Pandas/NumPy), and Tableau data visualization skills. (Job Posting Ref 71)",,,,PENDING
PAIR_0853,RES_DAT_0341,JOB_WEB_0034,"Data Analyst with expertise in SQL, Python, Pandas, NumPy, Tableau, and Excel. 2 years experience conducting exploratory data analysis and ETL pipelines. (Candidate Ref 341)","Seeking React Frontend Developer with 2+ years experience in React.js, JavaScript (ES6+), HTML5/CSS3, and REST API integration. (Job Posting Ref 34)",,,,PENDING
PAIR_0854,RES_DAT_0342,JOB_DAT_0075,"Machine Learning Engineer skilled in Python, Scikit-Learn, TensorFlow, PyTorch, SQL, and ML model deployment. M.Sc in Data Science. (Candidate Ref 342)","Hiring Data Analyst with strong SQL, Python (Pandas/NumPy), and Tableau data visualization skills. (Job Posting Ref 75)",,,,PENDING
PAIR_0855,RES_DAT_0342,JOB_DAT_0051,"Machine Learning Engineer skilled in Python, Scikit-Learn, TensorFlow, PyTorch, SQL, and ML model deployment. M.Sc in Data Science. (Candidate Ref 342)","Hiring Data Analyst with strong SQL, Python (Pandas/NumPy), and Tableau data visualization skills. (Job Posting Ref 51)",,,,PENDING
PAIR_0856,RES_DAT_0343,JOB_DAT_0060,"Data Scientist proficient in Python, R, Statistical Modeling, NLP, Scikit-Learn, and PowerBI. Experience in predictive modeling. (Candidate Ref 343)","Machine Learning Engineer position requiring Python, Scikit-Learn, PyTorch, and ML model training experience. (Job Posting Ref 60)",,,,PENDING
PAIR_0857,RES_DAT_0343,JOB_DAT_0061,"Data Scientist proficient in Python, R, Statistical Modeling, NLP, Scikit-Learn, and PowerBI. Experience in predictive modeling. (Candidate Ref 343)","Hiring Data Analyst with strong SQL, Python (Pandas/NumPy), and Tableau data visualization skills. (Job Posting Ref 61)",,,,PENDING
PAIR_0858,RES_DAT_0343,JOB_SOF_0022,"Data Scientist proficient in Python, R, Statistical Modeling, NLP, Scikit-Learn, and PowerBI. Experience in predictive modeling. (Candidate Ref 343)","Senior Java Microservices Architect requiring 5+ years experience in Java 17, Spring Cloud, AWS, and Docker. (Job Posting Ref 22)",,,,PENDING
PAIR_0859,RES_DAT_0344,JOB_DAT_0058,"Junior Data Analyst with B.Sc in Statistics. Proficient in Python, SQL, Excel data visualization, and basic machine learning algorithms. (Candidate Ref 344)","Machine Learning Engineer position requiring Python, Scikit-Learn, PyTorch, and ML model training experience. (Job Posting Ref 58)",,,,PENDING
PAIR_0860,RES_DAT_0344,JOB_DAT_0059,"Junior Data Analyst with B.Sc in Statistics. Proficient in Python, SQL, Excel data visualization, and basic machine learning algorithms. (Candidate Ref 344)","Hiring Data Analyst with strong SQL, Python (Pandas/NumPy), and Tableau data visualization skills. (Job Posting Ref 59)",,,,PENDING
PAIR_0861,RES_DAT_0345,JOB_DAT_0061,"Data Analyst with expertise in SQL, Python, Pandas, NumPy, Tableau, and Excel. 2 years experience conducting exploratory data analysis and ETL pipelines. (Candidate Ref 345)","Hiring Data Analyst with strong SQL, Python (Pandas/NumPy), and Tableau data visualization skills. (Job Posting Ref 61)",,,,PENDING
PAIR_0862,RES_DAT_0345,JOB_DAT_0062,"Data Analyst with expertise in SQL, Python, Pandas, NumPy, Tableau, and Excel. 2 years experience conducting exploratory data analysis and ETL pipelines. (Candidate Ref 345)","Machine Learning Engineer position requiring Python, Scikit-Learn, PyTorch, and ML model training experience. (Job Posting Ref 62)",,,,PENDING
PAIR_0863,RES_DAT_0345,JOB_DEV_0097,"Data Analyst with expertise in SQL, Python, Pandas, NumPy, Tableau, and Excel. 2 years experience conducting exploratory data analysis and ETL pipelines. (Candidate Ref 345)","Cloud Security & DevOps Specialist required. Mandatory skills: Azure, Docker, Kubernetes, and Linux automation. (Job Posting Ref 97)",,,,PENDING
PAIR_0864,RES_DAT_0346,JOB_DAT_0064,"Machine Learning Engineer skilled in Python, Scikit-Learn, TensorFlow, PyTorch, SQL, and ML model deployment. M.Sc in Data Science. (Candidate Ref 346)","Machine Learning Engineer position requiring Python, Scikit-Learn, PyTorch, and ML model training experience. (Job Posting Ref 64)",,,,PENDING
PAIR_0865,RES_DAT_0346,JOB_DAT_0065,"Machine Learning Engineer skilled in Python, Scikit-Learn, TensorFlow, PyTorch, SQL, and ML model deployment. M.Sc in Data Science. (Candidate Ref 346)","Hiring Data Analyst with strong SQL, Python (Pandas/NumPy), and Tableau data visualization skills. (Job Posting Ref 65)",,,,PENDING
PAIR_0866,RES_DAT_0347,JOB_DAT_0051,"Data Scientist proficient in Python, R, Statistical Modeling, NLP, Scikit-Learn, and PowerBI. Experience in predictive modeling. (Candidate Ref 347)","Hiring Data Analyst with strong SQL, Python (Pandas/NumPy), and Tableau data visualization skills. (Job Posting Ref 51)",,,,PENDING
PAIR_0867,RES_DAT_0347,JOB_DAT_0052,"Data Scientist proficient in Python, R, Statistical Modeling, NLP, Scikit-Learn, and PowerBI. Experience in predictive modeling. (Candidate Ref 347)","Machine Learning Engineer position requiring Python, Scikit-Learn, PyTorch, and ML model training experience. (Job Posting Ref 52)",,,,PENDING
PAIR_0868,RES_DAT_0347,JOB_DEV_0094,"Data Scientist proficient in Python, R, Statistical Modeling, NLP, Scikit-Learn, and PowerBI. Experience in predictive modeling. (Candidate Ref 347)","Looking for DevOps Engineer with experience in AWS, Docker, Kubernetes, CI/CD pipelines, and Terraform. (Job Posting Ref 94)",,,,PENDING
PAIR_0869,RES_DAT_0348,JOB_DAT_0060,"Junior Data Analyst with B.Sc in Statistics. Proficient in Python, SQL, Excel data visualization, and basic machine learning algorithms. (Candidate Ref 348)","Machine Learning Engineer position requiring Python, Scikit-Learn, PyTorch, and ML model training experience. (Job Posting Ref 60)",,,,PENDING
PAIR_0870,RES_DAT_0348,JOB_DAT_0061,"Junior Data Analyst with B.Sc in Statistics. Proficient in Python, SQL, Excel data visualization, and basic machine learning algorithms. (Candidate Ref 348)","Hiring Data Analyst with strong SQL, Python (Pandas/NumPy), and Tableau data visualization skills. (Job Posting Ref 61)",,,,PENDING
PAIR_0871,RES_DAT_0349,JOB_DAT_0051,"Data Analyst with expertise in SQL, Python, Pandas, NumPy, Tableau, and Excel. 2 years experience conducting exploratory data analysis and ETL pipelines. (Candidate Ref 349)","Hiring Data Analyst with strong SQL, Python (Pandas/NumPy), and Tableau data visualization skills. (Job Posting Ref 51)",,,,PENDING
PAIR_0872,RES_DAT_0349,JOB_DAT_0052,"Data Analyst with expertise in SQL, Python, Pandas, NumPy, Tableau, and Excel. 2 years experience conducting exploratory data analysis and ETL pipelines. (Candidate Ref 349)","Machine Learning Engineer position requiring Python, Scikit-Learn, PyTorch, and ML model training experience. (Job Posting Ref 52)",,,,PENDING
PAIR_0873,RES_DAT_0349,JOB_DEV_0077,"Data Analyst with expertise in SQL, Python, Pandas, NumPy, Tableau, and Excel. 2 years experience conducting exploratory data analysis and ETL pipelines. (Candidate Ref 349)","Cloud Security & DevOps Specialist required. Mandatory skills: Azure, Docker, Kubernetes, and Linux automation. (Job Posting Ref 77)",,,,PENDING
PAIR_0874,RES_DAT_0350,JOB_DAT_0057,"Machine Learning Engineer skilled in Python, Scikit-Learn, TensorFlow, PyTorch, SQL, and ML model deployment. M.Sc in Data Science. (Candidate Ref 350)","Hiring Data Analyst with strong SQL, Python (Pandas/NumPy), and Tableau data visualization skills. (Job Posting Ref 57)",,,,PENDING
PAIR_0875,RES_DAT_0350,JOB_DAT_0058,"Machine Learning Engineer skilled in Python, Scikit-Learn, TensorFlow, PyTorch, SQL, and ML model deployment. M.Sc in Data Science. (Candidate Ref 350)","Machine Learning Engineer position requiring Python, Scikit-Learn, PyTorch, and ML model training experience. (Job Posting Ref 58)",,,,PENDING
PAIR_0876,RES_DAT_0351,JOB_DAT_0056,"Data Scientist proficient in Python, R, Statistical Modeling, NLP, Scikit-Learn, and PowerBI. Experience in predictive modeling. (Candidate Ref 351)","Machine Learning Engineer position requiring Python, Scikit-Learn, PyTorch, and ML model training experience. (Job Posting Ref 56)",,,,PENDING
PAIR_0877,RES_DAT_0351,JOB_DAT_0057,"Data Scientist proficient in Python, R, Statistical Modeling, NLP, Scikit-Learn, and PowerBI. Experience in predictive modeling. (Candidate Ref 351)","Hiring Data Analyst with strong SQL, Python (Pandas/NumPy), and Tableau data visualization skills. (Job Posting Ref 57)",,,,PENDING
PAIR_0878,RES_DAT_0351,JOB_DEV_0093,"Data Scientist proficient in Python, R, Statistical Modeling, NLP, Scikit-Learn, and PowerBI. Experience in predictive modeling. (Candidate Ref 351)","Cloud Security & DevOps Specialist required. Mandatory skills: Azure, Docker, Kubernetes, and Linux automation. (Job Posting Ref 93)",,,,PENDING
PAIR_0879,RES_DAT_0352,JOB_DAT_0074,"Junior Data Analyst with B.Sc in Statistics. Proficient in Python, SQL, Excel data visualization, and basic machine learning algorithms. (Candidate Ref 352)","Machine Learning Engineer position requiring Python, Scikit-Learn, PyTorch, and ML model training experience. (Job Posting Ref 74)",,,,PENDING
PAIR_0880,RES_DAT_0352,JOB_DAT_0075,"Junior Data Analyst with B.Sc in Statistics. Proficient in Python, SQL, Excel data visualization, and basic machine learning algorithms. (Candidate Ref 352)","Hiring Data Analyst with strong SQL, Python (Pandas/NumPy), and Tableau data visualization skills. (Job Posting Ref 75)",,,,PENDING
PAIR_0881,RES_DAT_0353,JOB_DAT_0064,"Data Analyst with expertise in SQL, Python, Pandas, NumPy, Tableau, and Excel. 2 years experience conducting exploratory data analysis and ETL pipelines. (Candidate Ref 353)","Machine Learning Engineer position requiring Python, Scikit-Learn, PyTorch, and ML model training experience. (Job Posting Ref 64)",,,,PENDING
PAIR_0882,RES_DAT_0353,JOB_DAT_0065,"Data Analyst with expertise in SQL, Python, Pandas, NumPy, Tableau, and Excel. 2 years experience conducting exploratory data analysis and ETL pipelines. (Candidate Ref 353)","Hiring Data Analyst with strong SQL, Python (Pandas/NumPy), and Tableau data visualization skills. (Job Posting Ref 65)",,,,PENDING
PAIR_0883,RES_DAT_0353,JOB_WEB_0043,"Data Analyst with expertise in SQL, Python, Pandas, NumPy, Tableau, and Excel. 2 years experience conducting exploratory data analysis and ETL pipelines. (Candidate Ref 353)","Full Stack JavaScript Developer needed. Requirements: Node.js, React, MongoDB, and TypeScript. (Job Posting Ref 43)",,,,PENDING
PAIR_0884,RES_DAT_0354,JOB_DAT_0065,"Machine Learning Engineer skilled in Python, Scikit-Learn, TensorFlow, PyTorch, SQL, and ML model deployment. M.Sc in Data Science. (Candidate Ref 354)","Hiring Data Analyst with strong SQL, Python (Pandas/NumPy), and Tableau data visualization skills. (Job Posting Ref 65)",,,,PENDING
PAIR_0885,RES_DAT_0354,JOB_DAT_0066,"Machine Learning Engineer skilled in Python, Scikit-Learn, TensorFlow, PyTorch, SQL, and ML model deployment. M.Sc in Data Science. (Candidate Ref 354)","Machine Learning Engineer position requiring Python, Scikit-Learn, PyTorch, and ML model training experience. (Job Posting Ref 66)",,,,PENDING
PAIR_0886,RES_DEV_0355,JOB_DEV_0100,"DevOps Engineer with 3 years experience managing AWS cloud infrastructure, Terraform, Docker, Kubernetes, Jenkins CI/CD, and Linux bash scripting. (Candidate Ref 355)","Looking for DevOps Engineer with experience in AWS, Docker, Kubernetes, CI/CD pipelines, and Terraform. (Job Posting Ref 100)",,,,PENDING
PAIR_0887,RES_DEV_0355,JOB_DEV_0076,"DevOps Engineer with 3 years experience managing AWS cloud infrastructure, Terraform, Docker, Kubernetes, Jenkins CI/CD, and Linux bash scripting. (Candidate Ref 355)","Looking for DevOps Engineer with experience in AWS, Docker, Kubernetes, CI/CD pipelines, and Terraform. (Job Posting Ref 76)",,,,PENDING
PAIR_0888,RES_DEV_0355,JOB_QA _0108,"DevOps Engineer with 3 years experience managing AWS cloud infrastructure, Terraform, Docker, Kubernetes, Jenkins CI/CD, and Linux bash scripting. (Candidate Ref 355)","Senior Software Quality Assurance Lead requiring Selenium, Python automation, Postman API testing, and Jira defect tracking. (Job Posting Ref 108)",,,,PENDING
PAIR_0889,RES_DEV_0356,JOB_DEV_0081,"Cloud Infrastructure Engineer skilled in Azure, Docker, Kubernetes, Ansible, Python scripting, and network security configuration. (Candidate Ref 356)","Cloud Security & DevOps Specialist required. Mandatory skills: Azure, Docker, Kubernetes, and Linux automation. (Job Posting Ref 81)",,,,PENDING
PAIR_0890,RES_DEV_0356,JOB_DEV_0082,"Cloud Infrastructure Engineer skilled in Azure, Docker, Kubernetes, Ansible, Python scripting, and network security configuration. (Candidate Ref 356)","Looking for DevOps Engineer with experience in AWS, Docker, Kubernetes, CI/CD pipelines, and Terraform. (Job Posting Ref 82)",,,,PENDING
PAIR_0891,RES_DEV_0357,JOB_DEV_0077,"Site Reliability Engineer (SRE) proficient in Linux system administration, AWS, Prometheus, Grafana, and automated deployment pipelines. (Candidate Ref 357)","Cloud Security & DevOps Specialist required. Mandatory skills: Azure, Docker, Kubernetes, and Linux automation. (Job Posting Ref 77)",,,,PENDING
PAIR_0892,RES_DEV_0357,JOB_DEV_0078,"Site Reliability Engineer (SRE) proficient in Linux system administration, AWS, Prometheus, Grafana, and automated deployment pipelines. (Candidate Ref 357)","Looking for DevOps Engineer with experience in AWS, Docker, Kubernetes, CI/CD pipelines, and Terraform. (Job Posting Ref 78)",,,,PENDING
PAIR_0893,RES_DEV_0357,JOB_DAT_0066,"Site Reliability Engineer (SRE) proficient in Linux system administration, AWS, Prometheus, Grafana, and automated deployment pipelines. (Candidate Ref 357)","Machine Learning Engineer position requiring Python, Scikit-Learn, PyTorch, and ML model training experience. (Job Posting Ref 66)",,,,PENDING
PAIR_0894,RES_DEV_0358,JOB_DEV_0091,"Junior Cloud Systems Administrator with AWS Certified Solutions Architect Associate credential. Knowledge of Docker, Linux, and Shell scripting. (Candidate Ref 358)","Cloud Security & DevOps Specialist required. Mandatory skills: Azure, Docker, Kubernetes, and Linux automation. (Job Posting Ref 91)",,,,PENDING
PAIR_0895,RES_DEV_0358,JOB_DEV_0092,"Junior Cloud Systems Administrator with AWS Certified Solutions Architect Associate credential. Knowledge of Docker, Linux, and Shell scripting. (Candidate Ref 358)","Looking for DevOps Engineer with experience in AWS, Docker, Kubernetes, CI/CD pipelines, and Terraform. (Job Posting Ref 92)",,,,PENDING
PAIR_0896,RES_DEV_0359,JOB_DEV_0076,"DevOps Engineer with 3 years experience managing AWS cloud infrastructure, Terraform, Docker, Kubernetes, Jenkins CI/CD, and Linux bash scripting. (Candidate Ref 359)","Looking for DevOps Engineer with experience in AWS, Docker, Kubernetes, CI/CD pipelines, and Terraform. (Job Posting Ref 76)",,,,PENDING
PAIR_0897,RES_DEV_0359,JOB_DEV_0077,"DevOps Engineer with 3 years experience managing AWS cloud infrastructure, Terraform, Docker, Kubernetes, Jenkins CI/CD, and Linux bash scripting. (Candidate Ref 359)","Cloud Security & DevOps Specialist required. Mandatory skills: Azure, Docker, Kubernetes, and Linux automation. (Job Posting Ref 77)",,,,PENDING
PAIR_0898,RES_DEV_0359,JOB_SOF_0014,"DevOps Engineer with 3 years experience managing AWS cloud infrastructure, Terraform, Docker, Kubernetes, Jenkins CI/CD, and Linux bash scripting. (Candidate Ref 359)","Senior Java Microservices Architect requiring 5+ years experience in Java 17, Spring Cloud, AWS, and Docker. (Job Posting Ref 14)",,,,PENDING
PAIR_0899,RES_DEV_0360,JOB_DEV_0087,"Cloud Infrastructure Engineer skilled in Azure, Docker, Kubernetes, Ansible, Python scripting, and network security configuration. (Candidate Ref 360)","Cloud Security & DevOps Specialist required. Mandatory skills: Azure, Docker, Kubernetes, and Linux automation. (Job Posting Ref 87)",,,,PENDING
PAIR_0900,RES_DEV_0360,JOB_DEV_0088,"Cloud Infrastructure Engineer skilled in Azure, Docker, Kubernetes, Ansible, Python scripting, and network security configuration. (Candidate Ref 360)","Looking for DevOps Engineer with experience in AWS, Docker, Kubernetes, CI/CD pipelines, and Terraform. (Job Posting Ref 88)",,,,PENDING
PAIR_0901,RES_DEV_0361,JOB_DEV_0076,"Site Reliability Engineer (SRE) proficient in Linux system administration, AWS, Prometheus, Grafana, and automated deployment pipelines. (Candidate Ref 361)","Looking for DevOps Engineer with experience in AWS, Docker, Kubernetes, CI/CD pipelines, and Terraform. (Job Posting Ref 76)",,,,PENDING
PAIR_0902,RES_DEV_0361,JOB_DEV_0077,"Site Reliability Engineer (SRE) proficient in Linux system administration, AWS, Prometheus, Grafana, and automated deployment pipelines. (Candidate Ref 361)","Cloud Security & DevOps Specialist required. Mandatory skills: Azure, Docker, Kubernetes, and Linux automation. (Job Posting Ref 77)",,,,PENDING
PAIR_0903,RES_DEV_0361,JOB_SOF_0002,"Site Reliability Engineer (SRE) proficient in Linux system administration, AWS, Prometheus, Grafana, and automated deployment pipelines. (Candidate Ref 361)","Senior Java Microservices Architect requiring 5+ years experience in Java 17, Spring Cloud, AWS, and Docker. (Job Posting Ref 2)",,,,PENDING
PAIR_0904,RES_DEV_0362,JOB_DEV_0085,"Junior Cloud Systems Administrator with AWS Certified Solutions Architect Associate credential. Knowledge of Docker, Linux, and Shell scripting. (Candidate Ref 362)","Cloud Security & DevOps Specialist required. Mandatory skills: Azure, Docker, Kubernetes, and Linux automation. (Job Posting Ref 85)",,,,PENDING
PAIR_0905,RES_DEV_0362,JOB_DEV_0086,"Junior Cloud Systems Administrator with AWS Certified Solutions Architect Associate credential. Knowledge of Docker, Linux, and Shell scripting. (Candidate Ref 362)","Looking for DevOps Engineer with experience in AWS, Docker, Kubernetes, CI/CD pipelines, and Terraform. (Job Posting Ref 86)",,,,PENDING
PAIR_0906,RES_DEV_0363,JOB_DEV_0095,"DevOps Engineer with 3 years experience managing AWS cloud infrastructure, Terraform, Docker, Kubernetes, Jenkins CI/CD, and Linux bash scripting. (Candidate Ref 363)","Cloud Security & DevOps Specialist required. Mandatory skills: Azure, Docker, Kubernetes, and Linux automation. (Job Posting Ref 95)",,,,PENDING
PAIR_0907,RES_DEV_0363,JOB_DEV_0096,"DevOps Engineer with 3 years experience managing AWS cloud infrastructure, Terraform, Docker, Kubernetes, Jenkins CI/CD, and Linux bash scripting. (Candidate Ref 363)","Looking for DevOps Engineer with experience in AWS, Docker, Kubernetes, CI/CD pipelines, and Terraform. (Job Posting Ref 96)",,,,PENDING
PAIR_0908,RES_DEV_0363,JOB_SOF_0011,"DevOps Engineer with 3 years experience managing AWS cloud infrastructure, Terraform, Docker, Kubernetes, Jenkins CI/CD, and Linux bash scripting. (Candidate Ref 363)","Looking for Backend Java Developer with 2-4 years experience in Java, Spring Boot, REST APIs, and MySQL. (Job Posting Ref 11)",,,,PENDING
PAIR_0909,RES_DEV_0364,JOB_DEV_0087,"Cloud Infrastructure Engineer skilled in Azure, Docker, Kubernetes, Ansible, Python scripting, and network security configuration. (Candidate Ref 364)","Cloud Security & DevOps Specialist required. Mandatory skills: Azure, Docker, Kubernetes, and Linux automation. (Job Posting Ref 87)",,,,PENDING
PAIR_0910,RES_DEV_0364,JOB_DEV_0088,"Cloud Infrastructure Engineer skilled in Azure, Docker, Kubernetes, Ansible, Python scripting, and network security configuration. (Candidate Ref 364)","Looking for DevOps Engineer with experience in AWS, Docker, Kubernetes, CI/CD pipelines, and Terraform. (Job Posting Ref 88)",,,,PENDING
PAIR_0911,RES_DEV_0365,JOB_DEV_0100,"Site Reliability Engineer (SRE) proficient in Linux system administration, AWS, Prometheus, Grafana, and automated deployment pipelines. (Candidate Ref 365)","Looking for DevOps Engineer with experience in AWS, Docker, Kubernetes, CI/CD pipelines, and Terraform. (Job Posting Ref 100)",,,,PENDING
PAIR_0912,RES_DEV_0365,JOB_DEV_0076,"Site Reliability Engineer (SRE) proficient in Linux system administration, AWS, Prometheus, Grafana, and automated deployment pipelines. (Candidate Ref 365)","Looking for DevOps Engineer with experience in AWS, Docker, Kubernetes, CI/CD pipelines, and Terraform. (Job Posting Ref 76)",,,,PENDING
PAIR_0913,RES_DEV_0365,JOB_WEB_0028,"Site Reliability Engineer (SRE) proficient in Linux system administration, AWS, Prometheus, Grafana, and automated deployment pipelines. (Candidate Ref 365)","Seeking React Frontend Developer with 2+ years experience in React.js, JavaScript (ES6+), HTML5/CSS3, and REST API integration. (Job Posting Ref 28)",,,,PENDING
PAIR_0914,RES_DEV_0366,JOB_DEV_0099,"Junior Cloud Systems Administrator with AWS Certified Solutions Architect Associate credential. Knowledge of Docker, Linux, and Shell scripting. (Candidate Ref 366)","Cloud Security & DevOps Specialist required. Mandatory skills: Azure, Docker, Kubernetes, and Linux automation. (Job Posting Ref 99)",,,,PENDING
PAIR_0915,RES_DEV_0366,JOB_DEV_0100,"Junior Cloud Systems Administrator with AWS Certified Solutions Architect Associate credential. Knowledge of Docker, Linux, and Shell scripting. (Candidate Ref 366)","Looking for DevOps Engineer with experience in AWS, Docker, Kubernetes, CI/CD pipelines, and Terraform. (Job Posting Ref 100)",,,,PENDING
PAIR_0916,RES_DEV_0367,JOB_DEV_0076,"DevOps Engineer with 3 years experience managing AWS cloud infrastructure, Terraform, Docker, Kubernetes, Jenkins CI/CD, and Linux bash scripting. (Candidate Ref 367)","Looking for DevOps Engineer with experience in AWS, Docker, Kubernetes, CI/CD pipelines, and Terraform. (Job Posting Ref 76)",,,,PENDING
PAIR_0917,RES_DEV_0367,JOB_DEV_0077,"DevOps Engineer with 3 years experience managing AWS cloud infrastructure, Terraform, Docker, Kubernetes, Jenkins CI/CD, and Linux bash scripting. (Candidate Ref 367)","Cloud Security & DevOps Specialist required. Mandatory skills: Azure, Docker, Kubernetes, and Linux automation. (Job Posting Ref 77)",,,,PENDING
PAIR_0918,RES_DEV_0367,JOB_WEB_0049,"DevOps Engineer with 3 years experience managing AWS cloud infrastructure, Terraform, Docker, Kubernetes, Jenkins CI/CD, and Linux bash scripting. (Candidate Ref 367)","Full Stack JavaScript Developer needed. Requirements: Node.js, React, MongoDB, and TypeScript. (Job Posting Ref 49)",,,,PENDING
PAIR_0919,RES_DEV_0368,JOB_DEV_0081,"Cloud Infrastructure Engineer skilled in Azure, Docker, Kubernetes, Ansible, Python scripting, and network security configuration. (Candidate Ref 368)","Cloud Security & DevOps Specialist required. Mandatory skills: Azure, Docker, Kubernetes, and Linux automation. (Job Posting Ref 81)",,,,PENDING
PAIR_0920,RES_DEV_0368,JOB_DEV_0082,"Cloud Infrastructure Engineer skilled in Azure, Docker, Kubernetes, Ansible, Python scripting, and network security configuration. (Candidate Ref 368)","Looking for DevOps Engineer with experience in AWS, Docker, Kubernetes, CI/CD pipelines, and Terraform. (Job Posting Ref 82)",,,,PENDING
PAIR_0921,RES_DEV_0369,JOB_DEV_0089,"Site Reliability Engineer (SRE) proficient in Linux system administration, AWS, Prometheus, Grafana, and automated deployment pipelines. (Candidate Ref 369)","Cloud Security & DevOps Specialist required. Mandatory skills: Azure, Docker, Kubernetes, and Linux automation. (Job Posting Ref 89)",,,,PENDING
PAIR_0922,RES_DEV_0369,JOB_DEV_0090,"Site Reliability Engineer (SRE) proficient in Linux system administration, AWS, Prometheus, Grafana, and automated deployment pipelines. (Candidate Ref 369)","Looking for DevOps Engineer with experience in AWS, Docker, Kubernetes, CI/CD pipelines, and Terraform. (Job Posting Ref 90)",,,,PENDING
PAIR_0923,RES_DEV_0369,JOB_WEB_0037,"Site Reliability Engineer (SRE) proficient in Linux system administration, AWS, Prometheus, Grafana, and automated deployment pipelines. (Candidate Ref 369)","Full Stack JavaScript Developer needed. Requirements: Node.js, React, MongoDB, and TypeScript. (Job Posting Ref 37)",,,,PENDING
PAIR_0924,RES_DEV_0370,JOB_DEV_0094,"Junior Cloud Systems Administrator with AWS Certified Solutions Architect Associate credential. Knowledge of Docker, Linux, and Shell scripting. (Candidate Ref 370)","Looking for DevOps Engineer with experience in AWS, Docker, Kubernetes, CI/CD pipelines, and Terraform. (Job Posting Ref 94)",,,,PENDING
PAIR_0925,RES_DEV_0370,JOB_DEV_0095,"Junior Cloud Systems Administrator with AWS Certified Solutions Architect Associate credential. Knowledge of Docker, Linux, and Shell scripting. (Candidate Ref 370)","Cloud Security & DevOps Specialist required. Mandatory skills: Azure, Docker, Kubernetes, and Linux automation. (Job Posting Ref 95)",,,,PENDING
PAIR_0926,RES_DEV_0371,JOB_DEV_0093,"DevOps Engineer with 3 years experience managing AWS cloud infrastructure, Terraform, Docker, Kubernetes, Jenkins CI/CD, and Linux bash scripting. (Candidate Ref 371)","Cloud Security & DevOps Specialist required. Mandatory skills: Azure, Docker, Kubernetes, and Linux automation. (Job Posting Ref 93)",,,,PENDING
PAIR_0927,RES_DEV_0371,JOB_DEV_0094,"DevOps Engineer with 3 years experience managing AWS cloud infrastructure, Terraform, Docker, Kubernetes, Jenkins CI/CD, and Linux bash scripting. (Candidate Ref 371)","Looking for DevOps Engineer with experience in AWS, Docker, Kubernetes, CI/CD pipelines, and Terraform. (Job Posting Ref 94)",,,,PENDING
PAIR_0928,RES_DEV_0371,JOB_SOF_0015,"DevOps Engineer with 3 years experience managing AWS cloud infrastructure, Terraform, Docker, Kubernetes, Jenkins CI/CD, and Linux bash scripting. (Candidate Ref 371)","Looking for Backend Java Developer with 2-4 years experience in Java, Spring Boot, REST APIs, and MySQL. (Job Posting Ref 15)",,,,PENDING
PAIR_0929,RES_DEV_0372,JOB_DEV_0088,"Cloud Infrastructure Engineer skilled in Azure, Docker, Kubernetes, Ansible, Python scripting, and network security configuration. (Candidate Ref 372)","Looking for DevOps Engineer with experience in AWS, Docker, Kubernetes, CI/CD pipelines, and Terraform. (Job Posting Ref 88)",,,,PENDING
PAIR_0930,RES_DEV_0372,JOB_DEV_0089,"Cloud Infrastructure Engineer skilled in Azure, Docker, Kubernetes, Ansible, Python scripting, and network security configuration. (Candidate Ref 372)","Cloud Security & DevOps Specialist required. Mandatory skills: Azure, Docker, Kubernetes, and Linux automation. (Job Posting Ref 89)",,,,PENDING
PAIR_0931,RES_DEV_0373,JOB_DEV_0092,"Site Reliability Engineer (SRE) proficient in Linux system administration, AWS, Prometheus, Grafana, and automated deployment pipelines. (Candidate Ref 373)","Looking for DevOps Engineer with experience in AWS, Docker, Kubernetes, CI/CD pipelines, and Terraform. (Job Posting Ref 92)",,,,PENDING
PAIR_0932,RES_DEV_0373,JOB_DEV_0093,"Site Reliability Engineer (SRE) proficient in Linux system administration, AWS, Prometheus, Grafana, and automated deployment pipelines. (Candidate Ref 373)","Cloud Security & DevOps Specialist required. Mandatory skills: Azure, Docker, Kubernetes, and Linux automation. (Job Posting Ref 93)",,,,PENDING
PAIR_0933,RES_DEV_0373,JOB_DAT_0068,"Site Reliability Engineer (SRE) proficient in Linux system administration, AWS, Prometheus, Grafana, and automated deployment pipelines. (Candidate Ref 373)","Machine Learning Engineer position requiring Python, Scikit-Learn, PyTorch, and ML model training experience. (Job Posting Ref 68)",,,,PENDING
PAIR_0934,RES_DEV_0374,JOB_DEV_0084,"Junior Cloud Systems Administrator with AWS Certified Solutions Architect Associate credential. Knowledge of Docker, Linux, and Shell scripting. (Candidate Ref 374)","Looking for DevOps Engineer with experience in AWS, Docker, Kubernetes, CI/CD pipelines, and Terraform. (Job Posting Ref 84)",,,,PENDING
PAIR_0935,RES_DEV_0374,JOB_DEV_0085,"Junior Cloud Systems Administrator with AWS Certified Solutions Architect Associate credential. Knowledge of Docker, Linux, and Shell scripting. (Candidate Ref 374)","Cloud Security & DevOps Specialist required. Mandatory skills: Azure, Docker, Kubernetes, and Linux automation. (Job Posting Ref 85)",,,,PENDING
PAIR_0936,RES_DEV_0375,JOB_DEV_0095,"DevOps Engineer with 3 years experience managing AWS cloud infrastructure, Terraform, Docker, Kubernetes, Jenkins CI/CD, and Linux bash scripting. (Candidate Ref 375)","Cloud Security & DevOps Specialist required. Mandatory skills: Azure, Docker, Kubernetes, and Linux automation. (Job Posting Ref 95)",,,,PENDING
PAIR_0937,RES_DEV_0375,JOB_DEV_0096,"DevOps Engineer with 3 years experience managing AWS cloud infrastructure, Terraform, Docker, Kubernetes, Jenkins CI/CD, and Linux bash scripting. (Candidate Ref 375)","Looking for DevOps Engineer with experience in AWS, Docker, Kubernetes, CI/CD pipelines, and Terraform. (Job Posting Ref 96)",,,,PENDING
PAIR_0938,RES_DEV_0375,JOB_SOF_0012,"DevOps Engineer with 3 years experience managing AWS cloud infrastructure, Terraform, Docker, Kubernetes, Jenkins CI/CD, and Linux bash scripting. (Candidate Ref 375)","Senior Java Microservices Architect requiring 5+ years experience in Java 17, Spring Cloud, AWS, and Docker. (Job Posting Ref 12)",,,,PENDING
PAIR_0939,RES_DEV_0376,JOB_DEV_0099,"Cloud Infrastructure Engineer skilled in Azure, Docker, Kubernetes, Ansible, Python scripting, and network security configuration. (Candidate Ref 376)","Cloud Security & DevOps Specialist required. Mandatory skills: Azure, Docker, Kubernetes, and Linux automation. (Job Posting Ref 99)",,,,PENDING
PAIR_0940,RES_DEV_0376,JOB_DEV_0100,"Cloud Infrastructure Engineer skilled in Azure, Docker, Kubernetes, Ansible, Python scripting, and network security configuration. (Candidate Ref 376)","Looking for DevOps Engineer with experience in AWS, Docker, Kubernetes, CI/CD pipelines, and Terraform. (Job Posting Ref 100)",,,,PENDING
PAIR_0941,RES_DEV_0377,JOB_DEV_0088,"Site Reliability Engineer (SRE) proficient in Linux system administration, AWS, Prometheus, Grafana, and automated deployment pipelines. (Candidate Ref 377)","Looking for DevOps Engineer with experience in AWS, Docker, Kubernetes, CI/CD pipelines, and Terraform. (Job Posting Ref 88)",,,,PENDING
PAIR_0942,RES_DEV_0377,JOB_DEV_0089,"Site Reliability Engineer (SRE) proficient in Linux system administration, AWS, Prometheus, Grafana, and automated deployment pipelines. (Candidate Ref 377)","Cloud Security & DevOps Specialist required. Mandatory skills: Azure, Docker, Kubernetes, and Linux automation. (Job Posting Ref 89)",,,,PENDING
PAIR_0943,RES_DEV_0377,JOB_DAT_0054,"Site Reliability Engineer (SRE) proficient in Linux system administration, AWS, Prometheus, Grafana, and automated deployment pipelines. (Candidate Ref 377)","Machine Learning Engineer position requiring Python, Scikit-Learn, PyTorch, and ML model training experience. (Job Posting Ref 54)",,,,PENDING
PAIR_0944,RES_DEV_0378,JOB_DEV_0089,"Junior Cloud Systems Administrator with AWS Certified Solutions Architect Associate credential. Knowledge of Docker, Linux, and Shell scripting. (Candidate Ref 378)","Cloud Security & DevOps Specialist required. Mandatory skills: Azure, Docker, Kubernetes, and Linux automation. (Job Posting Ref 89)",,,,PENDING
PAIR_0945,RES_DEV_0378,JOB_DEV_0090,"Junior Cloud Systems Administrator with AWS Certified Solutions Architect Associate credential. Knowledge of Docker, Linux, and Shell scripting. (Candidate Ref 378)","Looking for DevOps Engineer with experience in AWS, Docker, Kubernetes, CI/CD pipelines, and Terraform. (Job Posting Ref 90)",,,,PENDING
PAIR_0946,RES_DEV_0379,JOB_DEV_0083,"DevOps Engineer with 3 years experience managing AWS cloud infrastructure, Terraform, Docker, Kubernetes, Jenkins CI/CD, and Linux bash scripting. (Candidate Ref 379)","Cloud Security & DevOps Specialist required. Mandatory skills: Azure, Docker, Kubernetes, and Linux automation. (Job Posting Ref 83)",,,,PENDING
PAIR_0947,RES_DEV_0379,JOB_DEV_0084,"DevOps Engineer with 3 years experience managing AWS cloud infrastructure, Terraform, Docker, Kubernetes, Jenkins CI/CD, and Linux bash scripting. (Candidate Ref 379)","Looking for DevOps Engineer with experience in AWS, Docker, Kubernetes, CI/CD pipelines, and Terraform. (Job Posting Ref 84)",,,,PENDING
PAIR_0948,RES_DEV_0379,JOB_DAT_0058,"DevOps Engineer with 3 years experience managing AWS cloud infrastructure, Terraform, Docker, Kubernetes, Jenkins CI/CD, and Linux bash scripting. (Candidate Ref 379)","Machine Learning Engineer position requiring Python, Scikit-Learn, PyTorch, and ML model training experience. (Job Posting Ref 58)",,,,PENDING
PAIR_0949,RES_DEV_0380,JOB_DEV_0088,"Cloud Infrastructure Engineer skilled in Azure, Docker, Kubernetes, Ansible, Python scripting, and network security configuration. (Candidate Ref 380)","Looking for DevOps Engineer with experience in AWS, Docker, Kubernetes, CI/CD pipelines, and Terraform. (Job Posting Ref 88)",,,,PENDING
PAIR_0950,RES_DEV_0380,JOB_DEV_0089,"Cloud Infrastructure Engineer skilled in Azure, Docker, Kubernetes, Ansible, Python scripting, and network security configuration. (Candidate Ref 380)","Cloud Security & DevOps Specialist required. Mandatory skills: Azure, Docker, Kubernetes, and Linux automation. (Job Posting Ref 89)",,,,PENDING
PAIR_0951,RES_DEV_0381,JOB_DEV_0090,"Site Reliability Engineer (SRE) proficient in Linux system administration, AWS, Prometheus, Grafana, and automated deployment pipelines. (Candidate Ref 381)","Looking for DevOps Engineer with experience in AWS, Docker, Kubernetes, CI/CD pipelines, and Terraform. (Job Posting Ref 90)",,,,PENDING
PAIR_0952,RES_DEV_0381,JOB_DEV_0091,"Site Reliability Engineer (SRE) proficient in Linux system administration, AWS, Prometheus, Grafana, and automated deployment pipelines. (Candidate Ref 381)","Cloud Security & DevOps Specialist required. Mandatory skills: Azure, Docker, Kubernetes, and Linux automation. (Job Posting Ref 91)",,,,PENDING
PAIR_0953,RES_DEV_0381,JOB_WEB_0043,"Site Reliability Engineer (SRE) proficient in Linux system administration, AWS, Prometheus, Grafana, and automated deployment pipelines. (Candidate Ref 381)","Full Stack JavaScript Developer needed. Requirements: Node.js, React, MongoDB, and TypeScript. (Job Posting Ref 43)",,,,PENDING
PAIR_0954,RES_DEV_0382,JOB_DEV_0091,"Junior Cloud Systems Administrator with AWS Certified Solutions Architect Associate credential. Knowledge of Docker, Linux, and Shell scripting. (Candidate Ref 382)","Cloud Security & DevOps Specialist required. Mandatory skills: Azure, Docker, Kubernetes, and Linux automation. (Job Posting Ref 91)",,,,PENDING
PAIR_0955,RES_DEV_0382,JOB_DEV_0092,"Junior Cloud Systems Administrator with AWS Certified Solutions Architect Associate credential. Knowledge of Docker, Linux, and Shell scripting. (Candidate Ref 382)","Looking for DevOps Engineer with experience in AWS, Docker, Kubernetes, CI/CD pipelines, and Terraform. (Job Posting Ref 92)",,,,PENDING
PAIR_0956,RES_DEV_0383,JOB_DEV_0090,"DevOps Engineer with 3 years experience managing AWS cloud infrastructure, Terraform, Docker, Kubernetes, Jenkins CI/CD, and Linux bash scripting. (Candidate Ref 383)","Looking for DevOps Engineer with experience in AWS, Docker, Kubernetes, CI/CD pipelines, and Terraform. (Job Posting Ref 90)",,,,PENDING
PAIR_0957,RES_DEV_0383,JOB_DEV_0091,"DevOps Engineer with 3 years experience managing AWS cloud infrastructure, Terraform, Docker, Kubernetes, Jenkins CI/CD, and Linux bash scripting. (Candidate Ref 383)","Cloud Security & DevOps Specialist required. Mandatory skills: Azure, Docker, Kubernetes, and Linux automation. (Job Posting Ref 91)",,,,PENDING
PAIR_0958,RES_DEV_0383,JOB_WEB_0045,"DevOps Engineer with 3 years experience managing AWS cloud infrastructure, Terraform, Docker, Kubernetes, Jenkins CI/CD, and Linux bash scripting. (Candidate Ref 383)","Full Stack JavaScript Developer needed. Requirements: Node.js, React, MongoDB, and TypeScript. (Job Posting Ref 45)",,,,PENDING
PAIR_0959,RES_DEV_0384,JOB_DEV_0100,"Cloud Infrastructure Engineer skilled in Azure, Docker, Kubernetes, Ansible, Python scripting, and network security configuration. (Candidate Ref 384)","Looking for DevOps Engineer with experience in AWS, Docker, Kubernetes, CI/CD pipelines, and Terraform. (Job Posting Ref 100)",,,,PENDING
PAIR_0960,RES_DEV_0384,JOB_DEV_0076,"Cloud Infrastructure Engineer skilled in Azure, Docker, Kubernetes, Ansible, Python scripting, and network security configuration. (Candidate Ref 384)","Looking for DevOps Engineer with experience in AWS, Docker, Kubernetes, CI/CD pipelines, and Terraform. (Job Posting Ref 76)",,,,PENDING
PAIR_0961,RES_DEV_0385,JOB_DEV_0090,"Site Reliability Engineer (SRE) proficient in Linux system administration, AWS, Prometheus, Grafana, and automated deployment pipelines. (Candidate Ref 385)","Looking for DevOps Engineer with experience in AWS, Docker, Kubernetes, CI/CD pipelines, and Terraform. (Job Posting Ref 90)",,,,PENDING
PAIR_0962,RES_DEV_0385,JOB_DEV_0091,"Site Reliability Engineer (SRE) proficient in Linux system administration, AWS, Prometheus, Grafana, and automated deployment pipelines. (Candidate Ref 385)","Cloud Security & DevOps Specialist required. Mandatory skills: Azure, Docker, Kubernetes, and Linux automation. (Job Posting Ref 91)",,,,PENDING
PAIR_0963,RES_DEV_0385,JOB_QA _0108,"Site Reliability Engineer (SRE) proficient in Linux system administration, AWS, Prometheus, Grafana, and automated deployment pipelines. (Candidate Ref 385)","Senior Software Quality Assurance Lead requiring Selenium, Python automation, Postman API testing, and Jira defect tracking. (Job Posting Ref 108)",,,,PENDING
PAIR_0964,RES_DEV_0386,JOB_DEV_0089,"Junior Cloud Systems Administrator with AWS Certified Solutions Architect Associate credential. Knowledge of Docker, Linux, and Shell scripting. (Candidate Ref 386)","Cloud Security & DevOps Specialist required. Mandatory skills: Azure, Docker, Kubernetes, and Linux automation. (Job Posting Ref 89)",,,,PENDING
PAIR_0965,RES_DEV_0386,JOB_DEV_0090,"Junior Cloud Systems Administrator with AWS Certified Solutions Architect Associate credential. Knowledge of Docker, Linux, and Shell scripting. (Candidate Ref 386)","Looking for DevOps Engineer with experience in AWS, Docker, Kubernetes, CI/CD pipelines, and Terraform. (Job Posting Ref 90)",,,,PENDING
PAIR_0966,RES_DEV_0387,JOB_DEV_0080,"DevOps Engineer with 3 years experience managing AWS cloud infrastructure, Terraform, Docker, Kubernetes, Jenkins CI/CD, and Linux bash scripting. (Candidate Ref 387)","Looking for DevOps Engineer with experience in AWS, Docker, Kubernetes, CI/CD pipelines, and Terraform. (Job Posting Ref 80)",,,,PENDING
PAIR_0967,RES_DEV_0387,JOB_DEV_0081,"DevOps Engineer with 3 years experience managing AWS cloud infrastructure, Terraform, Docker, Kubernetes, Jenkins CI/CD, and Linux bash scripting. (Candidate Ref 387)","Cloud Security & DevOps Specialist required. Mandatory skills: Azure, Docker, Kubernetes, and Linux automation. (Job Posting Ref 81)",,,,PENDING
PAIR_0968,RES_DEV_0387,JOB_SOF_0017,"DevOps Engineer with 3 years experience managing AWS cloud infrastructure, Terraform, Docker, Kubernetes, Jenkins CI/CD, and Linux bash scripting. (Candidate Ref 387)","Looking for Backend Java Developer with 2-4 years experience in Java, Spring Boot, REST APIs, and MySQL. (Job Posting Ref 17)",,,,PENDING
PAIR_0969,RES_DEV_0388,JOB_DEV_0096,"Cloud Infrastructure Engineer skilled in Azure, Docker, Kubernetes, Ansible, Python scripting, and network security configuration. (Candidate Ref 388)","Looking for DevOps Engineer with experience in AWS, Docker, Kubernetes, CI/CD pipelines, and Terraform. (Job Posting Ref 96)",,,,PENDING
PAIR_0970,RES_DEV_0388,JOB_DEV_0097,"Cloud Infrastructure Engineer skilled in Azure, Docker, Kubernetes, Ansible, Python scripting, and network security configuration. (Candidate Ref 388)","Cloud Security & DevOps Specialist required. Mandatory skills: Azure, Docker, Kubernetes, and Linux automation. (Job Posting Ref 97)",,,,PENDING
PAIR_0971,RES_DEV_0389,JOB_DEV_0076,"Site Reliability Engineer (SRE) proficient in Linux system administration, AWS, Prometheus, Grafana, and automated deployment pipelines. (Candidate Ref 389)","Looking for DevOps Engineer with experience in AWS, Docker, Kubernetes, CI/CD pipelines, and Terraform. (Job Posting Ref 76)",,,,PENDING
PAIR_0972,RES_DEV_0389,JOB_DEV_0077,"Site Reliability Engineer (SRE) proficient in Linux system administration, AWS, Prometheus, Grafana, and automated deployment pipelines. (Candidate Ref 389)","Cloud Security & DevOps Specialist required. Mandatory skills: Azure, Docker, Kubernetes, and Linux automation. (Job Posting Ref 77)",,,,PENDING
PAIR_0973,RES_DEV_0389,JOB_DAT_0052,"Site Reliability Engineer (SRE) proficient in Linux system administration, AWS, Prometheus, Grafana, and automated deployment pipelines. (Candidate Ref 389)","Machine Learning Engineer position requiring Python, Scikit-Learn, PyTorch, and ML model training experience. (Job Posting Ref 52)",,,,PENDING
PAIR_0974,RES_DEV_0390,JOB_DEV_0095,"Junior Cloud Systems Administrator with AWS Certified Solutions Architect Associate credential. Knowledge of Docker, Linux, and Shell scripting. (Candidate Ref 390)","Cloud Security & DevOps Specialist required. Mandatory skills: Azure, Docker, Kubernetes, and Linux automation. (Job Posting Ref 95)",,,,PENDING
PAIR_0975,RES_DEV_0390,JOB_DEV_0096,"Junior Cloud Systems Administrator with AWS Certified Solutions Architect Associate credential. Knowledge of Docker, Linux, and Shell scripting. (Candidate Ref 390)","Looking for DevOps Engineer with experience in AWS, Docker, Kubernetes, CI/CD pipelines, and Terraform. (Job Posting Ref 96)",,,,PENDING
PAIR_0976,RES_DEV_0391,JOB_DEV_0090,"DevOps Engineer with 3 years experience managing AWS cloud infrastructure, Terraform, Docker, Kubernetes, Jenkins CI/CD, and Linux bash scripting. (Candidate Ref 391)","Looking for DevOps Engineer with experience in AWS, Docker, Kubernetes, CI/CD pipelines, and Terraform. (Job Posting Ref 90)",,,,PENDING
PAIR_0977,RES_DEV_0391,JOB_DEV_0091,"DevOps Engineer with 3 years experience managing AWS cloud infrastructure, Terraform, Docker, Kubernetes, Jenkins CI/CD, and Linux bash scripting. (Candidate Ref 391)","Cloud Security & DevOps Specialist required. Mandatory skills: Azure, Docker, Kubernetes, and Linux automation. (Job Posting Ref 91)",,,,PENDING
PAIR_0978,RES_DEV_0391,JOB_DAT_0057,"DevOps Engineer with 3 years experience managing AWS cloud infrastructure, Terraform, Docker, Kubernetes, Jenkins CI/CD, and Linux bash scripting. (Candidate Ref 391)","Hiring Data Analyst with strong SQL, Python (Pandas/NumPy), and Tableau data visualization skills. (Job Posting Ref 57)",,,,PENDING
PAIR_0979,RES_DEV_0392,JOB_DEV_0094,"Cloud Infrastructure Engineer skilled in Azure, Docker, Kubernetes, Ansible, Python scripting, and network security configuration. (Candidate Ref 392)","Looking for DevOps Engineer with experience in AWS, Docker, Kubernetes, CI/CD pipelines, and Terraform. (Job Posting Ref 94)",,,,PENDING
PAIR_0980,RES_DEV_0392,JOB_DEV_0095,"Cloud Infrastructure Engineer skilled in Azure, Docker, Kubernetes, Ansible, Python scripting, and network security configuration. (Candidate Ref 392)","Cloud Security & DevOps Specialist required. Mandatory skills: Azure, Docker, Kubernetes, and Linux automation. (Job Posting Ref 95)",,,,PENDING
PAIR_0981,RES_DEV_0393,JOB_DEV_0077,"Site Reliability Engineer (SRE) proficient in Linux system administration, AWS, Prometheus, Grafana, and automated deployment pipelines. (Candidate Ref 393)","Cloud Security & DevOps Specialist required. Mandatory skills: Azure, Docker, Kubernetes, and Linux automation. (Job Posting Ref 77)",,,,PENDING
PAIR_0982,RES_DEV_0393,JOB_DEV_0078,"Site Reliability Engineer (SRE) proficient in Linux system administration, AWS, Prometheus, Grafana, and automated deployment pipelines. (Candidate Ref 393)","Looking for DevOps Engineer with experience in AWS, Docker, Kubernetes, CI/CD pipelines, and Terraform. (Job Posting Ref 78)",,,,PENDING
PAIR_0983,RES_DEV_0393,JOB_QA _0109,"Site Reliability Engineer (SRE) proficient in Linux system administration, AWS, Prometheus, Grafana, and automated deployment pipelines. (Candidate Ref 393)","Hiring QA Automation Engineer with strong Java, Selenium WebDriver, TestNG, and REST API testing skills. (Job Posting Ref 109)",,,,PENDING
PAIR_0984,RES_DEV_0394,JOB_DEV_0078,"Junior Cloud Systems Administrator with AWS Certified Solutions Architect Associate credential. Knowledge of Docker, Linux, and Shell scripting. (Candidate Ref 394)","Looking for DevOps Engineer with experience in AWS, Docker, Kubernetes, CI/CD pipelines, and Terraform. (Job Posting Ref 78)",,,,PENDING
PAIR_0985,RES_DEV_0394,JOB_DEV_0079,"Junior Cloud Systems Administrator with AWS Certified Solutions Architect Associate credential. Knowledge of Docker, Linux, and Shell scripting. (Candidate Ref 394)","Cloud Security & DevOps Specialist required. Mandatory skills: Azure, Docker, Kubernetes, and Linux automation. (Job Posting Ref 79)",,,,PENDING
PAIR_0986,RES_DEV_0395,JOB_DEV_0096,"DevOps Engineer with 3 years experience managing AWS cloud infrastructure, Terraform, Docker, Kubernetes, Jenkins CI/CD, and Linux bash scripting. (Candidate Ref 395)","Looking for DevOps Engineer with experience in AWS, Docker, Kubernetes, CI/CD pipelines, and Terraform. (Job Posting Ref 96)",,,,PENDING
PAIR_0987,RES_DEV_0395,JOB_DEV_0097,"DevOps Engineer with 3 years experience managing AWS cloud infrastructure, Terraform, Docker, Kubernetes, Jenkins CI/CD, and Linux bash scripting. (Candidate Ref 395)","Cloud Security & DevOps Specialist required. Mandatory skills: Azure, Docker, Kubernetes, and Linux automation. (Job Posting Ref 97)",,,,PENDING
PAIR_0988,RES_DEV_0395,JOB_SOF_0016,"DevOps Engineer with 3 years experience managing AWS cloud infrastructure, Terraform, Docker, Kubernetes, Jenkins CI/CD, and Linux bash scripting. (Candidate Ref 395)","Senior Java Microservices Architect requiring 5+ years experience in Java 17, Spring Cloud, AWS, and Docker. (Job Posting Ref 16)",,,,PENDING
PAIR_0989,RES_DEV_0396,JOB_DEV_0094,"Cloud Infrastructure Engineer skilled in Azure, Docker, Kubernetes, Ansible, Python scripting, and network security configuration. (Candidate Ref 396)","Looking for DevOps Engineer with experience in AWS, Docker, Kubernetes, CI/CD pipelines, and Terraform. (Job Posting Ref 94)",,,,PENDING
PAIR_0990,RES_DEV_0396,JOB_DEV_0095,"Cloud Infrastructure Engineer skilled in Azure, Docker, Kubernetes, Ansible, Python scripting, and network security configuration. (Candidate Ref 396)","Cloud Security & DevOps Specialist required. Mandatory skills: Azure, Docker, Kubernetes, and Linux automation. (Job Posting Ref 95)",,,,PENDING
PAIR_0991,RES_DEV_0397,JOB_DEV_0098,"Site Reliability Engineer (SRE) proficient in Linux system administration, AWS, Prometheus, Grafana, and automated deployment pipelines. (Candidate Ref 397)","Looking for DevOps Engineer with experience in AWS, Docker, Kubernetes, CI/CD pipelines, and Terraform. (Job Posting Ref 98)",,,,PENDING
PAIR_0992,RES_DEV_0397,JOB_DEV_0099,"Site Reliability Engineer (SRE) proficient in Linux system administration, AWS, Prometheus, Grafana, and automated deployment pipelines. (Candidate Ref 397)","Cloud Security & DevOps Specialist required. Mandatory skills: Azure, Docker, Kubernetes, and Linux automation. (Job Posting Ref 99)",,,,PENDING
PAIR_0993,RES_DEV_0397,JOB_SOF_0025,"Site Reliability Engineer (SRE) proficient in Linux system administration, AWS, Prometheus, Grafana, and automated deployment pipelines. (Candidate Ref 397)","Looking for Backend Java Developer with 2-4 years experience in Java, Spring Boot, REST APIs, and MySQL. (Job Posting Ref 25)",,,,PENDING
PAIR_0994,RES_DEV_0398,JOB_DEV_0088,"Junior Cloud Systems Administrator with AWS Certified Solutions Architect Associate credential. Knowledge of Docker, Linux, and Shell scripting. (Candidate Ref 398)","Looking for DevOps Engineer with experience in AWS, Docker, Kubernetes, CI/CD pipelines, and Terraform. (Job Posting Ref 88)",,,,PENDING
PAIR_0995,RES_DEV_0398,JOB_DEV_0089,"Junior Cloud Systems Administrator with AWS Certified Solutions Architect Associate credential. Knowledge of Docker, Linux, and Shell scripting. (Candidate Ref 398)","Cloud Security & DevOps Specialist required. Mandatory skills: Azure, Docker, Kubernetes, and Linux automation. (Job Posting Ref 89)",,,,PENDING
PAIR_0996,RES_DEV_0399,JOB_DEV_0094,"DevOps Engineer with 3 years experience managing AWS cloud infrastructure, Terraform, Docker, Kubernetes, Jenkins CI/CD, and Linux bash scripting. (Candidate Ref 399)","Looking for DevOps Engineer with experience in AWS, Docker, Kubernetes, CI/CD pipelines, and Terraform. (Job Posting Ref 94)",,,,PENDING
PAIR_0997,RES_DEV_0399,JOB_DEV_0095,"DevOps Engineer with 3 years experience managing AWS cloud infrastructure, Terraform, Docker, Kubernetes, Jenkins CI/CD, and Linux bash scripting. (Candidate Ref 399)","Cloud Security & DevOps Specialist required. Mandatory skills: Azure, Docker, Kubernetes, and Linux automation. (Job Posting Ref 95)",,,,PENDING
PAIR_0998,RES_DEV_0399,JOB_QA _0108,"DevOps Engineer with 3 years experience managing AWS cloud infrastructure, Terraform, Docker, Kubernetes, Jenkins CI/CD, and Linux bash scripting. (Candidate Ref 399)","Senior Software Quality Assurance Lead requiring Selenium, Python automation, Postman API testing, and Jira defect tracking. (Job Posting Ref 108)",,,,PENDING
PAIR_0999,RES_DEV_0400,JOB_DEV_0090,"Cloud Infrastructure Engineer skilled in Azure, Docker, Kubernetes, Ansible, Python scripting, and network security configuration. (Candidate Ref 400)","Looking for DevOps Engineer with experience in AWS, Docker, Kubernetes, CI/CD pipelines, and Terraform. (Job Posting Ref 90)",,,,PENDING
PAIR_1000,RES_DEV_0400,JOB_DEV_0091,"Cloud Infrastructure Engineer skilled in Azure, Docker, Kubernetes, Ansible, Python scripting, and network security configuration. (Candidate Ref 400)","Cloud Security & DevOps Specialist required. Mandatory skills: Azure, Docker, Kubernetes, and Linux automation. (Job Posting Ref 91)",,,,PENDING
PAIR_1001,RES_DEV_0401,JOB_DEV_0097,"Site Reliability Engineer (SRE) proficient in Linux system administration, AWS, Prometheus, Grafana, and automated deployment pipelines. (Candidate Ref 401)","Cloud Security & DevOps Specialist required. Mandatory skills: Azure, Docker, Kubernetes, and Linux automation. (Job Posting Ref 97)",,,,PENDING
PAIR_1002,RES_DEV_0401,JOB_DEV_0098,"Site Reliability Engineer (SRE) proficient in Linux system administration, AWS, Prometheus, Grafana, and automated deployment pipelines. (Candidate Ref 401)","Looking for DevOps Engineer with experience in AWS, Docker, Kubernetes, CI/CD pipelines, and Terraform. (Job Posting Ref 98)",,,,PENDING
PAIR_1003,RES_DEV_0401,JOB_DAT_0060,"Site Reliability Engineer (SRE) proficient in Linux system administration, AWS, Prometheus, Grafana, and automated deployment pipelines. (Candidate Ref 401)","Machine Learning Engineer position requiring Python, Scikit-Learn, PyTorch, and ML model training experience. (Job Posting Ref 60)",,,,PENDING
PAIR_1004,RES_DEV_0402,JOB_DEV_0094,"Junior Cloud Systems Administrator with AWS Certified Solutions Architect Associate credential. Knowledge of Docker, Linux, and Shell scripting. (Candidate Ref 402)","Looking for DevOps Engineer with experience in AWS, Docker, Kubernetes, CI/CD pipelines, and Terraform. (Job Posting Ref 94)",,,,PENDING
PAIR_1005,RES_DEV_0402,JOB_DEV_0095,"Junior Cloud Systems Administrator with AWS Certified Solutions Architect Associate credential. Knowledge of Docker, Linux, and Shell scripting. (Candidate Ref 402)","Cloud Security & DevOps Specialist required. Mandatory skills: Azure, Docker, Kubernetes, and Linux automation. (Job Posting Ref 95)",,,,PENDING
PAIR_1006,RES_DEV_0403,JOB_DEV_0084,"DevOps Engineer with 3 years experience managing AWS cloud infrastructure, Terraform, Docker, Kubernetes, Jenkins CI/CD, and Linux bash scripting. (Candidate Ref 403)","Looking for DevOps Engineer with experience in AWS, Docker, Kubernetes, CI/CD pipelines, and Terraform. (Job Posting Ref 84)",,,,PENDING
PAIR_1007,RES_DEV_0403,JOB_DEV_0085,"DevOps Engineer with 3 years experience managing AWS cloud infrastructure, Terraform, Docker, Kubernetes, Jenkins CI/CD, and Linux bash scripting. (Candidate Ref 403)","Cloud Security & DevOps Specialist required. Mandatory skills: Azure, Docker, Kubernetes, and Linux automation. (Job Posting Ref 85)",,,,PENDING
PAIR_1008,RES_DEV_0403,JOB_SOF_0006,"DevOps Engineer with 3 years experience managing AWS cloud infrastructure, Terraform, Docker, Kubernetes, Jenkins CI/CD, and Linux bash scripting. (Candidate Ref 403)","Senior Java Microservices Architect requiring 5+ years experience in Java 17, Spring Cloud, AWS, and Docker. (Job Posting Ref 6)",,,,PENDING
PAIR_1009,RES_DEV_0404,JOB_DEV_0086,"Cloud Infrastructure Engineer skilled in Azure, Docker, Kubernetes, Ansible, Python scripting, and network security configuration. (Candidate Ref 404)","Looking for DevOps Engineer with experience in AWS, Docker, Kubernetes, CI/CD pipelines, and Terraform. (Job Posting Ref 86)",,,,PENDING
PAIR_1010,RES_DEV_0404,JOB_DEV_0087,"Cloud Infrastructure Engineer skilled in Azure, Docker, Kubernetes, Ansible, Python scripting, and network security configuration. (Candidate Ref 404)","Cloud Security & DevOps Specialist required. Mandatory skills: Azure, Docker, Kubernetes, and Linux automation. (Job Posting Ref 87)",,,,PENDING
PAIR_1011,RES_DEV_0405,JOB_DEV_0086,"Site Reliability Engineer (SRE) proficient in Linux system administration, AWS, Prometheus, Grafana, and automated deployment pipelines. (Candidate Ref 405)","Looking for DevOps Engineer with experience in AWS, Docker, Kubernetes, CI/CD pipelines, and Terraform. (Job Posting Ref 86)",,,,PENDING
PAIR_1012,RES_DEV_0405,JOB_DEV_0087,"Site Reliability Engineer (SRE) proficient in Linux system administration, AWS, Prometheus, Grafana, and automated deployment pipelines. (Candidate Ref 405)","Cloud Security & DevOps Specialist required. Mandatory skills: Azure, Docker, Kubernetes, and Linux automation. (Job Posting Ref 87)",,,,PENDING
PAIR_1013,RES_DEV_0405,JOB_QA _0104,"Site Reliability Engineer (SRE) proficient in Linux system administration, AWS, Prometheus, Grafana, and automated deployment pipelines. (Candidate Ref 405)","Senior Software Quality Assurance Lead requiring Selenium, Python automation, Postman API testing, and Jira defect tracking. (Job Posting Ref 104)",,,,PENDING
PAIR_1014,RES_DEV_0406,JOB_DEV_0099,"Junior Cloud Systems Administrator with AWS Certified Solutions Architect Associate credential. Knowledge of Docker, Linux, and Shell scripting. (Candidate Ref 406)","Cloud Security & DevOps Specialist required. Mandatory skills: Azure, Docker, Kubernetes, and Linux automation. (Job Posting Ref 99)",,,,PENDING
PAIR_1015,RES_DEV_0406,JOB_DEV_0100,"Junior Cloud Systems Administrator with AWS Certified Solutions Architect Associate credential. Knowledge of Docker, Linux, and Shell scripting. (Candidate Ref 406)","Looking for DevOps Engineer with experience in AWS, Docker, Kubernetes, CI/CD pipelines, and Terraform. (Job Posting Ref 100)",,,,PENDING
PAIR_1016,RES_DEV_0407,JOB_DEV_0083,"DevOps Engineer with 3 years experience managing AWS cloud infrastructure, Terraform, Docker, Kubernetes, Jenkins CI/CD, and Linux bash scripting. (Candidate Ref 407)","Cloud Security & DevOps Specialist required. Mandatory skills: Azure, Docker, Kubernetes, and Linux automation. (Job Posting Ref 83)",,,,PENDING
PAIR_1017,RES_DEV_0407,JOB_DEV_0084,"DevOps Engineer with 3 years experience managing AWS cloud infrastructure, Terraform, Docker, Kubernetes, Jenkins CI/CD, and Linux bash scripting. (Candidate Ref 407)","Looking for DevOps Engineer with experience in AWS, Docker, Kubernetes, CI/CD pipelines, and Terraform. (Job Posting Ref 84)",,,,PENDING
PAIR_1018,RES_DEV_0407,JOB_SOF_0007,"DevOps Engineer with 3 years experience managing AWS cloud infrastructure, Terraform, Docker, Kubernetes, Jenkins CI/CD, and Linux bash scripting. (Candidate Ref 407)","Looking for Backend Java Developer with 2-4 years experience in Java, Spring Boot, REST APIs, and MySQL. (Job Posting Ref 7)",,,,PENDING
PAIR_1019,RES_DEV_0408,JOB_DEV_0080,"Cloud Infrastructure Engineer skilled in Azure, Docker, Kubernetes, Ansible, Python scripting, and network security configuration. (Candidate Ref 408)","Looking for DevOps Engineer with experience in AWS, Docker, Kubernetes, CI/CD pipelines, and Terraform. (Job Posting Ref 80)",,,,PENDING
PAIR_1020,RES_DEV_0408,JOB_DEV_0081,"Cloud Infrastructure Engineer skilled in Azure, Docker, Kubernetes, Ansible, Python scripting, and network security configuration. (Candidate Ref 408)","Cloud Security & DevOps Specialist required. Mandatory skills: Azure, Docker, Kubernetes, and Linux automation. (Job Posting Ref 81)",,,,PENDING
PAIR_1021,RES_DEV_0409,JOB_DEV_0079,"Site Reliability Engineer (SRE) proficient in Linux system administration, AWS, Prometheus, Grafana, and automated deployment pipelines. (Candidate Ref 409)","Cloud Security & DevOps Specialist required. Mandatory skills: Azure, Docker, Kubernetes, and Linux automation. (Job Posting Ref 79)",,,,PENDING
PAIR_1022,RES_DEV_0409,JOB_DEV_0080,"Site Reliability Engineer (SRE) proficient in Linux system administration, AWS, Prometheus, Grafana, and automated deployment pipelines. (Candidate Ref 409)","Looking for DevOps Engineer with experience in AWS, Docker, Kubernetes, CI/CD pipelines, and Terraform. (Job Posting Ref 80)",,,,PENDING
PAIR_1023,RES_DEV_0409,JOB_WEB_0030,"Site Reliability Engineer (SRE) proficient in Linux system administration, AWS, Prometheus, Grafana, and automated deployment pipelines. (Candidate Ref 409)","Seeking React Frontend Developer with 2+ years experience in React.js, JavaScript (ES6+), HTML5/CSS3, and REST API integration. (Job Posting Ref 30)",,,,PENDING
PAIR_1024,RES_DEV_0410,JOB_DEV_0099,"Junior Cloud Systems Administrator with AWS Certified Solutions Architect Associate credential. Knowledge of Docker, Linux, and Shell scripting. (Candidate Ref 410)","Cloud Security & DevOps Specialist required. Mandatory skills: Azure, Docker, Kubernetes, and Linux automation. (Job Posting Ref 99)",,,,PENDING
PAIR_1025,RES_DEV_0410,JOB_DEV_0100,"Junior Cloud Systems Administrator with AWS Certified Solutions Architect Associate credential. Knowledge of Docker, Linux, and Shell scripting. (Candidate Ref 410)","Looking for DevOps Engineer with experience in AWS, Docker, Kubernetes, CI/CD pipelines, and Terraform. (Job Posting Ref 100)",,,,PENDING
PAIR_1026,RES_DEV_0411,JOB_DEV_0097,"DevOps Engineer with 3 years experience managing AWS cloud infrastructure, Terraform, Docker, Kubernetes, Jenkins CI/CD, and Linux bash scripting. (Candidate Ref 411)","Cloud Security & DevOps Specialist required. Mandatory skills: Azure, Docker, Kubernetes, and Linux automation. (Job Posting Ref 97)",,,,PENDING
PAIR_1027,RES_DEV_0411,JOB_DEV_0098,"DevOps Engineer with 3 years experience managing AWS cloud infrastructure, Terraform, Docker, Kubernetes, Jenkins CI/CD, and Linux bash scripting. (Candidate Ref 411)","Looking for DevOps Engineer with experience in AWS, Docker, Kubernetes, CI/CD pipelines, and Terraform. (Job Posting Ref 98)",,,,PENDING
PAIR_1028,RES_DEV_0411,JOB_DAT_0074,"DevOps Engineer with 3 years experience managing AWS cloud infrastructure, Terraform, Docker, Kubernetes, Jenkins CI/CD, and Linux bash scripting. (Candidate Ref 411)","Machine Learning Engineer position requiring Python, Scikit-Learn, PyTorch, and ML model training experience. (Job Posting Ref 74)",,,,PENDING
PAIR_1029,RES_DEV_0412,JOB_DEV_0094,"Cloud Infrastructure Engineer skilled in Azure, Docker, Kubernetes, Ansible, Python scripting, and network security configuration. (Candidate Ref 412)","Looking for DevOps Engineer with experience in AWS, Docker, Kubernetes, CI/CD pipelines, and Terraform. (Job Posting Ref 94)",,,,PENDING
PAIR_1030,RES_DEV_0412,JOB_DEV_0095,"Cloud Infrastructure Engineer skilled in Azure, Docker, Kubernetes, Ansible, Python scripting, and network security configuration. (Candidate Ref 412)","Cloud Security & DevOps Specialist required. Mandatory skills: Azure, Docker, Kubernetes, and Linux automation. (Job Posting Ref 95)",,,,PENDING
PAIR_1031,RES_DEV_0413,JOB_DEV_0099,"Site Reliability Engineer (SRE) proficient in Linux system administration, AWS, Prometheus, Grafana, and automated deployment pipelines. (Candidate Ref 413)","Cloud Security & DevOps Specialist required. Mandatory skills: Azure, Docker, Kubernetes, and Linux automation. (Job Posting Ref 99)",,,,PENDING
PAIR_1032,RES_DEV_0413,JOB_DEV_0100,"Site Reliability Engineer (SRE) proficient in Linux system administration, AWS, Prometheus, Grafana, and automated deployment pipelines. (Candidate Ref 413)","Looking for DevOps Engineer with experience in AWS, Docker, Kubernetes, CI/CD pipelines, and Terraform. (Job Posting Ref 100)",,,,PENDING
PAIR_1033,RES_DEV_0413,JOB_QA _0101,"Site Reliability Engineer (SRE) proficient in Linux system administration, AWS, Prometheus, Grafana, and automated deployment pipelines. (Candidate Ref 413)","Hiring QA Automation Engineer with strong Java, Selenium WebDriver, TestNG, and REST API testing skills. (Job Posting Ref 101)",,,,PENDING
PAIR_1034,RES_DEV_0414,JOB_DEV_0100,"Junior Cloud Systems Administrator with AWS Certified Solutions Architect Associate credential. Knowledge of Docker, Linux, and Shell scripting. (Candidate Ref 414)","Looking for DevOps Engineer with experience in AWS, Docker, Kubernetes, CI/CD pipelines, and Terraform. (Job Posting Ref 100)",,,,PENDING
PAIR_1035,RES_DEV_0414,JOB_DEV_0076,"Junior Cloud Systems Administrator with AWS Certified Solutions Architect Associate credential. Knowledge of Docker, Linux, and Shell scripting. (Candidate Ref 414)","Looking for DevOps Engineer with experience in AWS, Docker, Kubernetes, CI/CD pipelines, and Terraform. (Job Posting Ref 76)",,,,PENDING
PAIR_1036,RES_DEV_0415,JOB_DEV_0079,"DevOps Engineer with 3 years experience managing AWS cloud infrastructure, Terraform, Docker, Kubernetes, Jenkins CI/CD, and Linux bash scripting. (Candidate Ref 415)","Cloud Security & DevOps Specialist required. Mandatory skills: Azure, Docker, Kubernetes, and Linux automation. (Job Posting Ref 79)",,,,PENDING
PAIR_1037,RES_DEV_0415,JOB_DEV_0080,"DevOps Engineer with 3 years experience managing AWS cloud infrastructure, Terraform, Docker, Kubernetes, Jenkins CI/CD, and Linux bash scripting. (Candidate Ref 415)","Looking for DevOps Engineer with experience in AWS, Docker, Kubernetes, CI/CD pipelines, and Terraform. (Job Posting Ref 80)",,,,PENDING
PAIR_1038,RES_DEV_0415,JOB_SOF_0023,"DevOps Engineer with 3 years experience managing AWS cloud infrastructure, Terraform, Docker, Kubernetes, Jenkins CI/CD, and Linux bash scripting. (Candidate Ref 415)","Looking for Backend Java Developer with 2-4 years experience in Java, Spring Boot, REST APIs, and MySQL. (Job Posting Ref 23)",,,,PENDING
PAIR_1039,RES_DEV_0416,JOB_DEV_0088,"Cloud Infrastructure Engineer skilled in Azure, Docker, Kubernetes, Ansible, Python scripting, and network security configuration. (Candidate Ref 416)","Looking for DevOps Engineer with experience in AWS, Docker, Kubernetes, CI/CD pipelines, and Terraform. (Job Posting Ref 88)",,,,PENDING
PAIR_1040,RES_DEV_0416,JOB_DEV_0089,"Cloud Infrastructure Engineer skilled in Azure, Docker, Kubernetes, Ansible, Python scripting, and network security configuration. (Candidate Ref 416)","Cloud Security & DevOps Specialist required. Mandatory skills: Azure, Docker, Kubernetes, and Linux automation. (Job Posting Ref 89)",,,,PENDING
PAIR_1041,RES_DEV_0417,JOB_DEV_0093,"Site Reliability Engineer (SRE) proficient in Linux system administration, AWS, Prometheus, Grafana, and automated deployment pipelines. (Candidate Ref 417)","Cloud Security & DevOps Specialist required. Mandatory skills: Azure, Docker, Kubernetes, and Linux automation. (Job Posting Ref 93)",,,,PENDING
PAIR_1042,RES_DEV_0417,JOB_DEV_0094,"Site Reliability Engineer (SRE) proficient in Linux system administration, AWS, Prometheus, Grafana, and automated deployment pipelines. (Candidate Ref 417)","Looking for DevOps Engineer with experience in AWS, Docker, Kubernetes, CI/CD pipelines, and Terraform. (Job Posting Ref 94)",,,,PENDING
PAIR_1043,RES_DEV_0417,JOB_SOF_0008,"Site Reliability Engineer (SRE) proficient in Linux system administration, AWS, Prometheus, Grafana, and automated deployment pipelines. (Candidate Ref 417)","Senior Java Microservices Architect requiring 5+ years experience in Java 17, Spring Cloud, AWS, and Docker. (Job Posting Ref 8)",,,,PENDING
PAIR_1044,RES_DEV_0418,JOB_DEV_0079,"Junior Cloud Systems Administrator with AWS Certified Solutions Architect Associate credential. Knowledge of Docker, Linux, and Shell scripting. (Candidate Ref 418)","Cloud Security & DevOps Specialist required. Mandatory skills: Azure, Docker, Kubernetes, and Linux automation. (Job Posting Ref 79)",,,,PENDING
PAIR_1045,RES_DEV_0418,JOB_DEV_0080,"Junior Cloud Systems Administrator with AWS Certified Solutions Architect Associate credential. Knowledge of Docker, Linux, and Shell scripting. (Candidate Ref 418)","Looking for DevOps Engineer with experience in AWS, Docker, Kubernetes, CI/CD pipelines, and Terraform. (Job Posting Ref 80)",,,,PENDING
PAIR_1046,RES_DEV_0419,JOB_DEV_0091,"DevOps Engineer with 3 years experience managing AWS cloud infrastructure, Terraform, Docker, Kubernetes, Jenkins CI/CD, and Linux bash scripting. (Candidate Ref 419)","Cloud Security & DevOps Specialist required. Mandatory skills: Azure, Docker, Kubernetes, and Linux automation. (Job Posting Ref 91)",,,,PENDING
PAIR_1047,RES_DEV_0419,JOB_DEV_0092,"DevOps Engineer with 3 years experience managing AWS cloud infrastructure, Terraform, Docker, Kubernetes, Jenkins CI/CD, and Linux bash scripting. (Candidate Ref 419)","Looking for DevOps Engineer with experience in AWS, Docker, Kubernetes, CI/CD pipelines, and Terraform. (Job Posting Ref 92)",,,,PENDING
PAIR_1048,RES_DEV_0419,JOB_WEB_0042,"DevOps Engineer with 3 years experience managing AWS cloud infrastructure, Terraform, Docker, Kubernetes, Jenkins CI/CD, and Linux bash scripting. (Candidate Ref 419)","Seeking React Frontend Developer with 2+ years experience in React.js, JavaScript (ES6+), HTML5/CSS3, and REST API integration. (Job Posting Ref 42)",,,,PENDING
PAIR_1049,RES_DEV_0420,JOB_DEV_0088,"Cloud Infrastructure Engineer skilled in Azure, Docker, Kubernetes, Ansible, Python scripting, and network security configuration. (Candidate Ref 420)","Looking for DevOps Engineer with experience in AWS, Docker, Kubernetes, CI/CD pipelines, and Terraform. (Job Posting Ref 88)",,,,PENDING
PAIR_1050,RES_DEV_0420,JOB_DEV_0089,"Cloud Infrastructure Engineer skilled in Azure, Docker, Kubernetes, Ansible, Python scripting, and network security configuration. (Candidate Ref 420)","Cloud Security & DevOps Specialist required. Mandatory skills: Azure, Docker, Kubernetes, and Linux automation. (Job Posting Ref 89)",,,,PENDING
PAIR_1051,RES_DEV_0421,JOB_DEV_0077,"Site Reliability Engineer (SRE) proficient in Linux system administration, AWS, Prometheus, Grafana, and automated deployment pipelines. (Candidate Ref 421)","Cloud Security & DevOps Specialist required. Mandatory skills: Azure, Docker, Kubernetes, and Linux automation. (Job Posting Ref 77)",,,,PENDING
PAIR_1052,RES_DEV_0421,JOB_DEV_0078,"Site Reliability Engineer (SRE) proficient in Linux system administration, AWS, Prometheus, Grafana, and automated deployment pipelines. (Candidate Ref 421)","Looking for DevOps Engineer with experience in AWS, Docker, Kubernetes, CI/CD pipelines, and Terraform. (Job Posting Ref 78)",,,,PENDING
PAIR_1053,RES_DEV_0421,JOB_WEB_0039,"Site Reliability Engineer (SRE) proficient in Linux system administration, AWS, Prometheus, Grafana, and automated deployment pipelines. (Candidate Ref 421)","Full Stack JavaScript Developer needed. Requirements: Node.js, React, MongoDB, and TypeScript. (Job Posting Ref 39)",,,,PENDING
PAIR_1054,RES_DEV_0422,JOB_DEV_0100,"Junior Cloud Systems Administrator with AWS Certified Solutions Architect Associate credential. Knowledge of Docker, Linux, and Shell scripting. (Candidate Ref 422)","Looking for DevOps Engineer with experience in AWS, Docker, Kubernetes, CI/CD pipelines, and Terraform. (Job Posting Ref 100)",,,,PENDING
PAIR_1055,RES_DEV_0422,JOB_DEV_0076,"Junior Cloud Systems Administrator with AWS Certified Solutions Architect Associate credential. Knowledge of Docker, Linux, and Shell scripting. (Candidate Ref 422)","Looking for DevOps Engineer with experience in AWS, Docker, Kubernetes, CI/CD pipelines, and Terraform. (Job Posting Ref 76)",,,,PENDING
PAIR_1056,RES_DEV_0423,JOB_DEV_0098,"DevOps Engineer with 3 years experience managing AWS cloud infrastructure, Terraform, Docker, Kubernetes, Jenkins CI/CD, and Linux bash scripting. (Candidate Ref 423)","Looking for DevOps Engineer with experience in AWS, Docker, Kubernetes, CI/CD pipelines, and Terraform. (Job Posting Ref 98)",,,,PENDING
PAIR_1057,RES_DEV_0423,JOB_DEV_0099,"DevOps Engineer with 3 years experience managing AWS cloud infrastructure, Terraform, Docker, Kubernetes, Jenkins CI/CD, and Linux bash scripting. (Candidate Ref 423)","Cloud Security & DevOps Specialist required. Mandatory skills: Azure, Docker, Kubernetes, and Linux automation. (Job Posting Ref 99)",,,,PENDING
PAIR_1058,RES_DEV_0423,JOB_QA _0104,"DevOps Engineer with 3 years experience managing AWS cloud infrastructure, Terraform, Docker, Kubernetes, Jenkins CI/CD, and Linux bash scripting. (Candidate Ref 423)","Senior Software Quality Assurance Lead requiring Selenium, Python automation, Postman API testing, and Jira defect tracking. (Job Posting Ref 104)",,,,PENDING
PAIR_1059,RES_DEV_0424,JOB_DEV_0094,"Cloud Infrastructure Engineer skilled in Azure, Docker, Kubernetes, Ansible, Python scripting, and network security configuration. (Candidate Ref 424)","Looking for DevOps Engineer with experience in AWS, Docker, Kubernetes, CI/CD pipelines, and Terraform. (Job Posting Ref 94)",,,,PENDING
PAIR_1060,RES_DEV_0424,JOB_DEV_0095,"Cloud Infrastructure Engineer skilled in Azure, Docker, Kubernetes, Ansible, Python scripting, and network security configuration. (Candidate Ref 424)","Cloud Security & DevOps Specialist required. Mandatory skills: Azure, Docker, Kubernetes, and Linux automation. (Job Posting Ref 95)",,,,PENDING
PAIR_1061,RES_DEV_0425,JOB_DEV_0095,"Site Reliability Engineer (SRE) proficient in Linux system administration, AWS, Prometheus, Grafana, and automated deployment pipelines. (Candidate Ref 425)","Cloud Security & DevOps Specialist required. Mandatory skills: Azure, Docker, Kubernetes, and Linux automation. (Job Posting Ref 95)",,,,PENDING
PAIR_1062,RES_DEV_0425,JOB_DEV_0096,"Site Reliability Engineer (SRE) proficient in Linux system administration, AWS, Prometheus, Grafana, and automated deployment pipelines. (Candidate Ref 425)","Looking for DevOps Engineer with experience in AWS, Docker, Kubernetes, CI/CD pipelines, and Terraform. (Job Posting Ref 96)",,,,PENDING
PAIR_1063,RES_DEV_0425,JOB_QA _0117,"Site Reliability Engineer (SRE) proficient in Linux system administration, AWS, Prometheus, Grafana, and automated deployment pipelines. (Candidate Ref 425)","Hiring QA Automation Engineer with strong Java, Selenium WebDriver, TestNG, and REST API testing skills. (Job Posting Ref 117)",,,,PENDING
PAIR_1064,RES_DEV_0426,JOB_DEV_0085,"Junior Cloud Systems Administrator with AWS Certified Solutions Architect Associate credential. Knowledge of Docker, Linux, and Shell scripting. (Candidate Ref 426)","Cloud Security & DevOps Specialist required. Mandatory skills: Azure, Docker, Kubernetes, and Linux automation. (Job Posting Ref 85)",,,,PENDING
PAIR_1065,RES_DEV_0426,JOB_DEV_0086,"Junior Cloud Systems Administrator with AWS Certified Solutions Architect Associate credential. Knowledge of Docker, Linux, and Shell scripting. (Candidate Ref 426)","Looking for DevOps Engineer with experience in AWS, Docker, Kubernetes, CI/CD pipelines, and Terraform. (Job Posting Ref 86)",,,,PENDING
PAIR_1066,RES_DEV_0427,JOB_DEV_0094,"DevOps Engineer with 3 years experience managing AWS cloud infrastructure, Terraform, Docker, Kubernetes, Jenkins CI/CD, and Linux bash scripting. (Candidate Ref 427)","Looking for DevOps Engineer with experience in AWS, Docker, Kubernetes, CI/CD pipelines, and Terraform. (Job Posting Ref 94)",,,,PENDING
PAIR_1067,RES_DEV_0427,JOB_DEV_0095,"DevOps Engineer with 3 years experience managing AWS cloud infrastructure, Terraform, Docker, Kubernetes, Jenkins CI/CD, and Linux bash scripting. (Candidate Ref 427)","Cloud Security & DevOps Specialist required. Mandatory skills: Azure, Docker, Kubernetes, and Linux automation. (Job Posting Ref 95)",,,,PENDING
PAIR_1068,RES_DEV_0427,JOB_WEB_0047,"DevOps Engineer with 3 years experience managing AWS cloud infrastructure, Terraform, Docker, Kubernetes, Jenkins CI/CD, and Linux bash scripting. (Candidate Ref 427)","Full Stack JavaScript Developer needed. Requirements: Node.js, React, MongoDB, and TypeScript. (Job Posting Ref 47)",,,,PENDING
PAIR_1069,RES_DEV_0428,JOB_DEV_0085,"Cloud Infrastructure Engineer skilled in Azure, Docker, Kubernetes, Ansible, Python scripting, and network security configuration. (Candidate Ref 428)","Cloud Security & DevOps Specialist required. Mandatory skills: Azure, Docker, Kubernetes, and Linux automation. (Job Posting Ref 85)",,,,PENDING
PAIR_1070,RES_DEV_0428,JOB_DEV_0086,"Cloud Infrastructure Engineer skilled in Azure, Docker, Kubernetes, Ansible, Python scripting, and network security configuration. (Candidate Ref 428)","Looking for DevOps Engineer with experience in AWS, Docker, Kubernetes, CI/CD pipelines, and Terraform. (Job Posting Ref 86)",,,,PENDING
PAIR_1071,RES_DEV_0429,JOB_DEV_0091,"Site Reliability Engineer (SRE) proficient in Linux system administration, AWS, Prometheus, Grafana, and automated deployment pipelines. (Candidate Ref 429)","Cloud Security & DevOps Specialist required. Mandatory skills: Azure, Docker, Kubernetes, and Linux automation. (Job Posting Ref 91)",,,,PENDING
PAIR_1072,RES_DEV_0429,JOB_DEV_0092,"Site Reliability Engineer (SRE) proficient in Linux system administration, AWS, Prometheus, Grafana, and automated deployment pipelines. (Candidate Ref 429)","Looking for DevOps Engineer with experience in AWS, Docker, Kubernetes, CI/CD pipelines, and Terraform. (Job Posting Ref 92)",,,,PENDING
PAIR_1073,RES_DEV_0429,JOB_WEB_0049,"Site Reliability Engineer (SRE) proficient in Linux system administration, AWS, Prometheus, Grafana, and automated deployment pipelines. (Candidate Ref 429)","Full Stack JavaScript Developer needed. Requirements: Node.js, React, MongoDB, and TypeScript. (Job Posting Ref 49)",,,,PENDING
PAIR_1074,RES_DEV_0430,JOB_DEV_0083,"Junior Cloud Systems Administrator with AWS Certified Solutions Architect Associate credential. Knowledge of Docker, Linux, and Shell scripting. (Candidate Ref 430)","Cloud Security & DevOps Specialist required. Mandatory skills: Azure, Docker, Kubernetes, and Linux automation. (Job Posting Ref 83)",,,,PENDING
PAIR_1075,RES_DEV_0430,JOB_DEV_0084,"Junior Cloud Systems Administrator with AWS Certified Solutions Architect Associate credential. Knowledge of Docker, Linux, and Shell scripting. (Candidate Ref 430)","Looking for DevOps Engineer with experience in AWS, Docker, Kubernetes, CI/CD pipelines, and Terraform. (Job Posting Ref 84)",,,,PENDING
PAIR_1076,RES_DEV_0431,JOB_DEV_0078,"DevOps Engineer with 3 years experience managing AWS cloud infrastructure, Terraform, Docker, Kubernetes, Jenkins CI/CD, and Linux bash scripting. (Candidate Ref 431)","Looking for DevOps Engineer with experience in AWS, Docker, Kubernetes, CI/CD pipelines, and Terraform. (Job Posting Ref 78)",,,,PENDING
PAIR_1077,RES_DEV_0431,JOB_DEV_0079,"DevOps Engineer with 3 years experience managing AWS cloud infrastructure, Terraform, Docker, Kubernetes, Jenkins CI/CD, and Linux bash scripting. (Candidate Ref 431)","Cloud Security & DevOps Specialist required. Mandatory skills: Azure, Docker, Kubernetes, and Linux automation. (Job Posting Ref 79)",,,,PENDING
PAIR_1078,RES_DEV_0431,JOB_WEB_0034,"DevOps Engineer with 3 years experience managing AWS cloud infrastructure, Terraform, Docker, Kubernetes, Jenkins CI/CD, and Linux bash scripting. (Candidate Ref 431)","Seeking React Frontend Developer with 2+ years experience in React.js, JavaScript (ES6+), HTML5/CSS3, and REST API integration. (Job Posting Ref 34)",,,,PENDING
PAIR_1079,RES_DEV_0432,JOB_DEV_0085,"Cloud Infrastructure Engineer skilled in Azure, Docker, Kubernetes, Ansible, Python scripting, and network security configuration. (Candidate Ref 432)","Cloud Security & DevOps Specialist required. Mandatory skills: Azure, Docker, Kubernetes, and Linux automation. (Job Posting Ref 85)",,,,PENDING
PAIR_1080,RES_DEV_0432,JOB_DEV_0086,"Cloud Infrastructure Engineer skilled in Azure, Docker, Kubernetes, Ansible, Python scripting, and network security configuration. (Candidate Ref 432)","Looking for DevOps Engineer with experience in AWS, Docker, Kubernetes, CI/CD pipelines, and Terraform. (Job Posting Ref 86)",,,,PENDING
PAIR_1081,RES_DEV_0433,JOB_DEV_0089,"Site Reliability Engineer (SRE) proficient in Linux system administration, AWS, Prometheus, Grafana, and automated deployment pipelines. (Candidate Ref 433)","Cloud Security & DevOps Specialist required. Mandatory skills: Azure, Docker, Kubernetes, and Linux automation. (Job Posting Ref 89)",,,,PENDING
PAIR_1082,RES_DEV_0433,JOB_DEV_0090,"Site Reliability Engineer (SRE) proficient in Linux system administration, AWS, Prometheus, Grafana, and automated deployment pipelines. (Candidate Ref 433)","Looking for DevOps Engineer with experience in AWS, Docker, Kubernetes, CI/CD pipelines, and Terraform. (Job Posting Ref 90)",,,,PENDING
PAIR_1083,RES_DEV_0433,JOB_QA _0104,"Site Reliability Engineer (SRE) proficient in Linux system administration, AWS, Prometheus, Grafana, and automated deployment pipelines. (Candidate Ref 433)","Senior Software Quality Assurance Lead requiring Selenium, Python automation, Postman API testing, and Jira defect tracking. (Job Posting Ref 104)",,,,PENDING
PAIR_1084,RES_DEV_0434,JOB_DEV_0098,"Junior Cloud Systems Administrator with AWS Certified Solutions Architect Associate credential. Knowledge of Docker, Linux, and Shell scripting. (Candidate Ref 434)","Looking for DevOps Engineer with experience in AWS, Docker, Kubernetes, CI/CD pipelines, and Terraform. (Job Posting Ref 98)",,,,PENDING
PAIR_1085,RES_DEV_0434,JOB_DEV_0099,"Junior Cloud Systems Administrator with AWS Certified Solutions Architect Associate credential. Knowledge of Docker, Linux, and Shell scripting. (Candidate Ref 434)","Cloud Security & DevOps Specialist required. Mandatory skills: Azure, Docker, Kubernetes, and Linux automation. (Job Posting Ref 99)",,,,PENDING
PAIR_1086,RES_DEV_0435,JOB_DEV_0091,"DevOps Engineer with 3 years experience managing AWS cloud infrastructure, Terraform, Docker, Kubernetes, Jenkins CI/CD, and Linux bash scripting. (Candidate Ref 435)","Cloud Security & DevOps Specialist required. Mandatory skills: Azure, Docker, Kubernetes, and Linux automation. (Job Posting Ref 91)",,,,PENDING
PAIR_1087,RES_DEV_0435,JOB_DEV_0092,"DevOps Engineer with 3 years experience managing AWS cloud infrastructure, Terraform, Docker, Kubernetes, Jenkins CI/CD, and Linux bash scripting. (Candidate Ref 435)","Looking for DevOps Engineer with experience in AWS, Docker, Kubernetes, CI/CD pipelines, and Terraform. (Job Posting Ref 92)",,,,PENDING
PAIR_1088,RES_DEV_0435,JOB_SOF_0011,"DevOps Engineer with 3 years experience managing AWS cloud infrastructure, Terraform, Docker, Kubernetes, Jenkins CI/CD, and Linux bash scripting. (Candidate Ref 435)","Looking for Backend Java Developer with 2-4 years experience in Java, Spring Boot, REST APIs, and MySQL. (Job Posting Ref 11)",,,,PENDING
PAIR_1089,RES_DEV_0436,JOB_DEV_0077,"Cloud Infrastructure Engineer skilled in Azure, Docker, Kubernetes, Ansible, Python scripting, and network security configuration. (Candidate Ref 436)","Cloud Security & DevOps Specialist required. Mandatory skills: Azure, Docker, Kubernetes, and Linux automation. (Job Posting Ref 77)",,,,PENDING
PAIR_1090,RES_DEV_0436,JOB_DEV_0078,"Cloud Infrastructure Engineer skilled in Azure, Docker, Kubernetes, Ansible, Python scripting, and network security configuration. (Candidate Ref 436)","Looking for DevOps Engineer with experience in AWS, Docker, Kubernetes, CI/CD pipelines, and Terraform. (Job Posting Ref 78)",,,,PENDING
PAIR_1091,RES_DEV_0437,JOB_DEV_0094,"Site Reliability Engineer (SRE) proficient in Linux system administration, AWS, Prometheus, Grafana, and automated deployment pipelines. (Candidate Ref 437)","Looking for DevOps Engineer with experience in AWS, Docker, Kubernetes, CI/CD pipelines, and Terraform. (Job Posting Ref 94)",,,,PENDING
PAIR_1092,RES_DEV_0437,JOB_DEV_0095,"Site Reliability Engineer (SRE) proficient in Linux system administration, AWS, Prometheus, Grafana, and automated deployment pipelines. (Candidate Ref 437)","Cloud Security & DevOps Specialist required. Mandatory skills: Azure, Docker, Kubernetes, and Linux automation. (Job Posting Ref 95)",,,,PENDING
PAIR_1093,RES_DEV_0437,JOB_SOF_0008,"Site Reliability Engineer (SRE) proficient in Linux system administration, AWS, Prometheus, Grafana, and automated deployment pipelines. (Candidate Ref 437)","Senior Java Microservices Architect requiring 5+ years experience in Java 17, Spring Cloud, AWS, and Docker. (Job Posting Ref 8)",,,,PENDING
PAIR_1094,RES_DEV_0438,JOB_DEV_0085,"Junior Cloud Systems Administrator with AWS Certified Solutions Architect Associate credential. Knowledge of Docker, Linux, and Shell scripting. (Candidate Ref 438)","Cloud Security & DevOps Specialist required. Mandatory skills: Azure, Docker, Kubernetes, and Linux automation. (Job Posting Ref 85)",,,,PENDING
PAIR_1095,RES_DEV_0438,JOB_DEV_0086,"Junior Cloud Systems Administrator with AWS Certified Solutions Architect Associate credential. Knowledge of Docker, Linux, and Shell scripting. (Candidate Ref 438)","Looking for DevOps Engineer with experience in AWS, Docker, Kubernetes, CI/CD pipelines, and Terraform. (Job Posting Ref 86)",,,,PENDING
PAIR_1096,RES_DEV_0439,JOB_DEV_0085,"DevOps Engineer with 3 years experience managing AWS cloud infrastructure, Terraform, Docker, Kubernetes, Jenkins CI/CD, and Linux bash scripting. (Candidate Ref 439)","Cloud Security & DevOps Specialist required. Mandatory skills: Azure, Docker, Kubernetes, and Linux automation. (Job Posting Ref 85)",,,,PENDING
PAIR_1097,RES_DEV_0439,JOB_DEV_0086,"DevOps Engineer with 3 years experience managing AWS cloud infrastructure, Terraform, Docker, Kubernetes, Jenkins CI/CD, and Linux bash scripting. (Candidate Ref 439)","Looking for DevOps Engineer with experience in AWS, Docker, Kubernetes, CI/CD pipelines, and Terraform. (Job Posting Ref 86)",,,,PENDING
PAIR_1098,RES_DEV_0439,JOB_SOF_0022,"DevOps Engineer with 3 years experience managing AWS cloud infrastructure, Terraform, Docker, Kubernetes, Jenkins CI/CD, and Linux bash scripting. (Candidate Ref 439)","Senior Java Microservices Architect requiring 5+ years experience in Java 17, Spring Cloud, AWS, and Docker. (Job Posting Ref 22)",,,,PENDING
PAIR_1099,RES_DEV_0440,JOB_DEV_0086,"Cloud Infrastructure Engineer skilled in Azure, Docker, Kubernetes, Ansible, Python scripting, and network security configuration. (Candidate Ref 440)","Looking for DevOps Engineer with experience in AWS, Docker, Kubernetes, CI/CD pipelines, and Terraform. (Job Posting Ref 86)",,,,PENDING
PAIR_1100,RES_DEV_0440,JOB_DEV_0087,"Cloud Infrastructure Engineer skilled in Azure, Docker, Kubernetes, Ansible, Python scripting, and network security configuration. (Candidate Ref 440)","Cloud Security & DevOps Specialist required. Mandatory skills: Azure, Docker, Kubernetes, and Linux automation. (Job Posting Ref 87)",,,,PENDING
PAIR_1101,RES_DEV_0441,JOB_DEV_0095,"Site Reliability Engineer (SRE) proficient in Linux system administration, AWS, Prometheus, Grafana, and automated deployment pipelines. (Candidate Ref 441)","Cloud Security & DevOps Specialist required. Mandatory skills: Azure, Docker, Kubernetes, and Linux automation. (Job Posting Ref 95)",,,,PENDING
PAIR_1102,RES_DEV_0441,JOB_DEV_0096,"Site Reliability Engineer (SRE) proficient in Linux system administration, AWS, Prometheus, Grafana, and automated deployment pipelines. (Candidate Ref 441)","Looking for DevOps Engineer with experience in AWS, Docker, Kubernetes, CI/CD pipelines, and Terraform. (Job Posting Ref 96)",,,,PENDING
PAIR_1103,RES_DEV_0441,JOB_SOF_0007,"Site Reliability Engineer (SRE) proficient in Linux system administration, AWS, Prometheus, Grafana, and automated deployment pipelines. (Candidate Ref 441)","Looking for Backend Java Developer with 2-4 years experience in Java, Spring Boot, REST APIs, and MySQL. (Job Posting Ref 7)",,,,PENDING
PAIR_1104,RES_DEV_0442,JOB_DEV_0081,"Junior Cloud Systems Administrator with AWS Certified Solutions Architect Associate credential. Knowledge of Docker, Linux, and Shell scripting. (Candidate Ref 442)","Cloud Security & DevOps Specialist required. Mandatory skills: Azure, Docker, Kubernetes, and Linux automation. (Job Posting Ref 81)",,,,PENDING
PAIR_1105,RES_DEV_0442,JOB_DEV_0082,"Junior Cloud Systems Administrator with AWS Certified Solutions Architect Associate credential. Knowledge of Docker, Linux, and Shell scripting. (Candidate Ref 442)","Looking for DevOps Engineer with experience in AWS, Docker, Kubernetes, CI/CD pipelines, and Terraform. (Job Posting Ref 82)",,,,PENDING
PAIR_1106,RES_DEV_0443,JOB_DEV_0080,"DevOps Engineer with 3 years experience managing AWS cloud infrastructure, Terraform, Docker, Kubernetes, Jenkins CI/CD, and Linux bash scripting. (Candidate Ref 443)","Looking for DevOps Engineer with experience in AWS, Docker, Kubernetes, CI/CD pipelines, and Terraform. (Job Posting Ref 80)",,,,PENDING
PAIR_1107,RES_DEV_0443,JOB_DEV_0081,"DevOps Engineer with 3 years experience managing AWS cloud infrastructure, Terraform, Docker, Kubernetes, Jenkins CI/CD, and Linux bash scripting. (Candidate Ref 443)","Cloud Security & DevOps Specialist required. Mandatory skills: Azure, Docker, Kubernetes, and Linux automation. (Job Posting Ref 81)",,,,PENDING
PAIR_1108,RES_DEV_0443,JOB_QA _0124,"DevOps Engineer with 3 years experience managing AWS cloud infrastructure, Terraform, Docker, Kubernetes, Jenkins CI/CD, and Linux bash scripting. (Candidate Ref 443)","Senior Software Quality Assurance Lead requiring Selenium, Python automation, Postman API testing, and Jira defect tracking. (Job Posting Ref 124)",,,,PENDING
PAIR_1109,RES_DEV_0444,JOB_DEV_0093,"Cloud Infrastructure Engineer skilled in Azure, Docker, Kubernetes, Ansible, Python scripting, and network security configuration. (Candidate Ref 444)","Cloud Security & DevOps Specialist required. Mandatory skills: Azure, Docker, Kubernetes, and Linux automation. (Job Posting Ref 93)",,,,PENDING
PAIR_1110,RES_DEV_0444,JOB_DEV_0094,"Cloud Infrastructure Engineer skilled in Azure, Docker, Kubernetes, Ansible, Python scripting, and network security configuration. (Candidate Ref 444)","Looking for DevOps Engineer with experience in AWS, Docker, Kubernetes, CI/CD pipelines, and Terraform. (Job Posting Ref 94)",,,,PENDING
PAIR_1111,RES_DEV_0445,JOB_DEV_0096,"Site Reliability Engineer (SRE) proficient in Linux system administration, AWS, Prometheus, Grafana, and automated deployment pipelines. (Candidate Ref 445)","Looking for DevOps Engineer with experience in AWS, Docker, Kubernetes, CI/CD pipelines, and Terraform. (Job Posting Ref 96)",,,,PENDING
PAIR_1112,RES_DEV_0445,JOB_DEV_0097,"Site Reliability Engineer (SRE) proficient in Linux system administration, AWS, Prometheus, Grafana, and automated deployment pipelines. (Candidate Ref 445)","Cloud Security & DevOps Specialist required. Mandatory skills: Azure, Docker, Kubernetes, and Linux automation. (Job Posting Ref 97)",,,,PENDING
PAIR_1113,RES_DEV_0445,JOB_SOF_0010,"Site Reliability Engineer (SRE) proficient in Linux system administration, AWS, Prometheus, Grafana, and automated deployment pipelines. (Candidate Ref 445)","Senior Java Microservices Architect requiring 5+ years experience in Java 17, Spring Cloud, AWS, and Docker. (Job Posting Ref 10)",,,,PENDING
PAIR_1114,RES_DEV_0446,JOB_DEV_0088,"Junior Cloud Systems Administrator with AWS Certified Solutions Architect Associate credential. Knowledge of Docker, Linux, and Shell scripting. (Candidate Ref 446)","Looking for DevOps Engineer with experience in AWS, Docker, Kubernetes, CI/CD pipelines, and Terraform. (Job Posting Ref 88)",,,,PENDING
PAIR_1115,RES_DEV_0446,JOB_DEV_0089,"Junior Cloud Systems Administrator with AWS Certified Solutions Architect Associate credential. Knowledge of Docker, Linux, and Shell scripting. (Candidate Ref 446)","Cloud Security & DevOps Specialist required. Mandatory skills: Azure, Docker, Kubernetes, and Linux automation. (Job Posting Ref 89)",,,,PENDING
PAIR_1116,RES_DEV_0447,JOB_DEV_0076,"DevOps Engineer with 3 years experience managing AWS cloud infrastructure, Terraform, Docker, Kubernetes, Jenkins CI/CD, and Linux bash scripting. (Candidate Ref 447)","Looking for DevOps Engineer with experience in AWS, Docker, Kubernetes, CI/CD pipelines, and Terraform. (Job Posting Ref 76)",,,,PENDING
PAIR_1117,RES_DEV_0447,JOB_DEV_0077,"DevOps Engineer with 3 years experience managing AWS cloud infrastructure, Terraform, Docker, Kubernetes, Jenkins CI/CD, and Linux bash scripting. (Candidate Ref 447)","Cloud Security & DevOps Specialist required. Mandatory skills: Azure, Docker, Kubernetes, and Linux automation. (Job Posting Ref 77)",,,,PENDING
PAIR_1118,RES_DEV_0447,JOB_DAT_0056,"DevOps Engineer with 3 years experience managing AWS cloud infrastructure, Terraform, Docker, Kubernetes, Jenkins CI/CD, and Linux bash scripting. (Candidate Ref 447)","Machine Learning Engineer position requiring Python, Scikit-Learn, PyTorch, and ML model training experience. (Job Posting Ref 56)",,,,PENDING
PAIR_1119,RES_DEV_0448,JOB_DEV_0087,"Cloud Infrastructure Engineer skilled in Azure, Docker, Kubernetes, Ansible, Python scripting, and network security configuration. (Candidate Ref 448)","Cloud Security & DevOps Specialist required. Mandatory skills: Azure, Docker, Kubernetes, and Linux automation. (Job Posting Ref 87)",,,,PENDING
PAIR_1120,RES_DEV_0448,JOB_DEV_0088,"Cloud Infrastructure Engineer skilled in Azure, Docker, Kubernetes, Ansible, Python scripting, and network security configuration. (Candidate Ref 448)","Looking for DevOps Engineer with experience in AWS, Docker, Kubernetes, CI/CD pipelines, and Terraform. (Job Posting Ref 88)",,,,PENDING
PAIR_1121,RES_DEV_0449,JOB_DEV_0091,"Site Reliability Engineer (SRE) proficient in Linux system administration, AWS, Prometheus, Grafana, and automated deployment pipelines. (Candidate Ref 449)","Cloud Security & DevOps Specialist required. Mandatory skills: Azure, Docker, Kubernetes, and Linux automation. (Job Posting Ref 91)",,,,PENDING
PAIR_1122,RES_DEV_0449,JOB_DEV_0092,"Site Reliability Engineer (SRE) proficient in Linux system administration, AWS, Prometheus, Grafana, and automated deployment pipelines. (Candidate Ref 449)","Looking for DevOps Engineer with experience in AWS, Docker, Kubernetes, CI/CD pipelines, and Terraform. (Job Posting Ref 92)",,,,PENDING
PAIR_1123,RES_DEV_0449,JOB_QA _0109,"Site Reliability Engineer (SRE) proficient in Linux system administration, AWS, Prometheus, Grafana, and automated deployment pipelines. (Candidate Ref 449)","Hiring QA Automation Engineer with strong Java, Selenium WebDriver, TestNG, and REST API testing skills. (Job Posting Ref 109)",,,,PENDING
PAIR_1124,RES_DEV_0450,JOB_DEV_0087,"Junior Cloud Systems Administrator with AWS Certified Solutions Architect Associate credential. Knowledge of Docker, Linux, and Shell scripting. (Candidate Ref 450)","Cloud Security & DevOps Specialist required. Mandatory skills: Azure, Docker, Kubernetes, and Linux automation. (Job Posting Ref 87)",,,,PENDING
PAIR_1125,RES_DEV_0450,JOB_DEV_0088,"Junior Cloud Systems Administrator with AWS Certified Solutions Architect Associate credential. Knowledge of Docker, Linux, and Shell scripting. (Candidate Ref 450)","Looking for DevOps Engineer with experience in AWS, Docker, Kubernetes, CI/CD pipelines, and Terraform. (Job Posting Ref 88)",,,,PENDING
PAIR_1126,RES_DEV_0451,JOB_DEV_0083,"DevOps Engineer with 3 years experience managing AWS cloud infrastructure, Terraform, Docker, Kubernetes, Jenkins CI/CD, and Linux bash scripting. (Candidate Ref 451)","Cloud Security & DevOps Specialist required. Mandatory skills: Azure, Docker, Kubernetes, and Linux automation. (Job Posting Ref 83)",,,,PENDING
PAIR_1127,RES_DEV_0451,JOB_DEV_0084,"DevOps Engineer with 3 years experience managing AWS cloud infrastructure, Terraform, Docker, Kubernetes, Jenkins CI/CD, and Linux bash scripting. (Candidate Ref 451)","Looking for DevOps Engineer with experience in AWS, Docker, Kubernetes, CI/CD pipelines, and Terraform. (Job Posting Ref 84)",,,,PENDING
PAIR_1128,RES_DEV_0451,JOB_WEB_0029,"DevOps Engineer with 3 years experience managing AWS cloud infrastructure, Terraform, Docker, Kubernetes, Jenkins CI/CD, and Linux bash scripting. (Candidate Ref 451)","Full Stack JavaScript Developer needed. Requirements: Node.js, React, MongoDB, and TypeScript. (Job Posting Ref 29)",,,,PENDING
PAIR_1129,RES_DEV_0452,JOB_DEV_0079,"Cloud Infrastructure Engineer skilled in Azure, Docker, Kubernetes, Ansible, Python scripting, and network security configuration. (Candidate Ref 452)","Cloud Security & DevOps Specialist required. Mandatory skills: Azure, Docker, Kubernetes, and Linux automation. (Job Posting Ref 79)",,,,PENDING
PAIR_1130,RES_DEV_0452,JOB_DEV_0080,"Cloud Infrastructure Engineer skilled in Azure, Docker, Kubernetes, Ansible, Python scripting, and network security configuration. (Candidate Ref 452)","Looking for DevOps Engineer with experience in AWS, Docker, Kubernetes, CI/CD pipelines, and Terraform. (Job Posting Ref 80)",,,,PENDING
PAIR_1131,RES_DEV_0453,JOB_DEV_0099,"Site Reliability Engineer (SRE) proficient in Linux system administration, AWS, Prometheus, Grafana, and automated deployment pipelines. (Candidate Ref 453)","Cloud Security & DevOps Specialist required. Mandatory skills: Azure, Docker, Kubernetes, and Linux automation. (Job Posting Ref 99)",,,,PENDING
PAIR_1132,RES_DEV_0453,JOB_DEV_0100,"Site Reliability Engineer (SRE) proficient in Linux system administration, AWS, Prometheus, Grafana, and automated deployment pipelines. (Candidate Ref 453)","Looking for DevOps Engineer with experience in AWS, Docker, Kubernetes, CI/CD pipelines, and Terraform. (Job Posting Ref 100)",,,,PENDING
PAIR_1133,RES_DEV_0453,JOB_DAT_0072,"Site Reliability Engineer (SRE) proficient in Linux system administration, AWS, Prometheus, Grafana, and automated deployment pipelines. (Candidate Ref 453)","Machine Learning Engineer position requiring Python, Scikit-Learn, PyTorch, and ML model training experience. (Job Posting Ref 72)",,,,PENDING
PAIR_1134,RES_DEV_0454,JOB_DEV_0094,"Junior Cloud Systems Administrator with AWS Certified Solutions Architect Associate credential. Knowledge of Docker, Linux, and Shell scripting. (Candidate Ref 454)","Looking for DevOps Engineer with experience in AWS, Docker, Kubernetes, CI/CD pipelines, and Terraform. (Job Posting Ref 94)",,,,PENDING
PAIR_1135,RES_DEV_0454,JOB_DEV_0095,"Junior Cloud Systems Administrator with AWS Certified Solutions Architect Associate credential. Knowledge of Docker, Linux, and Shell scripting. (Candidate Ref 454)","Cloud Security & DevOps Specialist required. Mandatory skills: Azure, Docker, Kubernetes, and Linux automation. (Job Posting Ref 95)",,,,PENDING
PAIR_1136,RES_DEV_0455,JOB_DEV_0087,"DevOps Engineer with 3 years experience managing AWS cloud infrastructure, Terraform, Docker, Kubernetes, Jenkins CI/CD, and Linux bash scripting. (Candidate Ref 455)","Cloud Security & DevOps Specialist required. Mandatory skills: Azure, Docker, Kubernetes, and Linux automation. (Job Posting Ref 87)",,,,PENDING
PAIR_1137,RES_DEV_0455,JOB_DEV_0088,"DevOps Engineer with 3 years experience managing AWS cloud infrastructure, Terraform, Docker, Kubernetes, Jenkins CI/CD, and Linux bash scripting. (Candidate Ref 455)","Looking for DevOps Engineer with experience in AWS, Docker, Kubernetes, CI/CD pipelines, and Terraform. (Job Posting Ref 88)",,,,PENDING
PAIR_1138,RES_DEV_0455,JOB_QA _0115,"DevOps Engineer with 3 years experience managing AWS cloud infrastructure, Terraform, Docker, Kubernetes, Jenkins CI/CD, and Linux bash scripting. (Candidate Ref 455)","Hiring QA Automation Engineer with strong Java, Selenium WebDriver, TestNG, and REST API testing skills. (Job Posting Ref 115)",,,,PENDING
PAIR_1139,RES_DEV_0456,JOB_DEV_0100,"Cloud Infrastructure Engineer skilled in Azure, Docker, Kubernetes, Ansible, Python scripting, and network security configuration. (Candidate Ref 456)","Looking for DevOps Engineer with experience in AWS, Docker, Kubernetes, CI/CD pipelines, and Terraform. (Job Posting Ref 100)",,,,PENDING
PAIR_1140,RES_DEV_0456,JOB_DEV_0076,"Cloud Infrastructure Engineer skilled in Azure, Docker, Kubernetes, Ansible, Python scripting, and network security configuration. (Candidate Ref 456)","Looking for DevOps Engineer with experience in AWS, Docker, Kubernetes, CI/CD pipelines, and Terraform. (Job Posting Ref 76)",,,,PENDING
PAIR_1141,RES_DEV_0457,JOB_DEV_0087,"Site Reliability Engineer (SRE) proficient in Linux system administration, AWS, Prometheus, Grafana, and automated deployment pipelines. (Candidate Ref 457)","Cloud Security & DevOps Specialist required. Mandatory skills: Azure, Docker, Kubernetes, and Linux automation. (Job Posting Ref 87)",,,,PENDING
PAIR_1142,RES_DEV_0457,JOB_DEV_0088,"Site Reliability Engineer (SRE) proficient in Linux system administration, AWS, Prometheus, Grafana, and automated deployment pipelines. (Candidate Ref 457)","Looking for DevOps Engineer with experience in AWS, Docker, Kubernetes, CI/CD pipelines, and Terraform. (Job Posting Ref 88)",,,,PENDING
PAIR_1143,RES_DEV_0457,JOB_WEB_0032,"Site Reliability Engineer (SRE) proficient in Linux system administration, AWS, Prometheus, Grafana, and automated deployment pipelines. (Candidate Ref 457)","Seeking React Frontend Developer with 2+ years experience in React.js, JavaScript (ES6+), HTML5/CSS3, and REST API integration. (Job Posting Ref 32)",,,,PENDING
PAIR_1144,RES_DEV_0458,JOB_DEV_0093,"Junior Cloud Systems Administrator with AWS Certified Solutions Architect Associate credential. Knowledge of Docker, Linux, and Shell scripting. (Candidate Ref 458)","Cloud Security & DevOps Specialist required. Mandatory skills: Azure, Docker, Kubernetes, and Linux automation. (Job Posting Ref 93)",,,,PENDING
PAIR_1145,RES_DEV_0458,JOB_DEV_0094,"Junior Cloud Systems Administrator with AWS Certified Solutions Architect Associate credential. Knowledge of Docker, Linux, and Shell scripting. (Candidate Ref 458)","Looking for DevOps Engineer with experience in AWS, Docker, Kubernetes, CI/CD pipelines, and Terraform. (Job Posting Ref 94)",,,,PENDING
PAIR_1146,RES_DEV_0459,JOB_DEV_0091,"DevOps Engineer with 3 years experience managing AWS cloud infrastructure, Terraform, Docker, Kubernetes, Jenkins CI/CD, and Linux bash scripting. (Candidate Ref 459)","Cloud Security & DevOps Specialist required. Mandatory skills: Azure, Docker, Kubernetes, and Linux automation. (Job Posting Ref 91)",,,,PENDING
PAIR_1147,RES_DEV_0459,JOB_DEV_0092,"DevOps Engineer with 3 years experience managing AWS cloud infrastructure, Terraform, Docker, Kubernetes, Jenkins CI/CD, and Linux bash scripting. (Candidate Ref 459)","Looking for DevOps Engineer with experience in AWS, Docker, Kubernetes, CI/CD pipelines, and Terraform. (Job Posting Ref 92)",,,,PENDING
PAIR_1148,RES_DEV_0459,JOB_DAT_0062,"DevOps Engineer with 3 years experience managing AWS cloud infrastructure, Terraform, Docker, Kubernetes, Jenkins CI/CD, and Linux bash scripting. (Candidate Ref 459)","Machine Learning Engineer position requiring Python, Scikit-Learn, PyTorch, and ML model training experience. (Job Posting Ref 62)",,,,PENDING
PAIR_1149,RES_DEV_0460,JOB_DEV_0086,"Cloud Infrastructure Engineer skilled in Azure, Docker, Kubernetes, Ansible, Python scripting, and network security configuration. (Candidate Ref 460)","Looking for DevOps Engineer with experience in AWS, Docker, Kubernetes, CI/CD pipelines, and Terraform. (Job Posting Ref 86)",,,,PENDING
PAIR_1150,RES_DEV_0460,JOB_DEV_0087,"Cloud Infrastructure Engineer skilled in Azure, Docker, Kubernetes, Ansible, Python scripting, and network security configuration. (Candidate Ref 460)","Cloud Security & DevOps Specialist required. Mandatory skills: Azure, Docker, Kubernetes, and Linux automation. (Job Posting Ref 87)",,,,PENDING
PAIR_1151,RES_DEV_0461,JOB_DEV_0079,"Site Reliability Engineer (SRE) proficient in Linux system administration, AWS, Prometheus, Grafana, and automated deployment pipelines. (Candidate Ref 461)","Cloud Security & DevOps Specialist required. Mandatory skills: Azure, Docker, Kubernetes, and Linux automation. (Job Posting Ref 79)",,,,PENDING
PAIR_1152,RES_DEV_0461,JOB_DEV_0080,"Site Reliability Engineer (SRE) proficient in Linux system administration, AWS, Prometheus, Grafana, and automated deployment pipelines. (Candidate Ref 461)","Looking for DevOps Engineer with experience in AWS, Docker, Kubernetes, CI/CD pipelines, and Terraform. (Job Posting Ref 80)",,,,PENDING
PAIR_1153,RES_DEV_0461,JOB_WEB_0032,"Site Reliability Engineer (SRE) proficient in Linux system administration, AWS, Prometheus, Grafana, and automated deployment pipelines. (Candidate Ref 461)","Seeking React Frontend Developer with 2+ years experience in React.js, JavaScript (ES6+), HTML5/CSS3, and REST API integration. (Job Posting Ref 32)",,,,PENDING
PAIR_1154,RES_DEV_0462,JOB_DEV_0088,"Junior Cloud Systems Administrator with AWS Certified Solutions Architect Associate credential. Knowledge of Docker, Linux, and Shell scripting. (Candidate Ref 462)","Looking for DevOps Engineer with experience in AWS, Docker, Kubernetes, CI/CD pipelines, and Terraform. (Job Posting Ref 88)",,,,PENDING
PAIR_1155,RES_DEV_0462,JOB_DEV_0089,"Junior Cloud Systems Administrator with AWS Certified Solutions Architect Associate credential. Knowledge of Docker, Linux, and Shell scripting. (Candidate Ref 462)","Cloud Security & DevOps Specialist required. Mandatory skills: Azure, Docker, Kubernetes, and Linux automation. (Job Posting Ref 89)",,,,PENDING
PAIR_1156,RES_DEV_0463,JOB_DEV_0088,"DevOps Engineer with 3 years experience managing AWS cloud infrastructure, Terraform, Docker, Kubernetes, Jenkins CI/CD, and Linux bash scripting. (Candidate Ref 463)","Looking for DevOps Engineer with experience in AWS, Docker, Kubernetes, CI/CD pipelines, and Terraform. (Job Posting Ref 88)",,,,PENDING
PAIR_1157,RES_DEV_0463,JOB_DEV_0089,"DevOps Engineer with 3 years experience managing AWS cloud infrastructure, Terraform, Docker, Kubernetes, Jenkins CI/CD, and Linux bash scripting. (Candidate Ref 463)","Cloud Security & DevOps Specialist required. Mandatory skills: Azure, Docker, Kubernetes, and Linux automation. (Job Posting Ref 89)",,,,PENDING
PAIR_1158,RES_DEV_0463,JOB_SOF_0025,"DevOps Engineer with 3 years experience managing AWS cloud infrastructure, Terraform, Docker, Kubernetes, Jenkins CI/CD, and Linux bash scripting. (Candidate Ref 463)","Looking for Backend Java Developer with 2-4 years experience in Java, Spring Boot, REST APIs, and MySQL. (Job Posting Ref 25)",,,,PENDING
PAIR_1159,RES_DEV_0464,JOB_DEV_0085,"Cloud Infrastructure Engineer skilled in Azure, Docker, Kubernetes, Ansible, Python scripting, and network security configuration. (Candidate Ref 464)","Cloud Security & DevOps Specialist required. Mandatory skills: Azure, Docker, Kubernetes, and Linux automation. (Job Posting Ref 85)",,,,PENDING
PAIR_1160,RES_DEV_0464,JOB_DEV_0086,"Cloud Infrastructure Engineer skilled in Azure, Docker, Kubernetes, Ansible, Python scripting, and network security configuration. (Candidate Ref 464)","Looking for DevOps Engineer with experience in AWS, Docker, Kubernetes, CI/CD pipelines, and Terraform. (Job Posting Ref 86)",,,,PENDING
PAIR_1161,RES_DEV_0465,JOB_DEV_0082,"Site Reliability Engineer (SRE) proficient in Linux system administration, AWS, Prometheus, Grafana, and automated deployment pipelines. (Candidate Ref 465)","Looking for DevOps Engineer with experience in AWS, Docker, Kubernetes, CI/CD pipelines, and Terraform. (Job Posting Ref 82)",,,,PENDING
PAIR_1162,RES_DEV_0465,JOB_DEV_0083,"Site Reliability Engineer (SRE) proficient in Linux system administration, AWS, Prometheus, Grafana, and automated deployment pipelines. (Candidate Ref 465)","Cloud Security & DevOps Specialist required. Mandatory skills: Azure, Docker, Kubernetes, and Linux automation. (Job Posting Ref 83)",,,,PENDING
PAIR_1163,RES_DEV_0465,JOB_DAT_0069,"Site Reliability Engineer (SRE) proficient in Linux system administration, AWS, Prometheus, Grafana, and automated deployment pipelines. (Candidate Ref 465)","Hiring Data Analyst with strong SQL, Python (Pandas/NumPy), and Tableau data visualization skills. (Job Posting Ref 69)",,,,PENDING
PAIR_1164,RES_DEV_0466,JOB_DEV_0089,"Junior Cloud Systems Administrator with AWS Certified Solutions Architect Associate credential. Knowledge of Docker, Linux, and Shell scripting. (Candidate Ref 466)","Cloud Security & DevOps Specialist required. Mandatory skills: Azure, Docker, Kubernetes, and Linux automation. (Job Posting Ref 89)",,,,PENDING
PAIR_1165,RES_DEV_0466,JOB_DEV_0090,"Junior Cloud Systems Administrator with AWS Certified Solutions Architect Associate credential. Knowledge of Docker, Linux, and Shell scripting. (Candidate Ref 466)","Looking for DevOps Engineer with experience in AWS, Docker, Kubernetes, CI/CD pipelines, and Terraform. (Job Posting Ref 90)",,,,PENDING
PAIR_1166,RES_DEV_0467,JOB_DEV_0089,"DevOps Engineer with 3 years experience managing AWS cloud infrastructure, Terraform, Docker, Kubernetes, Jenkins CI/CD, and Linux bash scripting. (Candidate Ref 467)","Cloud Security & DevOps Specialist required. Mandatory skills: Azure, Docker, Kubernetes, and Linux automation. (Job Posting Ref 89)",,,,PENDING
PAIR_1167,RES_DEV_0467,JOB_DEV_0090,"DevOps Engineer with 3 years experience managing AWS cloud infrastructure, Terraform, Docker, Kubernetes, Jenkins CI/CD, and Linux bash scripting. (Candidate Ref 467)","Looking for DevOps Engineer with experience in AWS, Docker, Kubernetes, CI/CD pipelines, and Terraform. (Job Posting Ref 90)",,,,PENDING
PAIR_1168,RES_DEV_0467,JOB_QA _0121,"DevOps Engineer with 3 years experience managing AWS cloud infrastructure, Terraform, Docker, Kubernetes, Jenkins CI/CD, and Linux bash scripting. (Candidate Ref 467)","Hiring QA Automation Engineer with strong Java, Selenium WebDriver, TestNG, and REST API testing skills. (Job Posting Ref 121)",,,,PENDING
PAIR_1169,RES_DEV_0468,JOB_DEV_0088,"Cloud Infrastructure Engineer skilled in Azure, Docker, Kubernetes, Ansible, Python scripting, and network security configuration. (Candidate Ref 468)","Looking for DevOps Engineer with experience in AWS, Docker, Kubernetes, CI/CD pipelines, and Terraform. (Job Posting Ref 88)",,,,PENDING
PAIR_1170,RES_DEV_0468,JOB_DEV_0089,"Cloud Infrastructure Engineer skilled in Azure, Docker, Kubernetes, Ansible, Python scripting, and network security configuration. (Candidate Ref 468)","Cloud Security & DevOps Specialist required. Mandatory skills: Azure, Docker, Kubernetes, and Linux automation. (Job Posting Ref 89)",,,,PENDING
PAIR_1171,RES_DEV_0469,JOB_DEV_0083,"Site Reliability Engineer (SRE) proficient in Linux system administration, AWS, Prometheus, Grafana, and automated deployment pipelines. (Candidate Ref 469)","Cloud Security & DevOps Specialist required. Mandatory skills: Azure, Docker, Kubernetes, and Linux automation. (Job Posting Ref 83)",,,,PENDING
PAIR_1172,RES_DEV_0469,JOB_DEV_0084,"Site Reliability Engineer (SRE) proficient in Linux system administration, AWS, Prometheus, Grafana, and automated deployment pipelines. (Candidate Ref 469)","Looking for DevOps Engineer with experience in AWS, Docker, Kubernetes, CI/CD pipelines, and Terraform. (Job Posting Ref 84)",,,,PENDING
PAIR_1173,RES_DEV_0469,JOB_DAT_0068,"Site Reliability Engineer (SRE) proficient in Linux system administration, AWS, Prometheus, Grafana, and automated deployment pipelines. (Candidate Ref 469)","Machine Learning Engineer position requiring Python, Scikit-Learn, PyTorch, and ML model training experience. (Job Posting Ref 68)",,,,PENDING
PAIR_1174,RES_DEV_0470,JOB_DEV_0100,"Junior Cloud Systems Administrator with AWS Certified Solutions Architect Associate credential. Knowledge of Docker, Linux, and Shell scripting. (Candidate Ref 470)","Looking for DevOps Engineer with experience in AWS, Docker, Kubernetes, CI/CD pipelines, and Terraform. (Job Posting Ref 100)",,,,PENDING
PAIR_1175,RES_DEV_0470,JOB_DEV_0076,"Junior Cloud Systems Administrator with AWS Certified Solutions Architect Associate credential. Knowledge of Docker, Linux, and Shell scripting. (Candidate Ref 470)","Looking for DevOps Engineer with experience in AWS, Docker, Kubernetes, CI/CD pipelines, and Terraform. (Job Posting Ref 76)",,,,PENDING
PAIR_1176,RES_DEV_0471,JOB_DEV_0089,"DevOps Engineer with 3 years experience managing AWS cloud infrastructure, Terraform, Docker, Kubernetes, Jenkins CI/CD, and Linux bash scripting. (Candidate Ref 471)","Cloud Security & DevOps Specialist required. Mandatory skills: Azure, Docker, Kubernetes, and Linux automation. (Job Posting Ref 89)",,,,PENDING
PAIR_1177,RES_DEV_0471,JOB_DEV_0090,"DevOps Engineer with 3 years experience managing AWS cloud infrastructure, Terraform, Docker, Kubernetes, Jenkins CI/CD, and Linux bash scripting. (Candidate Ref 471)","Looking for DevOps Engineer with experience in AWS, Docker, Kubernetes, CI/CD pipelines, and Terraform. (Job Posting Ref 90)",,,,PENDING
PAIR_1178,RES_DEV_0471,JOB_QA _0107,"DevOps Engineer with 3 years experience managing AWS cloud infrastructure, Terraform, Docker, Kubernetes, Jenkins CI/CD, and Linux bash scripting. (Candidate Ref 471)","Hiring QA Automation Engineer with strong Java, Selenium WebDriver, TestNG, and REST API testing skills. (Job Posting Ref 107)",,,,PENDING
PAIR_1179,RES_DEV_0472,JOB_DEV_0096,"Cloud Infrastructure Engineer skilled in Azure, Docker, Kubernetes, Ansible, Python scripting, and network security configuration. (Candidate Ref 472)","Looking for DevOps Engineer with experience in AWS, Docker, Kubernetes, CI/CD pipelines, and Terraform. (Job Posting Ref 96)",,,,PENDING
PAIR_1180,RES_DEV_0472,JOB_DEV_0097,"Cloud Infrastructure Engineer skilled in Azure, Docker, Kubernetes, Ansible, Python scripting, and network security configuration. (Candidate Ref 472)","Cloud Security & DevOps Specialist required. Mandatory skills: Azure, Docker, Kubernetes, and Linux automation. (Job Posting Ref 97)",,,,PENDING
PAIR_1181,RES_QA _0473,JOB_QA _0107,"QA Automation Engineer with 3 years experience writing automated test scripts using Java, Selenium WebDriver, TestNG, Cucumber, and Postman REST API testing. (Candidate Ref 473)","Hiring QA Automation Engineer with strong Java, Selenium WebDriver, TestNG, and REST API testing skills. (Job Posting Ref 107)",,,,PENDING
PAIR_1182,RES_QA _0473,JOB_QA _0108,"QA Automation Engineer with 3 years experience writing automated test scripts using Java, Selenium WebDriver, TestNG, Cucumber, and Postman REST API testing. (Candidate Ref 473)","Senior Software Quality Assurance Lead requiring Selenium, Python automation, Postman API testing, and Jira defect tracking. (Job Posting Ref 108)",,,,PENDING
PAIR_1183,RES_QA _0473,JOB_DAT_0057,"QA Automation Engineer with 3 years experience writing automated test scripts using Java, Selenium WebDriver, TestNG, Cucumber, and Postman REST API testing. (Candidate Ref 473)","Hiring Data Analyst with strong SQL, Python (Pandas/NumPy), and Tableau data visualization skills. (Job Posting Ref 57)",,,,PENDING
PAIR_1184,RES_QA _0474,JOB_QA _0110,"Software Tester skilled in Manual Testing, SDLC, Test Case creation, Defect Tracking in Jira, and basic Selenium with Java. (Candidate Ref 474)","Senior Software Quality Assurance Lead requiring Selenium, Python automation, Postman API testing, and Jira defect tracking. (Job Posting Ref 110)",,,,PENDING
PAIR_1185,RES_QA _0474,JOB_QA _0111,"Software Tester skilled in Manual Testing, SDLC, Test Case creation, Defect Tracking in Jira, and basic Selenium with Java. (Candidate Ref 474)","Hiring QA Automation Engineer with strong Java, Selenium WebDriver, TestNG, and REST API testing skills. (Job Posting Ref 111)",,,,PENDING
PAIR_1186,RES_QA _0475,JOB_QA _0119,"Senior QA Lead proficient in Test Automation Frameworks, Selenium, Python, PyTest, Jenkins integration, and API testing with Postman. (Candidate Ref 475)","Hiring QA Automation Engineer with strong Java, Selenium WebDriver, TestNG, and REST API testing skills. (Job Posting Ref 119)",,,,PENDING
PAIR_1187,RES_QA _0475,JOB_QA _0120,"Senior QA Lead proficient in Test Automation Frameworks, Selenium, Python, PyTest, Jenkins integration, and API testing with Postman. (Candidate Ref 475)","Senior Software Quality Assurance Lead requiring Selenium, Python automation, Postman API testing, and Jira defect tracking. (Job Posting Ref 120)",,,,PENDING
PAIR_1188,RES_QA _0475,JOB_WEB_0050,"Senior QA Lead proficient in Test Automation Frameworks, Selenium, Python, PyTest, Jenkins integration, and API testing with Postman. (Candidate Ref 475)","Seeking React Frontend Developer with 2+ years experience in React.js, JavaScript (ES6+), HTML5/CSS3, and REST API integration. (Job Posting Ref 50)",,,,PENDING
PAIR_1189,RES_QA _0476,JOB_QA _0101,"Junior QA Analyst with knowledge of Software Testing Life Cycle (STLC), Bug reporting, SQL queries, and Selenium WebDriver basics. (Candidate Ref 476)","Hiring QA Automation Engineer with strong Java, Selenium WebDriver, TestNG, and REST API testing skills. (Job Posting Ref 101)",,,,PENDING
PAIR_1190,RES_QA _0476,JOB_QA _0102,"Junior QA Analyst with knowledge of Software Testing Life Cycle (STLC), Bug reporting, SQL queries, and Selenium WebDriver basics. (Candidate Ref 476)","Senior Software Quality Assurance Lead requiring Selenium, Python automation, Postman API testing, and Jira defect tracking. (Job Posting Ref 102)",,,,PENDING
PAIR_1191,RES_QA _0477,JOB_QA _0108,"QA Automation Engineer with 3 years experience writing automated test scripts using Java, Selenium WebDriver, TestNG, Cucumber, and Postman REST API testing. (Candidate Ref 477)","Senior Software Quality Assurance Lead requiring Selenium, Python automation, Postman API testing, and Jira defect tracking. (Job Posting Ref 108)",,,,PENDING
PAIR_1192,RES_QA _0477,JOB_QA _0109,"QA Automation Engineer with 3 years experience writing automated test scripts using Java, Selenium WebDriver, TestNG, Cucumber, and Postman REST API testing. (Candidate Ref 477)","Hiring QA Automation Engineer with strong Java, Selenium WebDriver, TestNG, and REST API testing skills. (Job Posting Ref 109)",,,,PENDING
PAIR_1193,RES_QA _0477,JOB_SOF_0005,"QA Automation Engineer with 3 years experience writing automated test scripts using Java, Selenium WebDriver, TestNG, Cucumber, and Postman REST API testing. (Candidate Ref 477)","Looking for Backend Java Developer with 2-4 years experience in Java, Spring Boot, REST APIs, and MySQL. (Job Posting Ref 5)",,,,PENDING
PAIR_1194,RES_QA _0478,JOB_QA _0122,"Software Tester skilled in Manual Testing, SDLC, Test Case creation, Defect Tracking in Jira, and basic Selenium with Java. (Candidate Ref 478)","Senior Software Quality Assurance Lead requiring Selenium, Python automation, Postman API testing, and Jira defect tracking. (Job Posting Ref 122)",,,,PENDING
PAIR_1195,RES_QA _0478,JOB_QA _0123,"Software Tester skilled in Manual Testing, SDLC, Test Case creation, Defect Tracking in Jira, and basic Selenium with Java. (Candidate Ref 478)","Hiring QA Automation Engineer with strong Java, Selenium WebDriver, TestNG, and REST API testing skills. (Job Posting Ref 123)",,,,PENDING
PAIR_1196,RES_QA _0479,JOB_QA _0101,"Senior QA Lead proficient in Test Automation Frameworks, Selenium, Python, PyTest, Jenkins integration, and API testing with Postman. (Candidate Ref 479)","Hiring QA Automation Engineer with strong Java, Selenium WebDriver, TestNG, and REST API testing skills. (Job Posting Ref 101)",,,,PENDING
PAIR_1197,RES_QA _0479,JOB_QA _0102,"Senior QA Lead proficient in Test Automation Frameworks, Selenium, Python, PyTest, Jenkins integration, and API testing with Postman. (Candidate Ref 479)","Senior Software Quality Assurance Lead requiring Selenium, Python automation, Postman API testing, and Jira defect tracking. (Job Posting Ref 102)",,,,PENDING
PAIR_1198,RES_QA _0479,JOB_DAT_0062,"Senior QA Lead proficient in Test Automation Frameworks, Selenium, Python, PyTest, Jenkins integration, and API testing with Postman. (Candidate Ref 479)","Machine Learning Engineer position requiring Python, Scikit-Learn, PyTorch, and ML model training experience. (Job Posting Ref 62)",,,,PENDING
PAIR_1199,RES_QA _0480,JOB_QA _0107,"Junior QA Analyst with knowledge of Software Testing Life Cycle (STLC), Bug reporting, SQL queries, and Selenium WebDriver basics. (Candidate Ref 480)","Hiring QA Automation Engineer with strong Java, Selenium WebDriver, TestNG, and REST API testing skills. (Job Posting Ref 107)",,,,PENDING
PAIR_1200,RES_QA _0480,JOB_QA _0108,"Junior QA Analyst with knowledge of Software Testing Life Cycle (STLC), Bug reporting, SQL queries, and Selenium WebDriver basics. (Candidate Ref 480)","Senior Software Quality Assurance Lead requiring Selenium, Python automation, Postman API testing, and Jira defect tracking. (Job Posting Ref 108)",,,,PENDING
PAIR_1201,RES_QA _0481,JOB_QA _0121,"QA Automation Engineer with 3 years experience writing automated test scripts using Java, Selenium WebDriver, TestNG, Cucumber, and Postman REST API testing. (Candidate Ref 481)","Hiring QA Automation Engineer with strong Java, Selenium WebDriver, TestNG, and REST API testing skills. (Job Posting Ref 121)",,,,PENDING
PAIR_1202,RES_QA _0481,JOB_QA _0122,"QA Automation Engineer with 3 years experience writing automated test scripts using Java, Selenium WebDriver, TestNG, Cucumber, and Postman REST API testing. (Candidate Ref 481)","Senior Software Quality Assurance Lead requiring Selenium, Python automation, Postman API testing, and Jira defect tracking. (Job Posting Ref 122)",,,,PENDING
PAIR_1203,RES_QA _0481,JOB_WEB_0036,"QA Automation Engineer with 3 years experience writing automated test scripts using Java, Selenium WebDriver, TestNG, Cucumber, and Postman REST API testing. (Candidate Ref 481)","Seeking React Frontend Developer with 2+ years experience in React.js, JavaScript (ES6+), HTML5/CSS3, and REST API integration. (Job Posting Ref 36)",,,,PENDING
PAIR_1204,RES_QA _0482,JOB_QA _0118,"Software Tester skilled in Manual Testing, SDLC, Test Case creation, Defect Tracking in Jira, and basic Selenium with Java. (Candidate Ref 482)","Senior Software Quality Assurance Lead requiring Selenium, Python automation, Postman API testing, and Jira defect tracking. (Job Posting Ref 118)",,,,PENDING
PAIR_1205,RES_QA _0482,JOB_QA _0119,"Software Tester skilled in Manual Testing, SDLC, Test Case creation, Defect Tracking in Jira, and basic Selenium with Java. (Candidate Ref 482)","Hiring QA Automation Engineer with strong Java, Selenium WebDriver, TestNG, and REST API testing skills. (Job Posting Ref 119)",,,,PENDING
PAIR_1206,RES_QA _0483,JOB_QA _0110,"Senior QA Lead proficient in Test Automation Frameworks, Selenium, Python, PyTest, Jenkins integration, and API testing with Postman. (Candidate Ref 483)","Senior Software Quality Assurance Lead requiring Selenium, Python automation, Postman API testing, and Jira defect tracking. (Job Posting Ref 110)",,,,PENDING
PAIR_1207,RES_QA _0483,JOB_QA _0111,"Senior QA Lead proficient in Test Automation Frameworks, Selenium, Python, PyTest, Jenkins integration, and API testing with Postman. (Candidate Ref 483)","Hiring QA Automation Engineer with strong Java, Selenium WebDriver, TestNG, and REST API testing skills. (Job Posting Ref 111)",,,,PENDING
PAIR_1208,RES_QA _0483,JOB_WEB_0046,"Senior QA Lead proficient in Test Automation Frameworks, Selenium, Python, PyTest, Jenkins integration, and API testing with Postman. (Candidate Ref 483)","Seeking React Frontend Developer with 2+ years experience in React.js, JavaScript (ES6+), HTML5/CSS3, and REST API integration. (Job Posting Ref 46)",,,,PENDING
PAIR_1209,RES_QA _0484,JOB_QA _0119,"Junior QA Analyst with knowledge of Software Testing Life Cycle (STLC), Bug reporting, SQL queries, and Selenium WebDriver basics. (Candidate Ref 484)","Hiring QA Automation Engineer with strong Java, Selenium WebDriver, TestNG, and REST API testing skills. (Job Posting Ref 119)",,,,PENDING
PAIR_1210,RES_QA _0484,JOB_QA _0120,"Junior QA Analyst with knowledge of Software Testing Life Cycle (STLC), Bug reporting, SQL queries, and Selenium WebDriver basics. (Candidate Ref 484)","Senior Software Quality Assurance Lead requiring Selenium, Python automation, Postman API testing, and Jira defect tracking. (Job Posting Ref 120)",,,,PENDING
PAIR_1211,RES_QA _0485,JOB_QA _0109,"QA Automation Engineer with 3 years experience writing automated test scripts using Java, Selenium WebDriver, TestNG, Cucumber, and Postman REST API testing. (Candidate Ref 485)","Hiring QA Automation Engineer with strong Java, Selenium WebDriver, TestNG, and REST API testing skills. (Job Posting Ref 109)",,,,PENDING
PAIR_1212,RES_QA _0485,JOB_QA _0110,"QA Automation Engineer with 3 years experience writing automated test scripts using Java, Selenium WebDriver, TestNG, Cucumber, and Postman REST API testing. (Candidate Ref 485)","Senior Software Quality Assurance Lead requiring Selenium, Python automation, Postman API testing, and Jira defect tracking. (Job Posting Ref 110)",,,,PENDING
PAIR_1213,RES_QA _0485,JOB_DEV_0097,"QA Automation Engineer with 3 years experience writing automated test scripts using Java, Selenium WebDriver, TestNG, Cucumber, and Postman REST API testing. (Candidate Ref 485)","Cloud Security & DevOps Specialist required. Mandatory skills: Azure, Docker, Kubernetes, and Linux automation. (Job Posting Ref 97)",,,,PENDING
PAIR_1214,RES_QA _0486,JOB_QA _0106,"Software Tester skilled in Manual Testing, SDLC, Test Case creation, Defect Tracking in Jira, and basic Selenium with Java. (Candidate Ref 486)","Senior Software Quality Assurance Lead requiring Selenium, Python automation, Postman API testing, and Jira defect tracking. (Job Posting Ref 106)",,,,PENDING
PAIR_1215,RES_QA _0486,JOB_QA _0107,"Software Tester skilled in Manual Testing, SDLC, Test Case creation, Defect Tracking in Jira, and basic Selenium with Java. (Candidate Ref 486)","Hiring QA Automation Engineer with strong Java, Selenium WebDriver, TestNG, and REST API testing skills. (Job Posting Ref 107)",,,,PENDING
PAIR_1216,RES_QA _0487,JOB_QA _0120,"Senior QA Lead proficient in Test Automation Frameworks, Selenium, Python, PyTest, Jenkins integration, and API testing with Postman. (Candidate Ref 487)","Senior Software Quality Assurance Lead requiring Selenium, Python automation, Postman API testing, and Jira defect tracking. (Job Posting Ref 120)",,,,PENDING
PAIR_1217,RES_QA _0487,JOB_QA _0121,"Senior QA Lead proficient in Test Automation Frameworks, Selenium, Python, PyTest, Jenkins integration, and API testing with Postman. (Candidate Ref 487)","Hiring QA Automation Engineer with strong Java, Selenium WebDriver, TestNG, and REST API testing skills. (Job Posting Ref 121)",,,,PENDING
PAIR_1218,RES_QA _0487,JOB_SOF_0005,"Senior QA Lead proficient in Test Automation Frameworks, Selenium, Python, PyTest, Jenkins integration, and API testing with Postman. (Candidate Ref 487)","Looking for Backend Java Developer with 2-4 years experience in Java, Spring Boot, REST APIs, and MySQL. (Job Posting Ref 5)",,,,PENDING
PAIR_1219,RES_QA _0488,JOB_QA _0106,"Junior QA Analyst with knowledge of Software Testing Life Cycle (STLC), Bug reporting, SQL queries, and Selenium WebDriver basics. (Candidate Ref 488)","Senior Software Quality Assurance Lead requiring Selenium, Python automation, Postman API testing, and Jira defect tracking. (Job Posting Ref 106)",,,,PENDING
PAIR_1220,RES_QA _0488,JOB_QA _0107,"Junior QA Analyst with knowledge of Software Testing Life Cycle (STLC), Bug reporting, SQL queries, and Selenium WebDriver basics. (Candidate Ref 488)","Hiring QA Automation Engineer with strong Java, Selenium WebDriver, TestNG, and REST API testing skills. (Job Posting Ref 107)",,,,PENDING
PAIR_1221,RES_QA _0489,JOB_QA _0122,"QA Automation Engineer with 3 years experience writing automated test scripts using Java, Selenium WebDriver, TestNG, Cucumber, and Postman REST API testing. (Candidate Ref 489)","Senior Software Quality Assurance Lead requiring Selenium, Python automation, Postman API testing, and Jira defect tracking. (Job Posting Ref 122)",,,,PENDING
PAIR_1222,RES_QA _0489,JOB_QA _0123,"QA Automation Engineer with 3 years experience writing automated test scripts using Java, Selenium WebDriver, TestNG, Cucumber, and Postman REST API testing. (Candidate Ref 489)","Hiring QA Automation Engineer with strong Java, Selenium WebDriver, TestNG, and REST API testing skills. (Job Posting Ref 123)",,,,PENDING
PAIR_1223,RES_QA _0489,JOB_DAT_0069,"QA Automation Engineer with 3 years experience writing automated test scripts using Java, Selenium WebDriver, TestNG, Cucumber, and Postman REST API testing. (Candidate Ref 489)","Hiring Data Analyst with strong SQL, Python (Pandas/NumPy), and Tableau data visualization skills. (Job Posting Ref 69)",,,,PENDING
PAIR_1224,RES_QA _0490,JOB_QA _0116,"Software Tester skilled in Manual Testing, SDLC, Test Case creation, Defect Tracking in Jira, and basic Selenium with Java. (Candidate Ref 490)","Senior Software Quality Assurance Lead requiring Selenium, Python automation, Postman API testing, and Jira defect tracking. (Job Posting Ref 116)",,,,PENDING
PAIR_1225,RES_QA _0490,JOB_QA _0117,"Software Tester skilled in Manual Testing, SDLC, Test Case creation, Defect Tracking in Jira, and basic Selenium with Java. (Candidate Ref 490)","Hiring QA Automation Engineer with strong Java, Selenium WebDriver, TestNG, and REST API testing skills. (Job Posting Ref 117)",,,,PENDING
PAIR_1226,RES_QA _0491,JOB_QA _0114,"Senior QA Lead proficient in Test Automation Frameworks, Selenium, Python, PyTest, Jenkins integration, and API testing with Postman. (Candidate Ref 491)","Senior Software Quality Assurance Lead requiring Selenium, Python automation, Postman API testing, and Jira defect tracking. (Job Posting Ref 114)",,,,PENDING
PAIR_1227,RES_QA _0491,JOB_QA _0115,"Senior QA Lead proficient in Test Automation Frameworks, Selenium, Python, PyTest, Jenkins integration, and API testing with Postman. (Candidate Ref 491)","Hiring QA Automation Engineer with strong Java, Selenium WebDriver, TestNG, and REST API testing skills. (Job Posting Ref 115)",,,,PENDING
PAIR_1228,RES_QA _0491,JOB_WEB_0033,"Senior QA Lead proficient in Test Automation Frameworks, Selenium, Python, PyTest, Jenkins integration, and API testing with Postman. (Candidate Ref 491)","Full Stack JavaScript Developer needed. Requirements: Node.js, React, MongoDB, and TypeScript. (Job Posting Ref 33)",,,,PENDING
PAIR_1229,RES_QA _0492,JOB_QA _0114,"Junior QA Analyst with knowledge of Software Testing Life Cycle (STLC), Bug reporting, SQL queries, and Selenium WebDriver basics. (Candidate Ref 492)","Senior Software Quality Assurance Lead requiring Selenium, Python automation, Postman API testing, and Jira defect tracking. (Job Posting Ref 114)",,,,PENDING
PAIR_1230,RES_QA _0492,JOB_QA _0115,"Junior QA Analyst with knowledge of Software Testing Life Cycle (STLC), Bug reporting, SQL queries, and Selenium WebDriver basics. (Candidate Ref 492)","Hiring QA Automation Engineer with strong Java, Selenium WebDriver, TestNG, and REST API testing skills. (Job Posting Ref 115)",,,,PENDING
PAIR_1231,RES_QA _0493,JOB_QA _0104,"QA Automation Engineer with 3 years experience writing automated test scripts using Java, Selenium WebDriver, TestNG, Cucumber, and Postman REST API testing. (Candidate Ref 493)","Senior Software Quality Assurance Lead requiring Selenium, Python automation, Postman API testing, and Jira defect tracking. (Job Posting Ref 104)",,,,PENDING
PAIR_1232,RES_QA _0493,JOB_QA _0105,"QA Automation Engineer with 3 years experience writing automated test scripts using Java, Selenium WebDriver, TestNG, Cucumber, and Postman REST API testing. (Candidate Ref 493)","Hiring QA Automation Engineer with strong Java, Selenium WebDriver, TestNG, and REST API testing skills. (Job Posting Ref 105)",,,,PENDING
PAIR_1233,RES_QA _0493,JOB_DEV_0089,"QA Automation Engineer with 3 years experience writing automated test scripts using Java, Selenium WebDriver, TestNG, Cucumber, and Postman REST API testing. (Candidate Ref 493)","Cloud Security & DevOps Specialist required. Mandatory skills: Azure, Docker, Kubernetes, and Linux automation. (Job Posting Ref 89)",,,,PENDING
PAIR_1234,RES_QA _0494,JOB_QA _0113,"Software Tester skilled in Manual Testing, SDLC, Test Case creation, Defect Tracking in Jira, and basic Selenium with Java. (Candidate Ref 494)","Hiring QA Automation Engineer with strong Java, Selenium WebDriver, TestNG, and REST API testing skills. (Job Posting Ref 113)",,,,PENDING
PAIR_1235,RES_QA _0494,JOB_QA _0114,"Software Tester skilled in Manual Testing, SDLC, Test Case creation, Defect Tracking in Jira, and basic Selenium with Java. (Candidate Ref 494)","Senior Software Quality Assurance Lead requiring Selenium, Python automation, Postman API testing, and Jira defect tracking. (Job Posting Ref 114)",,,,PENDING
PAIR_1236,RES_QA _0495,JOB_QA _0125,"Senior QA Lead proficient in Test Automation Frameworks, Selenium, Python, PyTest, Jenkins integration, and API testing with Postman. (Candidate Ref 495)","Hiring QA Automation Engineer with strong Java, Selenium WebDriver, TestNG, and REST API testing skills. (Job Posting Ref 125)",,,,PENDING
PAIR_1237,RES_QA _0495,JOB_QA _0101,"Senior QA Lead proficient in Test Automation Frameworks, Selenium, Python, PyTest, Jenkins integration, and API testing with Postman. (Candidate Ref 495)","Hiring QA Automation Engineer with strong Java, Selenium WebDriver, TestNG, and REST API testing skills. (Job Posting Ref 101)",,,,PENDING
PAIR_1238,RES_QA _0495,JOB_WEB_0049,"Senior QA Lead proficient in Test Automation Frameworks, Selenium, Python, PyTest, Jenkins integration, and API testing with Postman. (Candidate Ref 495)","Full Stack JavaScript Developer needed. Requirements: Node.js, React, MongoDB, and TypeScript. (Job Posting Ref 49)",,,,PENDING
PAIR_1239,RES_QA _0496,JOB_QA _0106,"Junior QA Analyst with knowledge of Software Testing Life Cycle (STLC), Bug reporting, SQL queries, and Selenium WebDriver basics. (Candidate Ref 496)","Senior Software Quality Assurance Lead requiring Selenium, Python automation, Postman API testing, and Jira defect tracking. (Job Posting Ref 106)",,,,PENDING
PAIR_1240,RES_QA _0496,JOB_QA _0107,"Junior QA Analyst with knowledge of Software Testing Life Cycle (STLC), Bug reporting, SQL queries, and Selenium WebDriver basics. (Candidate Ref 496)","Hiring QA Automation Engineer with strong Java, Selenium WebDriver, TestNG, and REST API testing skills. (Job Posting Ref 107)",,,,PENDING
PAIR_1241,RES_QA _0497,JOB_QA _0125,"QA Automation Engineer with 3 years experience writing automated test scripts using Java, Selenium WebDriver, TestNG, Cucumber, and Postman REST API testing. (Candidate Ref 497)","Hiring QA Automation Engineer with strong Java, Selenium WebDriver, TestNG, and REST API testing skills. (Job Posting Ref 125)",,,,PENDING
PAIR_1242,RES_QA _0497,JOB_QA _0101,"QA Automation Engineer with 3 years experience writing automated test scripts using Java, Selenium WebDriver, TestNG, Cucumber, and Postman REST API testing. (Candidate Ref 497)","Hiring QA Automation Engineer with strong Java, Selenium WebDriver, TestNG, and REST API testing skills. (Job Posting Ref 101)",,,,PENDING
PAIR_1243,RES_QA _0497,JOB_DEV_0083,"QA Automation Engineer with 3 years experience writing automated test scripts using Java, Selenium WebDriver, TestNG, Cucumber, and Postman REST API testing. (Candidate Ref 497)","Cloud Security & DevOps Specialist required. Mandatory skills: Azure, Docker, Kubernetes, and Linux automation. (Job Posting Ref 83)",,,,PENDING
PAIR_1244,RES_QA _0498,JOB_QA _0114,"Software Tester skilled in Manual Testing, SDLC, Test Case creation, Defect Tracking in Jira, and basic Selenium with Java. (Candidate Ref 498)","Senior Software Quality Assurance Lead requiring Selenium, Python automation, Postman API testing, and Jira defect tracking. (Job Posting Ref 114)",,,,PENDING
PAIR_1245,RES_QA _0498,JOB_QA _0115,"Software Tester skilled in Manual Testing, SDLC, Test Case creation, Defect Tracking in Jira, and basic Selenium with Java. (Candidate Ref 498)","Hiring QA Automation Engineer with strong Java, Selenium WebDriver, TestNG, and REST API testing skills. (Job Posting Ref 115)",,,,PENDING
PAIR_1246,RES_QA _0499,JOB_QA _0125,"Senior QA Lead proficient in Test Automation Frameworks, Selenium, Python, PyTest, Jenkins integration, and API testing with Postman. (Candidate Ref 499)","Hiring QA Automation Engineer with strong Java, Selenium WebDriver, TestNG, and REST API testing skills. (Job Posting Ref 125)",,,,PENDING
PAIR_1247,RES_QA _0499,JOB_QA _0101,"Senior QA Lead proficient in Test Automation Frameworks, Selenium, Python, PyTest, Jenkins integration, and API testing with Postman. (Candidate Ref 499)","Hiring QA Automation Engineer with strong Java, Selenium WebDriver, TestNG, and REST API testing skills. (Job Posting Ref 101)",,,,PENDING
PAIR_1248,RES_QA _0499,JOB_DEV_0079,"Senior QA Lead proficient in Test Automation Frameworks, Selenium, Python, PyTest, Jenkins integration, and API testing with Postman. (Candidate Ref 499)","Cloud Security & DevOps Specialist required. Mandatory skills: Azure, Docker, Kubernetes, and Linux automation. (Job Posting Ref 79)",,,,PENDING
PAIR_1249,RES_QA _0500,JOB_QA _0125,"Junior QA Analyst with knowledge of Software Testing Life Cycle (STLC), Bug reporting, SQL queries, and Selenium WebDriver basics. (Candidate Ref 500)","Hiring QA Automation Engineer with strong Java, Selenium WebDriver, TestNG, and REST API testing skills. (Job Posting Ref 125)",,,,PENDING
PAIR_1250,RES_QA _0500,JOB_QA _0101,"Junior QA Analyst with knowledge of Software Testing Life Cycle (STLC), Bug reporting, SQL queries, and Selenium WebDriver basics. (Candidate Ref 500)","Hiring QA Automation Engineer with strong Java, Selenium WebDriver, TestNG, and REST API testing skills. (Job Posting Ref 101)",,,,PENDING
PAIR_1251,RES_QA _0501,JOB_QA _0122,"QA Automation Engineer with 3 years experience writing automated test scripts using Java, Selenium WebDriver, TestNG, Cucumber, and Postman REST API testing. (Candidate Ref 501)","Senior Software Quality Assurance Lead requiring Selenium, Python automation, Postman API testing, and Jira defect tracking. (Job Posting Ref 122)",,,,PENDING
PAIR_1252,RES_QA _0501,JOB_QA _0123,"QA Automation Engineer with 3 years experience writing automated test scripts using Java, Selenium WebDriver, TestNG, Cucumber, and Postman REST API testing. (Candidate Ref 501)","Hiring QA Automation Engineer with strong Java, Selenium WebDriver, TestNG, and REST API testing skills. (Job Posting Ref 123)",,,,PENDING
PAIR_1253,RES_QA _0501,JOB_DAT_0055,"QA Automation Engineer with 3 years experience writing automated test scripts using Java, Selenium WebDriver, TestNG, Cucumber, and Postman REST API testing. (Candidate Ref 501)","Hiring Data Analyst with strong SQL, Python (Pandas/NumPy), and Tableau data visualization skills. (Job Posting Ref 55)",,,,PENDING
PAIR_1254,RES_QA _0502,JOB_QA _0107,"Software Tester skilled in Manual Testing, SDLC, Test Case creation, Defect Tracking in Jira, and basic Selenium with Java. (Candidate Ref 502)","Hiring QA Automation Engineer with strong Java, Selenium WebDriver, TestNG, and REST API testing skills. (Job Posting Ref 107)",,,,PENDING
PAIR_1255,RES_QA _0502,JOB_QA _0108,"Software Tester skilled in Manual Testing, SDLC, Test Case creation, Defect Tracking in Jira, and basic Selenium with Java. (Candidate Ref 502)","Senior Software Quality Assurance Lead requiring Selenium, Python automation, Postman API testing, and Jira defect tracking. (Job Posting Ref 108)",,,,PENDING
PAIR_1256,RES_QA _0503,JOB_QA _0117,"Senior QA Lead proficient in Test Automation Frameworks, Selenium, Python, PyTest, Jenkins integration, and API testing with Postman. (Candidate Ref 503)","Hiring QA Automation Engineer with strong Java, Selenium WebDriver, TestNG, and REST API testing skills. (Job Posting Ref 117)",,,,PENDING
PAIR_1257,RES_QA _0503,JOB_QA _0118,"Senior QA Lead proficient in Test Automation Frameworks, Selenium, Python, PyTest, Jenkins integration, and API testing with Postman. (Candidate Ref 503)","Senior Software Quality Assurance Lead requiring Selenium, Python automation, Postman API testing, and Jira defect tracking. (Job Posting Ref 118)",,,,PENDING
PAIR_1258,RES_QA _0503,JOB_SOF_0004,"Senior QA Lead proficient in Test Automation Frameworks, Selenium, Python, PyTest, Jenkins integration, and API testing with Postman. (Candidate Ref 503)","Senior Java Microservices Architect requiring 5+ years experience in Java 17, Spring Cloud, AWS, and Docker. (Job Posting Ref 4)",,,,PENDING
PAIR_1259,RES_QA _0504,JOB_QA _0112,"Junior QA Analyst with knowledge of Software Testing Life Cycle (STLC), Bug reporting, SQL queries, and Selenium WebDriver basics. (Candidate Ref 504)","Senior Software Quality Assurance Lead requiring Selenium, Python automation, Postman API testing, and Jira defect tracking. (Job Posting Ref 112)",,,,PENDING
PAIR_1260,RES_QA _0504,JOB_QA _0113,"Junior QA Analyst with knowledge of Software Testing Life Cycle (STLC), Bug reporting, SQL queries, and Selenium WebDriver basics. (Candidate Ref 504)","Hiring QA Automation Engineer with strong Java, Selenium WebDriver, TestNG, and REST API testing skills. (Job Posting Ref 113)",,,,PENDING
PAIR_1261,RES_QA _0505,JOB_QA _0125,"QA Automation Engineer with 3 years experience writing automated test scripts using Java, Selenium WebDriver, TestNG, Cucumber, and Postman REST API testing. (Candidate Ref 505)","Hiring QA Automation Engineer with strong Java, Selenium WebDriver, TestNG, and REST API testing skills. (Job Posting Ref 125)",,,,PENDING
PAIR_1262,RES_QA _0505,JOB_QA _0101,"QA Automation Engineer with 3 years experience writing automated test scripts using Java, Selenium WebDriver, TestNG, Cucumber, and Postman REST API testing. (Candidate Ref 505)","Hiring QA Automation Engineer with strong Java, Selenium WebDriver, TestNG, and REST API testing skills. (Job Posting Ref 101)",,,,PENDING
PAIR_1263,RES_QA _0505,JOB_DEV_0078,"QA Automation Engineer with 3 years experience writing automated test scripts using Java, Selenium WebDriver, TestNG, Cucumber, and Postman REST API testing. (Candidate Ref 505)","Looking for DevOps Engineer with experience in AWS, Docker, Kubernetes, CI/CD pipelines, and Terraform. (Job Posting Ref 78)",,,,PENDING
PAIR_1264,RES_QA _0506,JOB_QA _0115,"Software Tester skilled in Manual Testing, SDLC, Test Case creation, Defect Tracking in Jira, and basic Selenium with Java. (Candidate Ref 506)","Hiring QA Automation Engineer with strong Java, Selenium WebDriver, TestNG, and REST API testing skills. (Job Posting Ref 115)",,,,PENDING
PAIR_1265,RES_QA _0506,JOB_QA _0116,"Software Tester skilled in Manual Testing, SDLC, Test Case creation, Defect Tracking in Jira, and basic Selenium with Java. (Candidate Ref 506)","Senior Software Quality Assurance Lead requiring Selenium, Python automation, Postman API testing, and Jira defect tracking. (Job Posting Ref 116)",,,,PENDING
PAIR_1266,RES_QA _0507,JOB_QA _0113,"Senior QA Lead proficient in Test Automation Frameworks, Selenium, Python, PyTest, Jenkins integration, and API testing with Postman. (Candidate Ref 507)","Hiring QA Automation Engineer with strong Java, Selenium WebDriver, TestNG, and REST API testing skills. (Job Posting Ref 113)",,,,PENDING
PAIR_1267,RES_QA _0507,JOB_QA _0114,"Senior QA Lead proficient in Test Automation Frameworks, Selenium, Python, PyTest, Jenkins integration, and API testing with Postman. (Candidate Ref 507)","Senior Software Quality Assurance Lead requiring Selenium, Python automation, Postman API testing, and Jira defect tracking. (Job Posting Ref 114)",,,,PENDING
PAIR_1268,RES_QA _0507,JOB_SOF_0025,"Senior QA Lead proficient in Test Automation Frameworks, Selenium, Python, PyTest, Jenkins integration, and API testing with Postman. (Candidate Ref 507)","Looking for Backend Java Developer with 2-4 years experience in Java, Spring Boot, REST APIs, and MySQL. (Job Posting Ref 25)",,,,PENDING
PAIR_1269,RES_QA _0508,JOB_QA _0125,"Junior QA Analyst with knowledge of Software Testing Life Cycle (STLC), Bug reporting, SQL queries, and Selenium WebDriver basics. (Candidate Ref 508)","Hiring QA Automation Engineer with strong Java, Selenium WebDriver, TestNG, and REST API testing skills. (Job Posting Ref 125)",,,,PENDING
PAIR_1270,RES_QA _0508,JOB_QA _0101,"Junior QA Analyst with knowledge of Software Testing Life Cycle (STLC), Bug reporting, SQL queries, and Selenium WebDriver basics. (Candidate Ref 508)","Hiring QA Automation Engineer with strong Java, Selenium WebDriver, TestNG, and REST API testing skills. (Job Posting Ref 101)",,,,PENDING
PAIR_1271,RES_QA _0509,JOB_QA _0113,"QA Automation Engineer with 3 years experience writing automated test scripts using Java, Selenium WebDriver, TestNG, Cucumber, and Postman REST API testing. (Candidate Ref 509)","Hiring QA Automation Engineer with strong Java, Selenium WebDriver, TestNG, and REST API testing skills. (Job Posting Ref 113)",,,,PENDING
PAIR_1272,RES_QA _0509,JOB_QA _0114,"QA Automation Engineer with 3 years experience writing automated test scripts using Java, Selenium WebDriver, TestNG, Cucumber, and Postman REST API testing. (Candidate Ref 509)","Senior Software Quality Assurance Lead requiring Selenium, Python automation, Postman API testing, and Jira defect tracking. (Job Posting Ref 114)",,,,PENDING
PAIR_1273,RES_QA _0509,JOB_DEV_0084,"QA Automation Engineer with 3 years experience writing automated test scripts using Java, Selenium WebDriver, TestNG, Cucumber, and Postman REST API testing. (Candidate Ref 509)","Looking for DevOps Engineer with experience in AWS, Docker, Kubernetes, CI/CD pipelines, and Terraform. (Job Posting Ref 84)",,,,PENDING
PAIR_1274,RES_QA _0510,JOB_QA _0104,"Software Tester skilled in Manual Testing, SDLC, Test Case creation, Defect Tracking in Jira, and basic Selenium with Java. (Candidate Ref 510)","Senior Software Quality Assurance Lead requiring Selenium, Python automation, Postman API testing, and Jira defect tracking. (Job Posting Ref 104)",,,,PENDING
PAIR_1275,RES_QA _0510,JOB_QA _0105,"Software Tester skilled in Manual Testing, SDLC, Test Case creation, Defect Tracking in Jira, and basic Selenium with Java. (Candidate Ref 510)","Hiring QA Automation Engineer with strong Java, Selenium WebDriver, TestNG, and REST API testing skills. (Job Posting Ref 105)",,,,PENDING
PAIR_1276,RES_QA _0511,JOB_QA _0106,"Senior QA Lead proficient in Test Automation Frameworks, Selenium, Python, PyTest, Jenkins integration, and API testing with Postman. (Candidate Ref 511)","Senior Software Quality Assurance Lead requiring Selenium, Python automation, Postman API testing, and Jira defect tracking. (Job Posting Ref 106)",,,,PENDING
PAIR_1277,RES_QA _0511,JOB_QA _0107,"Senior QA Lead proficient in Test Automation Frameworks, Selenium, Python, PyTest, Jenkins integration, and API testing with Postman. (Candidate Ref 511)","Hiring QA Automation Engineer with strong Java, Selenium WebDriver, TestNG, and REST API testing skills. (Job Posting Ref 107)",,,,PENDING
PAIR_1278,RES_QA _0511,JOB_DAT_0065,"Senior QA Lead proficient in Test Automation Frameworks, Selenium, Python, PyTest, Jenkins integration, and API testing with Postman. (Candidate Ref 511)","Hiring Data Analyst with strong SQL, Python (Pandas/NumPy), and Tableau data visualization skills. (Job Posting Ref 65)",,,,PENDING
PAIR_1279,RES_QA _0512,JOB_QA _0107,"Junior QA Analyst with knowledge of Software Testing Life Cycle (STLC), Bug reporting, SQL queries, and Selenium WebDriver basics. (Candidate Ref 512)","Hiring QA Automation Engineer with strong Java, Selenium WebDriver, TestNG, and REST API testing skills. (Job Posting Ref 107)",,,,PENDING
PAIR_1280,RES_QA _0512,JOB_QA _0108,"Junior QA Analyst with knowledge of Software Testing Life Cycle (STLC), Bug reporting, SQL queries, and Selenium WebDriver basics. (Candidate Ref 512)","Senior Software Quality Assurance Lead requiring Selenium, Python automation, Postman API testing, and Jira defect tracking. (Job Posting Ref 108)",,,,PENDING
PAIR_1281,RES_QA _0513,JOB_QA _0115,"QA Automation Engineer with 3 years experience writing automated test scripts using Java, Selenium WebDriver, TestNG, Cucumber, and Postman REST API testing. (Candidate Ref 513)","Hiring QA Automation Engineer with strong Java, Selenium WebDriver, TestNG, and REST API testing skills. (Job Posting Ref 115)",,,,PENDING
PAIR_1282,RES_QA _0513,JOB_QA _0116,"QA Automation Engineer with 3 years experience writing automated test scripts using Java, Selenium WebDriver, TestNG, Cucumber, and Postman REST API testing. (Candidate Ref 513)","Senior Software Quality Assurance Lead requiring Selenium, Python automation, Postman API testing, and Jira defect tracking. (Job Posting Ref 116)",,,,PENDING
PAIR_1283,RES_QA _0513,JOB_WEB_0031,"QA Automation Engineer with 3 years experience writing automated test scripts using Java, Selenium WebDriver, TestNG, Cucumber, and Postman REST API testing. (Candidate Ref 513)","Full Stack JavaScript Developer needed. Requirements: Node.js, React, MongoDB, and TypeScript. (Job Posting Ref 31)",,,,PENDING
PAIR_1284,RES_QA _0514,JOB_QA _0110,"Software Tester skilled in Manual Testing, SDLC, Test Case creation, Defect Tracking in Jira, and basic Selenium with Java. (Candidate Ref 514)","Senior Software Quality Assurance Lead requiring Selenium, Python automation, Postman API testing, and Jira defect tracking. (Job Posting Ref 110)",,,,PENDING
PAIR_1285,RES_QA _0514,JOB_QA _0111,"Software Tester skilled in Manual Testing, SDLC, Test Case creation, Defect Tracking in Jira, and basic Selenium with Java. (Candidate Ref 514)","Hiring QA Automation Engineer with strong Java, Selenium WebDriver, TestNG, and REST API testing skills. (Job Posting Ref 111)",,,,PENDING
PAIR_1286,RES_QA _0515,JOB_QA _0102,"Senior QA Lead proficient in Test Automation Frameworks, Selenium, Python, PyTest, Jenkins integration, and API testing with Postman. (Candidate Ref 515)","Senior Software Quality Assurance Lead requiring Selenium, Python automation, Postman API testing, and Jira defect tracking. (Job Posting Ref 102)",,,,PENDING
PAIR_1287,RES_QA _0515,JOB_QA _0103,"Senior QA Lead proficient in Test Automation Frameworks, Selenium, Python, PyTest, Jenkins integration, and API testing with Postman. (Candidate Ref 515)","Hiring QA Automation Engineer with strong Java, Selenium WebDriver, TestNG, and REST API testing skills. (Job Posting Ref 103)",,,,PENDING
PAIR_1288,RES_QA _0515,JOB_DEV_0091,"Senior QA Lead proficient in Test Automation Frameworks, Selenium, Python, PyTest, Jenkins integration, and API testing with Postman. (Candidate Ref 515)","Cloud Security & DevOps Specialist required. Mandatory skills: Azure, Docker, Kubernetes, and Linux automation. (Job Posting Ref 91)",,,,PENDING
PAIR_1289,RES_QA _0516,JOB_QA _0106,"Junior QA Analyst with knowledge of Software Testing Life Cycle (STLC), Bug reporting, SQL queries, and Selenium WebDriver basics. (Candidate Ref 516)","Senior Software Quality Assurance Lead requiring Selenium, Python automation, Postman API testing, and Jira defect tracking. (Job Posting Ref 106)",,,,PENDING
PAIR_1290,RES_QA _0516,JOB_QA _0107,"Junior QA Analyst with knowledge of Software Testing Life Cycle (STLC), Bug reporting, SQL queries, and Selenium WebDriver basics. (Candidate Ref 516)","Hiring QA Automation Engineer with strong Java, Selenium WebDriver, TestNG, and REST API testing skills. (Job Posting Ref 107)",,,,PENDING
PAIR_1291,RES_QA _0517,JOB_QA _0118,"QA Automation Engineer with 3 years experience writing automated test scripts using Java, Selenium WebDriver, TestNG, Cucumber, and Postman REST API testing. (Candidate Ref 517)","Senior Software Quality Assurance Lead requiring Selenium, Python automation, Postman API testing, and Jira defect tracking. (Job Posting Ref 118)",,,,PENDING
PAIR_1292,RES_QA _0517,JOB_QA _0119,"QA Automation Engineer with 3 years experience writing automated test scripts using Java, Selenium WebDriver, TestNG, Cucumber, and Postman REST API testing. (Candidate Ref 517)","Hiring QA Automation Engineer with strong Java, Selenium WebDriver, TestNG, and REST API testing skills. (Job Posting Ref 119)",,,,PENDING
PAIR_1293,RES_QA _0517,JOB_SOF_0018,"QA Automation Engineer with 3 years experience writing automated test scripts using Java, Selenium WebDriver, TestNG, Cucumber, and Postman REST API testing. (Candidate Ref 517)","Senior Java Microservices Architect requiring 5+ years experience in Java 17, Spring Cloud, AWS, and Docker. (Job Posting Ref 18)",,,,PENDING
PAIR_1294,RES_QA _0518,JOB_QA _0105,"Software Tester skilled in Manual Testing, SDLC, Test Case creation, Defect Tracking in Jira, and basic Selenium with Java. (Candidate Ref 518)","Hiring QA Automation Engineer with strong Java, Selenium WebDriver, TestNG, and REST API testing skills. (Job Posting Ref 105)",,,,PENDING
PAIR_1295,RES_QA _0518,JOB_QA _0106,"Software Tester skilled in Manual Testing, SDLC, Test Case creation, Defect Tracking in Jira, and basic Selenium with Java. (Candidate Ref 518)","Senior Software Quality Assurance Lead requiring Selenium, Python automation, Postman API testing, and Jira defect tracking. (Job Posting Ref 106)",,,,PENDING
PAIR_1296,RES_QA _0519,JOB_QA _0111,"Senior QA Lead proficient in Test Automation Frameworks, Selenium, Python, PyTest, Jenkins integration, and API testing with Postman. (Candidate Ref 519)","Hiring QA Automation Engineer with strong Java, Selenium WebDriver, TestNG, and REST API testing skills. (Job Posting Ref 111)",,,,PENDING
PAIR_1297,RES_QA _0519,JOB_QA _0112,"Senior QA Lead proficient in Test Automation Frameworks, Selenium, Python, PyTest, Jenkins integration, and API testing with Postman. (Candidate Ref 519)","Senior Software Quality Assurance Lead requiring Selenium, Python automation, Postman API testing, and Jira defect tracking. (Job Posting Ref 112)",,,,PENDING
PAIR_1298,RES_QA _0519,JOB_DAT_0068,"Senior QA Lead proficient in Test Automation Frameworks, Selenium, Python, PyTest, Jenkins integration, and API testing with Postman. (Candidate Ref 519)","Machine Learning Engineer position requiring Python, Scikit-Learn, PyTorch, and ML model training experience. (Job Posting Ref 68)",,,,PENDING
PAIR_1299,RES_QA _0520,JOB_QA _0110,"Junior QA Analyst with knowledge of Software Testing Life Cycle (STLC), Bug reporting, SQL queries, and Selenium WebDriver basics. (Candidate Ref 520)","Senior Software Quality Assurance Lead requiring Selenium, Python automation, Postman API testing, and Jira defect tracking. (Job Posting Ref 110)",,,,PENDING
PAIR_1300,RES_QA _0520,JOB_QA _0111,"Junior QA Analyst with knowledge of Software Testing Life Cycle (STLC), Bug reporting, SQL queries, and Selenium WebDriver basics. (Candidate Ref 520)","Hiring QA Automation Engineer with strong Java, Selenium WebDriver, TestNG, and REST API testing skills. (Job Posting Ref 111)",,,,PENDING
PAIR_1301,RES_QA _0521,JOB_QA _0111,"QA Automation Engineer with 3 years experience writing automated test scripts using Java, Selenium WebDriver, TestNG, Cucumber, and Postman REST API testing. (Candidate Ref 521)","Hiring QA Automation Engineer with strong Java, Selenium WebDriver, TestNG, and REST API testing skills. (Job Posting Ref 111)",,,,PENDING
PAIR_1302,RES_QA _0521,JOB_QA _0112,"QA Automation Engineer with 3 years experience writing automated test scripts using Java, Selenium WebDriver, TestNG, Cucumber, and Postman REST API testing. (Candidate Ref 521)","Senior Software Quality Assurance Lead requiring Selenium, Python automation, Postman API testing, and Jira defect tracking. (Job Posting Ref 112)",,,,PENDING
PAIR_1303,RES_QA _0521,JOB_WEB_0037,"QA Automation Engineer with 3 years experience writing automated test scripts using Java, Selenium WebDriver, TestNG, Cucumber, and Postman REST API testing. (Candidate Ref 521)","Full Stack JavaScript Developer needed. Requirements: Node.js, React, MongoDB, and TypeScript. (Job Posting Ref 37)",,,,PENDING
PAIR_1304,RES_QA _0522,JOB_QA _0125,"Software Tester skilled in Manual Testing, SDLC, Test Case creation, Defect Tracking in Jira, and basic Selenium with Java. (Candidate Ref 522)","Hiring QA Automation Engineer with strong Java, Selenium WebDriver, TestNG, and REST API testing skills. (Job Posting Ref 125)",,,,PENDING
PAIR_1305,RES_QA _0522,JOB_QA _0101,"Software Tester skilled in Manual Testing, SDLC, Test Case creation, Defect Tracking in Jira, and basic Selenium with Java. (Candidate Ref 522)","Hiring QA Automation Engineer with strong Java, Selenium WebDriver, TestNG, and REST API testing skills. (Job Posting Ref 101)",,,,PENDING
PAIR_1306,RES_QA _0523,JOB_QA _0117,"Senior QA Lead proficient in Test Automation Frameworks, Selenium, Python, PyTest, Jenkins integration, and API testing with Postman. (Candidate Ref 523)","Hiring QA Automation Engineer with strong Java, Selenium WebDriver, TestNG, and REST API testing skills. (Job Posting Ref 117)",,,,PENDING
PAIR_1307,RES_QA _0523,JOB_QA _0118,"Senior QA Lead proficient in Test Automation Frameworks, Selenium, Python, PyTest, Jenkins integration, and API testing with Postman. (Candidate Ref 523)","Senior Software Quality Assurance Lead requiring Selenium, Python automation, Postman API testing, and Jira defect tracking. (Job Posting Ref 118)",,,,PENDING
PAIR_1308,RES_QA _0523,JOB_SOF_0011,"Senior QA Lead proficient in Test Automation Frameworks, Selenium, Python, PyTest, Jenkins integration, and API testing with Postman. (Candidate Ref 523)","Looking for Backend Java Developer with 2-4 years experience in Java, Spring Boot, REST APIs, and MySQL. (Job Posting Ref 11)",,,,PENDING
PAIR_1309,RES_QA _0524,JOB_QA _0102,"Junior QA Analyst with knowledge of Software Testing Life Cycle (STLC), Bug reporting, SQL queries, and Selenium WebDriver basics. (Candidate Ref 524)","Senior Software Quality Assurance Lead requiring Selenium, Python automation, Postman API testing, and Jira defect tracking. (Job Posting Ref 102)",,,,PENDING
PAIR_1310,RES_QA _0524,JOB_QA _0103,"Junior QA Analyst with knowledge of Software Testing Life Cycle (STLC), Bug reporting, SQL queries, and Selenium WebDriver basics. (Candidate Ref 524)","Hiring QA Automation Engineer with strong Java, Selenium WebDriver, TestNG, and REST API testing skills. (Job Posting Ref 103)",,,,PENDING
PAIR_1311,RES_QA _0525,JOB_QA _0125,"QA Automation Engineer with 3 years experience writing automated test scripts using Java, Selenium WebDriver, TestNG, Cucumber, and Postman REST API testing. (Candidate Ref 525)","Hiring QA Automation Engineer with strong Java, Selenium WebDriver, TestNG, and REST API testing skills. (Job Posting Ref 125)",,,,PENDING
PAIR_1312,RES_QA _0525,JOB_QA _0101,"QA Automation Engineer with 3 years experience writing automated test scripts using Java, Selenium WebDriver, TestNG, Cucumber, and Postman REST API testing. (Candidate Ref 525)","Hiring QA Automation Engineer with strong Java, Selenium WebDriver, TestNG, and REST API testing skills. (Job Posting Ref 101)",,,,PENDING
PAIR_1313,RES_QA _0525,JOB_DEV_0100,"QA Automation Engineer with 3 years experience writing automated test scripts using Java, Selenium WebDriver, TestNG, Cucumber, and Postman REST API testing. (Candidate Ref 525)","Looking for DevOps Engineer with experience in AWS, Docker, Kubernetes, CI/CD pipelines, and Terraform. (Job Posting Ref 100)",,,,PENDING
PAIR_1314,RES_QA _0526,JOB_QA _0106,"Software Tester skilled in Manual Testing, SDLC, Test Case creation, Defect Tracking in Jira, and basic Selenium with Java. (Candidate Ref 526)","Senior Software Quality Assurance Lead requiring Selenium, Python automation, Postman API testing, and Jira defect tracking. (Job Posting Ref 106)",,,,PENDING
PAIR_1315,RES_QA _0526,JOB_QA _0107,"Software Tester skilled in Manual Testing, SDLC, Test Case creation, Defect Tracking in Jira, and basic Selenium with Java. (Candidate Ref 526)","Hiring QA Automation Engineer with strong Java, Selenium WebDriver, TestNG, and REST API testing skills. (Job Posting Ref 107)",,,,PENDING
PAIR_1316,RES_QA _0527,JOB_QA _0120,"Senior QA Lead proficient in Test Automation Frameworks, Selenium, Python, PyTest, Jenkins integration, and API testing with Postman. (Candidate Ref 527)","Senior Software Quality Assurance Lead requiring Selenium, Python automation, Postman API testing, and Jira defect tracking. (Job Posting Ref 120)",,,,PENDING
PAIR_1317,RES_QA _0527,JOB_QA _0121,"Senior QA Lead proficient in Test Automation Frameworks, Selenium, Python, PyTest, Jenkins integration, and API testing with Postman. (Candidate Ref 527)","Hiring QA Automation Engineer with strong Java, Selenium WebDriver, TestNG, and REST API testing skills. (Job Posting Ref 121)",,,,PENDING
PAIR_1318,RES_QA _0527,JOB_SOF_0019,"Senior QA Lead proficient in Test Automation Frameworks, Selenium, Python, PyTest, Jenkins integration, and API testing with Postman. (Candidate Ref 527)","Looking for Backend Java Developer with 2-4 years experience in Java, Spring Boot, REST APIs, and MySQL. (Job Posting Ref 19)",,,,PENDING
PAIR_1319,RES_QA _0528,JOB_QA _0117,"Junior QA Analyst with knowledge of Software Testing Life Cycle (STLC), Bug reporting, SQL queries, and Selenium WebDriver basics. (Candidate Ref 528)","Hiring QA Automation Engineer with strong Java, Selenium WebDriver, TestNG, and REST API testing skills. (Job Posting Ref 117)",,,,PENDING
PAIR_1320,RES_QA _0528,JOB_QA _0118,"Junior QA Analyst with knowledge of Software Testing Life Cycle (STLC), Bug reporting, SQL queries, and Selenium WebDriver basics. (Candidate Ref 528)","Senior Software Quality Assurance Lead requiring Selenium, Python automation, Postman API testing, and Jira defect tracking. (Job Posting Ref 118)",,,,PENDING
PAIR_1321,RES_QA _0529,JOB_QA _0113,"QA Automation Engineer with 3 years experience writing automated test scripts using Java, Selenium WebDriver, TestNG, Cucumber, and Postman REST API testing. (Candidate Ref 529)","Hiring QA Automation Engineer with strong Java, Selenium WebDriver, TestNG, and REST API testing skills. (Job Posting Ref 113)",,,,PENDING
PAIR_1322,RES_QA _0529,JOB_QA _0114,"QA Automation Engineer with 3 years experience writing automated test scripts using Java, Selenium WebDriver, TestNG, Cucumber, and Postman REST API testing. (Candidate Ref 529)","Senior Software Quality Assurance Lead requiring Selenium, Python automation, Postman API testing, and Jira defect tracking. (Job Posting Ref 114)",,,,PENDING
PAIR_1323,RES_QA _0529,JOB_DEV_0083,"QA Automation Engineer with 3 years experience writing automated test scripts using Java, Selenium WebDriver, TestNG, Cucumber, and Postman REST API testing. (Candidate Ref 529)","Cloud Security & DevOps Specialist required. Mandatory skills: Azure, Docker, Kubernetes, and Linux automation. (Job Posting Ref 83)",,,,PENDING
PAIR_1324,RES_QA _0530,JOB_QA _0119,"Software Tester skilled in Manual Testing, SDLC, Test Case creation, Defect Tracking in Jira, and basic Selenium with Java. (Candidate Ref 530)","Hiring QA Automation Engineer with strong Java, Selenium WebDriver, TestNG, and REST API testing skills. (Job Posting Ref 119)",,,,PENDING
PAIR_1325,RES_QA _0530,JOB_QA _0120,"Software Tester skilled in Manual Testing, SDLC, Test Case creation, Defect Tracking in Jira, and basic Selenium with Java. (Candidate Ref 530)","Senior Software Quality Assurance Lead requiring Selenium, Python automation, Postman API testing, and Jira defect tracking. (Job Posting Ref 120)",,,,PENDING
PAIR_1326,RES_QA _0531,JOB_QA _0125,"Senior QA Lead proficient in Test Automation Frameworks, Selenium, Python, PyTest, Jenkins integration, and API testing with Postman. (Candidate Ref 531)","Hiring QA Automation Engineer with strong Java, Selenium WebDriver, TestNG, and REST API testing skills. (Job Posting Ref 125)",,,,PENDING
PAIR_1327,RES_QA _0531,JOB_QA _0101,"Senior QA Lead proficient in Test Automation Frameworks, Selenium, Python, PyTest, Jenkins integration, and API testing with Postman. (Candidate Ref 531)","Hiring QA Automation Engineer with strong Java, Selenium WebDriver, TestNG, and REST API testing skills. (Job Posting Ref 101)",,,,PENDING
PAIR_1328,RES_QA _0531,JOB_DAT_0068,"Senior QA Lead proficient in Test Automation Frameworks, Selenium, Python, PyTest, Jenkins integration, and API testing with Postman. (Candidate Ref 531)","Machine Learning Engineer position requiring Python, Scikit-Learn, PyTorch, and ML model training experience. (Job Posting Ref 68)",,,,PENDING
PAIR_1329,RES_QA _0532,JOB_QA _0108,"Junior QA Analyst with knowledge of Software Testing Life Cycle (STLC), Bug reporting, SQL queries, and Selenium WebDriver basics. (Candidate Ref 532)","Senior Software Quality Assurance Lead requiring Selenium, Python automation, Postman API testing, and Jira defect tracking. (Job Posting Ref 108)",,,,PENDING
PAIR_1330,RES_QA _0532,JOB_QA _0109,"Junior QA Analyst with knowledge of Software Testing Life Cycle (STLC), Bug reporting, SQL queries, and Selenium WebDriver basics. (Candidate Ref 532)","Hiring QA Automation Engineer with strong Java, Selenium WebDriver, TestNG, and REST API testing skills. (Job Posting Ref 109)",,,,PENDING
PAIR_1331,RES_QA _0533,JOB_QA _0106,"QA Automation Engineer with 3 years experience writing automated test scripts using Java, Selenium WebDriver, TestNG, Cucumber, and Postman REST API testing. (Candidate Ref 533)","Senior Software Quality Assurance Lead requiring Selenium, Python automation, Postman API testing, and Jira defect tracking. (Job Posting Ref 106)",,,,PENDING
PAIR_1332,RES_QA _0533,JOB_QA _0107,"QA Automation Engineer with 3 years experience writing automated test scripts using Java, Selenium WebDriver, TestNG, Cucumber, and Postman REST API testing. (Candidate Ref 533)","Hiring QA Automation Engineer with strong Java, Selenium WebDriver, TestNG, and REST API testing skills. (Job Posting Ref 107)",,,,PENDING
PAIR_1333,RES_QA _0533,JOB_WEB_0047,"QA Automation Engineer with 3 years experience writing automated test scripts using Java, Selenium WebDriver, TestNG, Cucumber, and Postman REST API testing. (Candidate Ref 533)","Full Stack JavaScript Developer needed. Requirements: Node.js, React, MongoDB, and TypeScript. (Job Posting Ref 47)",,,,PENDING
PAIR_1334,RES_QA _0534,JOB_QA _0106,"Software Tester skilled in Manual Testing, SDLC, Test Case creation, Defect Tracking in Jira, and basic Selenium with Java. (Candidate Ref 534)","Senior Software Quality Assurance Lead requiring Selenium, Python automation, Postman API testing, and Jira defect tracking. (Job Posting Ref 106)",,,,PENDING
PAIR_1335,RES_QA _0534,JOB_QA _0107,"Software Tester skilled in Manual Testing, SDLC, Test Case creation, Defect Tracking in Jira, and basic Selenium with Java. (Candidate Ref 534)","Hiring QA Automation Engineer with strong Java, Selenium WebDriver, TestNG, and REST API testing skills. (Job Posting Ref 107)",,,,PENDING
PAIR_1336,RES_QA _0535,JOB_QA _0122,"Senior QA Lead proficient in Test Automation Frameworks, Selenium, Python, PyTest, Jenkins integration, and API testing with Postman. (Candidate Ref 535)","Senior Software Quality Assurance Lead requiring Selenium, Python automation, Postman API testing, and Jira defect tracking. (Job Posting Ref 122)",,,,PENDING
PAIR_1337,RES_QA _0535,JOB_QA _0123,"Senior QA Lead proficient in Test Automation Frameworks, Selenium, Python, PyTest, Jenkins integration, and API testing with Postman. (Candidate Ref 535)","Hiring QA Automation Engineer with strong Java, Selenium WebDriver, TestNG, and REST API testing skills. (Job Posting Ref 123)",,,,PENDING
PAIR_1338,RES_QA _0535,JOB_WEB_0030,"Senior QA Lead proficient in Test Automation Frameworks, Selenium, Python, PyTest, Jenkins integration, and API testing with Postman. (Candidate Ref 535)","Seeking React Frontend Developer with 2+ years experience in React.js, JavaScript (ES6+), HTML5/CSS3, and REST API integration. (Job Posting Ref 30)",,,,PENDING
PAIR_1339,RES_QA _0536,JOB_QA _0107,"Junior QA Analyst with knowledge of Software Testing Life Cycle (STLC), Bug reporting, SQL queries, and Selenium WebDriver basics. (Candidate Ref 536)","Hiring QA Automation Engineer with strong Java, Selenium WebDriver, TestNG, and REST API testing skills. (Job Posting Ref 107)",,,,PENDING
PAIR_1340,RES_QA _0536,JOB_QA _0108,"Junior QA Analyst with knowledge of Software Testing Life Cycle (STLC), Bug reporting, SQL queries, and Selenium WebDriver basics. (Candidate Ref 536)","Senior Software Quality Assurance Lead requiring Selenium, Python automation, Postman API testing, and Jira defect tracking. (Job Posting Ref 108)",,,,PENDING
PAIR_1341,RES_QA _0537,JOB_QA _0117,"QA Automation Engineer with 3 years experience writing automated test scripts using Java, Selenium WebDriver, TestNG, Cucumber, and Postman REST API testing. (Candidate Ref 537)","Hiring QA Automation Engineer with strong Java, Selenium WebDriver, TestNG, and REST API testing skills. (Job Posting Ref 117)",,,,PENDING
PAIR_1342,RES_QA _0537,JOB_QA _0118,"QA Automation Engineer with 3 years experience writing automated test scripts using Java, Selenium WebDriver, TestNG, Cucumber, and Postman REST API testing. (Candidate Ref 537)","Senior Software Quality Assurance Lead requiring Selenium, Python automation, Postman API testing, and Jira defect tracking. (Job Posting Ref 118)",,,,PENDING
PAIR_1343,RES_QA _0537,JOB_DAT_0071,"QA Automation Engineer with 3 years experience writing automated test scripts using Java, Selenium WebDriver, TestNG, Cucumber, and Postman REST API testing. (Candidate Ref 537)","Hiring Data Analyst with strong SQL, Python (Pandas/NumPy), and Tableau data visualization skills. (Job Posting Ref 71)",,,,PENDING
PAIR_1344,RES_QA _0538,JOB_QA _0117,"Software Tester skilled in Manual Testing, SDLC, Test Case creation, Defect Tracking in Jira, and basic Selenium with Java. (Candidate Ref 538)","Hiring QA Automation Engineer with strong Java, Selenium WebDriver, TestNG, and REST API testing skills. (Job Posting Ref 117)",,,,PENDING
PAIR_1345,RES_QA _0538,JOB_QA _0118,"Software Tester skilled in Manual Testing, SDLC, Test Case creation, Defect Tracking in Jira, and basic Selenium with Java. (Candidate Ref 538)","Senior Software Quality Assurance Lead requiring Selenium, Python automation, Postman API testing, and Jira defect tracking. (Job Posting Ref 118)",,,,PENDING
PAIR_1346,RES_QA _0539,JOB_QA _0103,"Senior QA Lead proficient in Test Automation Frameworks, Selenium, Python, PyTest, Jenkins integration, and API testing with Postman. (Candidate Ref 539)","Hiring QA Automation Engineer with strong Java, Selenium WebDriver, TestNG, and REST API testing skills. (Job Posting Ref 103)",,,,PENDING
PAIR_1347,RES_QA _0539,JOB_QA _0104,"Senior QA Lead proficient in Test Automation Frameworks, Selenium, Python, PyTest, Jenkins integration, and API testing with Postman. (Candidate Ref 539)","Senior Software Quality Assurance Lead requiring Selenium, Python automation, Postman API testing, and Jira defect tracking. (Job Posting Ref 104)",,,,PENDING
PAIR_1348,RES_QA _0539,JOB_SOF_0017,"Senior QA Lead proficient in Test Automation Frameworks, Selenium, Python, PyTest, Jenkins integration, and API testing with Postman. (Candidate Ref 539)","Looking for Backend Java Developer with 2-4 years experience in Java, Spring Boot, REST APIs, and MySQL. (Job Posting Ref 17)",,,,PENDING
PAIR_1349,RES_QA _0540,JOB_QA _0104,"Junior QA Analyst with knowledge of Software Testing Life Cycle (STLC), Bug reporting, SQL queries, and Selenium WebDriver basics. (Candidate Ref 540)","Senior Software Quality Assurance Lead requiring Selenium, Python automation, Postman API testing, and Jira defect tracking. (Job Posting Ref 104)",,,,PENDING
PAIR_1350,RES_QA _0540,JOB_QA _0105,"Junior QA Analyst with knowledge of Software Testing Life Cycle (STLC), Bug reporting, SQL queries, and Selenium WebDriver basics. (Candidate Ref 540)","Hiring QA Automation Engineer with strong Java, Selenium WebDriver, TestNG, and REST API testing skills. (Job Posting Ref 105)",,,,PENDING
PAIR_1351,RES_QA _0541,JOB_QA _0111,"QA Automation Engineer with 3 years experience writing automated test scripts using Java, Selenium WebDriver, TestNG, Cucumber, and Postman REST API testing. (Candidate Ref 541)","Hiring QA Automation Engineer with strong Java, Selenium WebDriver, TestNG, and REST API testing skills. (Job Posting Ref 111)",,,,PENDING
PAIR_1352,RES_QA _0541,JOB_QA _0112,"QA Automation Engineer with 3 years experience writing automated test scripts using Java, Selenium WebDriver, TestNG, Cucumber, and Postman REST API testing. (Candidate Ref 541)","Senior Software Quality Assurance Lead requiring Selenium, Python automation, Postman API testing, and Jira defect tracking. (Job Posting Ref 112)",,,,PENDING
PAIR_1353,RES_QA _0541,JOB_WEB_0042,"QA Automation Engineer with 3 years experience writing automated test scripts using Java, Selenium WebDriver, TestNG, Cucumber, and Postman REST API testing. (Candidate Ref 541)","Seeking React Frontend Developer with 2+ years experience in React.js, JavaScript (ES6+), HTML5/CSS3, and REST API integration. (Job Posting Ref 42)",,,,PENDING
PAIR_1354,RES_QA _0542,JOB_QA _0104,"Software Tester skilled in Manual Testing, SDLC, Test Case creation, Defect Tracking in Jira, and basic Selenium with Java. (Candidate Ref 542)","Senior Software Quality Assurance Lead requiring Selenium, Python automation, Postman API testing, and Jira defect tracking. (Job Posting Ref 104)",,,,PENDING
PAIR_1355,RES_QA _0542,JOB_QA _0105,"Software Tester skilled in Manual Testing, SDLC, Test Case creation, Defect Tracking in Jira, and basic Selenium with Java. (Candidate Ref 542)","Hiring QA Automation Engineer with strong Java, Selenium WebDriver, TestNG, and REST API testing skills. (Job Posting Ref 105)",,,,PENDING
PAIR_1356,RES_QA _0543,JOB_QA _0115,"Senior QA Lead proficient in Test Automation Frameworks, Selenium, Python, PyTest, Jenkins integration, and API testing with Postman. (Candidate Ref 543)","Hiring QA Automation Engineer with strong Java, Selenium WebDriver, TestNG, and REST API testing skills. (Job Posting Ref 115)",,,,PENDING
PAIR_1357,RES_QA _0543,JOB_QA _0116,"Senior QA Lead proficient in Test Automation Frameworks, Selenium, Python, PyTest, Jenkins integration, and API testing with Postman. (Candidate Ref 543)","Senior Software Quality Assurance Lead requiring Selenium, Python automation, Postman API testing, and Jira defect tracking. (Job Posting Ref 116)",,,,PENDING
PAIR_1358,RES_QA _0543,JOB_WEB_0027,"Senior QA Lead proficient in Test Automation Frameworks, Selenium, Python, PyTest, Jenkins integration, and API testing with Postman. (Candidate Ref 543)","Full Stack JavaScript Developer needed. Requirements: Node.js, React, MongoDB, and TypeScript. (Job Posting Ref 27)",,,,PENDING
PAIR_1359,RES_QA _0544,JOB_QA _0106,"Junior QA Analyst with knowledge of Software Testing Life Cycle (STLC), Bug reporting, SQL queries, and Selenium WebDriver basics. (Candidate Ref 544)","Senior Software Quality Assurance Lead requiring Selenium, Python automation, Postman API testing, and Jira defect tracking. (Job Posting Ref 106)",,,,PENDING
PAIR_1360,RES_QA _0544,JOB_QA _0107,"Junior QA Analyst with knowledge of Software Testing Life Cycle (STLC), Bug reporting, SQL queries, and Selenium WebDriver basics. (Candidate Ref 544)","Hiring QA Automation Engineer with strong Java, Selenium WebDriver, TestNG, and REST API testing skills. (Job Posting Ref 107)",,,,PENDING
PAIR_1361,RES_QA _0545,JOB_QA _0108,"QA Automation Engineer with 3 years experience writing automated test scripts using Java, Selenium WebDriver, TestNG, Cucumber, and Postman REST API testing. (Candidate Ref 545)","Senior Software Quality Assurance Lead requiring Selenium, Python automation, Postman API testing, and Jira defect tracking. (Job Posting Ref 108)",,,,PENDING
PAIR_1362,RES_QA _0545,JOB_QA _0109,"QA Automation Engineer with 3 years experience writing automated test scripts using Java, Selenium WebDriver, TestNG, Cucumber, and Postman REST API testing. (Candidate Ref 545)","Hiring QA Automation Engineer with strong Java, Selenium WebDriver, TestNG, and REST API testing skills. (Job Posting Ref 109)",,,,PENDING
PAIR_1363,RES_QA _0545,JOB_SOF_0016,"QA Automation Engineer with 3 years experience writing automated test scripts using Java, Selenium WebDriver, TestNG, Cucumber, and Postman REST API testing. (Candidate Ref 545)","Senior Java Microservices Architect requiring 5+ years experience in Java 17, Spring Cloud, AWS, and Docker. (Job Posting Ref 16)",,,,PENDING
PAIR_1364,RES_QA _0546,JOB_QA _0107,"Software Tester skilled in Manual Testing, SDLC, Test Case creation, Defect Tracking in Jira, and basic Selenium with Java. (Candidate Ref 546)","Hiring QA Automation Engineer with strong Java, Selenium WebDriver, TestNG, and REST API testing skills. (Job Posting Ref 107)",,,,PENDING
PAIR_1365,RES_QA _0546,JOB_QA _0108,"Software Tester skilled in Manual Testing, SDLC, Test Case creation, Defect Tracking in Jira, and basic Selenium with Java. (Candidate Ref 546)","Senior Software Quality Assurance Lead requiring Selenium, Python automation, Postman API testing, and Jira defect tracking. (Job Posting Ref 108)",,,,PENDING
PAIR_1366,RES_QA _0547,JOB_QA _0115,"Senior QA Lead proficient in Test Automation Frameworks, Selenium, Python, PyTest, Jenkins integration, and API testing with Postman. (Candidate Ref 547)","Hiring QA Automation Engineer with strong Java, Selenium WebDriver, TestNG, and REST API testing skills. (Job Posting Ref 115)",,,,PENDING
PAIR_1367,RES_QA _0547,JOB_QA _0116,"Senior QA Lead proficient in Test Automation Frameworks, Selenium, Python, PyTest, Jenkins integration, and API testing with Postman. (Candidate Ref 547)","Senior Software Quality Assurance Lead requiring Selenium, Python automation, Postman API testing, and Jira defect tracking. (Job Posting Ref 116)",,,,PENDING
PAIR_1368,RES_QA _0547,JOB_DEV_0098,"Senior QA Lead proficient in Test Automation Frameworks, Selenium, Python, PyTest, Jenkins integration, and API testing with Postman. (Candidate Ref 547)","Looking for DevOps Engineer with experience in AWS, Docker, Kubernetes, CI/CD pipelines, and Terraform. (Job Posting Ref 98)",,,,PENDING
PAIR_1369,RES_QA _0548,JOB_QA _0104,"Junior QA Analyst with knowledge of Software Testing Life Cycle (STLC), Bug reporting, SQL queries, and Selenium WebDriver basics. (Candidate Ref 548)","Senior Software Quality Assurance Lead requiring Selenium, Python automation, Postman API testing, and Jira defect tracking. (Job Posting Ref 104)",,,,PENDING
PAIR_1370,RES_QA _0548,JOB_QA _0105,"Junior QA Analyst with knowledge of Software Testing Life Cycle (STLC), Bug reporting, SQL queries, and Selenium WebDriver basics. (Candidate Ref 548)","Hiring QA Automation Engineer with strong Java, Selenium WebDriver, TestNG, and REST API testing skills. (Job Posting Ref 105)",,,,PENDING
PAIR_1371,RES_QA _0549,JOB_QA _0102,"QA Automation Engineer with 3 years experience writing automated test scripts using Java, Selenium WebDriver, TestNG, Cucumber, and Postman REST API testing. (Candidate Ref 549)","Senior Software Quality Assurance Lead requiring Selenium, Python automation, Postman API testing, and Jira defect tracking. (Job Posting Ref 102)",,,,PENDING
PAIR_1372,RES_QA _0549,JOB_QA _0103,"QA Automation Engineer with 3 years experience writing automated test scripts using Java, Selenium WebDriver, TestNG, Cucumber, and Postman REST API testing. (Candidate Ref 549)","Hiring QA Automation Engineer with strong Java, Selenium WebDriver, TestNG, and REST API testing skills. (Job Posting Ref 103)",,,,PENDING
PAIR_1373,RES_QA _0549,JOB_DAT_0054,"QA Automation Engineer with 3 years experience writing automated test scripts using Java, Selenium WebDriver, TestNG, Cucumber, and Postman REST API testing. (Candidate Ref 549)","Machine Learning Engineer position requiring Python, Scikit-Learn, PyTorch, and ML model training experience. (Job Posting Ref 54)",,,,PENDING
PAIR_1374,RES_QA _0550,JOB_QA _0106,"Software Tester skilled in Manual Testing, SDLC, Test Case creation, Defect Tracking in Jira, and basic Selenium with Java. (Candidate Ref 550)","Senior Software Quality Assurance Lead requiring Selenium, Python automation, Postman API testing, and Jira defect tracking. (Job Posting Ref 106)",,,,PENDING
PAIR_1375,RES_QA _0550,JOB_QA _0107,"Software Tester skilled in Manual Testing, SDLC, Test Case creation, Defect Tracking in Jira, and basic Selenium with Java. (Candidate Ref 550)","Hiring QA Automation Engineer with strong Java, Selenium WebDriver, TestNG, and REST API testing skills. (Job Posting Ref 107)",,,,PENDING
PAIR_1376,RES_QA _0551,JOB_QA _0122,"Senior QA Lead proficient in Test Automation Frameworks, Selenium, Python, PyTest, Jenkins integration, and API testing with Postman. (Candidate Ref 551)","Senior Software Quality Assurance Lead requiring Selenium, Python automation, Postman API testing, and Jira defect tracking. (Job Posting Ref 122)",,,,PENDING
PAIR_1377,RES_QA _0551,JOB_QA _0123,"Senior QA Lead proficient in Test Automation Frameworks, Selenium, Python, PyTest, Jenkins integration, and API testing with Postman. (Candidate Ref 551)","Hiring QA Automation Engineer with strong Java, Selenium WebDriver, TestNG, and REST API testing skills. (Job Posting Ref 123)",,,,PENDING
PAIR_1378,RES_QA _0551,JOB_SOF_0016,"Senior QA Lead proficient in Test Automation Frameworks, Selenium, Python, PyTest, Jenkins integration, and API testing with Postman. (Candidate Ref 551)","Senior Java Microservices Architect requiring 5+ years experience in Java 17, Spring Cloud, AWS, and Docker. (Job Posting Ref 16)",,,,PENDING
PAIR_1379,RES_QA _0552,JOB_QA _0122,"Junior QA Analyst with knowledge of Software Testing Life Cycle (STLC), Bug reporting, SQL queries, and Selenium WebDriver basics. (Candidate Ref 552)","Senior Software Quality Assurance Lead requiring Selenium, Python automation, Postman API testing, and Jira defect tracking. (Job Posting Ref 122)",,,,PENDING
PAIR_1380,RES_QA _0552,JOB_QA _0123,"Junior QA Analyst with knowledge of Software Testing Life Cycle (STLC), Bug reporting, SQL queries, and Selenium WebDriver basics. (Candidate Ref 552)","Hiring QA Automation Engineer with strong Java, Selenium WebDriver, TestNG, and REST API testing skills. (Job Posting Ref 123)",,,,PENDING
PAIR_1381,RES_QA _0553,JOB_QA _0124,"QA Automation Engineer with 3 years experience writing automated test scripts using Java, Selenium WebDriver, TestNG, Cucumber, and Postman REST API testing. (Candidate Ref 553)","Senior Software Quality Assurance Lead requiring Selenium, Python automation, Postman API testing, and Jira defect tracking. (Job Posting Ref 124)",,,,PENDING
PAIR_1382,RES_QA _0553,JOB_QA _0125,"QA Automation Engineer with 3 years experience writing automated test scripts using Java, Selenium WebDriver, TestNG, Cucumber, and Postman REST API testing. (Candidate Ref 553)","Hiring QA Automation Engineer with strong Java, Selenium WebDriver, TestNG, and REST API testing skills. (Job Posting Ref 125)",,,,PENDING
PAIR_1383,RES_QA _0553,JOB_DAT_0072,"QA Automation Engineer with 3 years experience writing automated test scripts using Java, Selenium WebDriver, TestNG, Cucumber, and Postman REST API testing. (Candidate Ref 553)","Machine Learning Engineer position requiring Python, Scikit-Learn, PyTorch, and ML model training experience. (Job Posting Ref 72)",,,,PENDING
PAIR_1384,RES_QA _0554,JOB_QA _0123,"Software Tester skilled in Manual Testing, SDLC, Test Case creation, Defect Tracking in Jira, and basic Selenium with Java. (Candidate Ref 554)","Hiring QA Automation Engineer with strong Java, Selenium WebDriver, TestNG, and REST API testing skills. (Job Posting Ref 123)",,,,PENDING
PAIR_1385,RES_QA _0554,JOB_QA _0124,"Software Tester skilled in Manual Testing, SDLC, Test Case creation, Defect Tracking in Jira, and basic Selenium with Java. (Candidate Ref 554)","Senior Software Quality Assurance Lead requiring Selenium, Python automation, Postman API testing, and Jira defect tracking. (Job Posting Ref 124)",,,,PENDING
PAIR_1386,RES_QA _0555,JOB_QA _0124,"Senior QA Lead proficient in Test Automation Frameworks, Selenium, Python, PyTest, Jenkins integration, and API testing with Postman. (Candidate Ref 555)","Senior Software Quality Assurance Lead requiring Selenium, Python automation, Postman API testing, and Jira defect tracking. (Job Posting Ref 124)",,,,PENDING
PAIR_1387,RES_QA _0555,JOB_QA _0125,"Senior QA Lead proficient in Test Automation Frameworks, Selenium, Python, PyTest, Jenkins integration, and API testing with Postman. (Candidate Ref 555)","Hiring QA Automation Engineer with strong Java, Selenium WebDriver, TestNG, and REST API testing skills. (Job Posting Ref 125)",,,,PENDING
PAIR_1388,RES_QA _0555,JOB_SOF_0021,"Senior QA Lead proficient in Test Automation Frameworks, Selenium, Python, PyTest, Jenkins integration, and API testing with Postman. (Candidate Ref 555)","Looking for Backend Java Developer with 2-4 years experience in Java, Spring Boot, REST APIs, and MySQL. (Job Posting Ref 21)",,,,PENDING
PAIR_1389,RES_QA _0556,JOB_QA _0110,"Junior QA Analyst with knowledge of Software Testing Life Cycle (STLC), Bug reporting, SQL queries, and Selenium WebDriver basics. (Candidate Ref 556)","Senior Software Quality Assurance Lead requiring Selenium, Python automation, Postman API testing, and Jira defect tracking. (Job Posting Ref 110)",,,,PENDING
PAIR_1390,RES_QA _0556,JOB_QA _0111,"Junior QA Analyst with knowledge of Software Testing Life Cycle (STLC), Bug reporting, SQL queries, and Selenium WebDriver basics. (Candidate Ref 556)","Hiring QA Automation Engineer with strong Java, Selenium WebDriver, TestNG, and REST API testing skills. (Job Posting Ref 111)",,,,PENDING
PAIR_1391,RES_QA _0557,JOB_QA _0110,"QA Automation Engineer with 3 years experience writing automated test scripts using Java, Selenium WebDriver, TestNG, Cucumber, and Postman REST API testing. (Candidate Ref 557)","Senior Software Quality Assurance Lead requiring Selenium, Python automation, Postman API testing, and Jira defect tracking. (Job Posting Ref 110)",,,,PENDING
PAIR_1392,RES_QA _0557,JOB_QA _0111,"QA Automation Engineer with 3 years experience writing automated test scripts using Java, Selenium WebDriver, TestNG, Cucumber, and Postman REST API testing. (Candidate Ref 557)","Hiring QA Automation Engineer with strong Java, Selenium WebDriver, TestNG, and REST API testing skills. (Job Posting Ref 111)",,,,PENDING
PAIR_1393,RES_QA _0557,JOB_WEB_0049,"QA Automation Engineer with 3 years experience writing automated test scripts using Java, Selenium WebDriver, TestNG, Cucumber, and Postman REST API testing. (Candidate Ref 557)","Full Stack JavaScript Developer needed. Requirements: Node.js, React, MongoDB, and TypeScript. (Job Posting Ref 49)",,,,PENDING
PAIR_1394,RES_QA _0558,JOB_QA _0117,"Software Tester skilled in Manual Testing, SDLC, Test Case creation, Defect Tracking in Jira, and basic Selenium with Java. (Candidate Ref 558)","Hiring QA Automation Engineer with strong Java, Selenium WebDriver, TestNG, and REST API testing skills. (Job Posting Ref 117)",,,,PENDING
PAIR_1395,RES_QA _0558,JOB_QA _0118,"Software Tester skilled in Manual Testing, SDLC, Test Case creation, Defect Tracking in Jira, and basic Selenium with Java. (Candidate Ref 558)","Senior Software Quality Assurance Lead requiring Selenium, Python automation, Postman API testing, and Jira defect tracking. (Job Posting Ref 118)",,,,PENDING
PAIR_1396,RES_QA _0559,JOB_QA _0101,"Senior QA Lead proficient in Test Automation Frameworks, Selenium, Python, PyTest, Jenkins integration, and API testing with Postman. (Candidate Ref 559)","Hiring QA Automation Engineer with strong Java, Selenium WebDriver, TestNG, and REST API testing skills. (Job Posting Ref 101)",,,,PENDING
PAIR_1397,RES_QA _0559,JOB_QA _0102,"Senior QA Lead proficient in Test Automation Frameworks, Selenium, Python, PyTest, Jenkins integration, and API testing with Postman. (Candidate Ref 559)","Senior Software Quality Assurance Lead requiring Selenium, Python automation, Postman API testing, and Jira defect tracking. (Job Posting Ref 102)",,,,PENDING
PAIR_1398,RES_QA _0559,JOB_SOF_0002,"Senior QA Lead proficient in Test Automation Frameworks, Selenium, Python, PyTest, Jenkins integration, and API testing with Postman. (Candidate Ref 559)","Senior Java Microservices Architect requiring 5+ years experience in Java 17, Spring Cloud, AWS, and Docker. (Job Posting Ref 2)",,,,PENDING
PAIR_1399,RES_QA _0560,JOB_QA _0112,"Junior QA Analyst with knowledge of Software Testing Life Cycle (STLC), Bug reporting, SQL queries, and Selenium WebDriver basics. (Candidate Ref 560)","Senior Software Quality Assurance Lead requiring Selenium, Python automation, Postman API testing, and Jira defect tracking. (Job Posting Ref 112)",,,,PENDING
PAIR_1400,RES_QA _0560,JOB_QA _0113,"Junior QA Analyst with knowledge of Software Testing Life Cycle (STLC), Bug reporting, SQL queries, and Selenium WebDriver basics. (Candidate Ref 560)","Hiring QA Automation Engineer with strong Java, Selenium WebDriver, TestNG, and REST API testing skills. (Job Posting Ref 113)",,,,PENDING
PAIR_1401,RES_QA _0561,JOB_QA _0101,"QA Automation Engineer with 3 years experience writing automated test scripts using Java, Selenium WebDriver, TestNG, Cucumber, and Postman REST API testing. (Candidate Ref 561)","Hiring QA Automation Engineer with strong Java, Selenium WebDriver, TestNG, and REST API testing skills. (Job Posting Ref 101)",,,,PENDING
PAIR_1402,RES_QA _0561,JOB_QA _0102,"QA Automation Engineer with 3 years experience writing automated test scripts using Java, Selenium WebDriver, TestNG, Cucumber, and Postman REST API testing. (Candidate Ref 561)","Senior Software Quality Assurance Lead requiring Selenium, Python automation, Postman API testing, and Jira defect tracking. (Job Posting Ref 102)",,,,PENDING
PAIR_1403,RES_QA _0561,JOB_DAT_0073,"QA Automation Engineer with 3 years experience writing automated test scripts using Java, Selenium WebDriver, TestNG, Cucumber, and Postman REST API testing. (Candidate Ref 561)","Hiring Data Analyst with strong SQL, Python (Pandas/NumPy), and Tableau data visualization skills. (Job Posting Ref 73)",,,,PENDING
PAIR_1404,RES_QA _0562,JOB_QA _0117,"Software Tester skilled in Manual Testing, SDLC, Test Case creation, Defect Tracking in Jira, and basic Selenium with Java. (Candidate Ref 562)","Hiring QA Automation Engineer with strong Java, Selenium WebDriver, TestNG, and REST API testing skills. (Job Posting Ref 117)",,,,PENDING
PAIR_1405,RES_QA _0562,JOB_QA _0118,"Software Tester skilled in Manual Testing, SDLC, Test Case creation, Defect Tracking in Jira, and basic Selenium with Java. (Candidate Ref 562)","Senior Software Quality Assurance Lead requiring Selenium, Python automation, Postman API testing, and Jira defect tracking. (Job Posting Ref 118)",,,,PENDING
PAIR_1406,RES_QA _0563,JOB_QA _0111,"Senior QA Lead proficient in Test Automation Frameworks, Selenium, Python, PyTest, Jenkins integration, and API testing with Postman. (Candidate Ref 563)","Hiring QA Automation Engineer with strong Java, Selenium WebDriver, TestNG, and REST API testing skills. (Job Posting Ref 111)",,,,PENDING
PAIR_1407,RES_QA _0563,JOB_QA _0112,"Senior QA Lead proficient in Test Automation Frameworks, Selenium, Python, PyTest, Jenkins integration, and API testing with Postman. (Candidate Ref 563)","Senior Software Quality Assurance Lead requiring Selenium, Python automation, Postman API testing, and Jira defect tracking. (Job Posting Ref 112)",,,,PENDING
PAIR_1408,RES_QA _0563,JOB_WEB_0046,"Senior QA Lead proficient in Test Automation Frameworks, Selenium, Python, PyTest, Jenkins integration, and API testing with Postman. (Candidate Ref 563)","Seeking React Frontend Developer with 2+ years experience in React.js, JavaScript (ES6+), HTML5/CSS3, and REST API integration. (Job Posting Ref 46)",,,,PENDING
PAIR_1409,RES_QA _0564,JOB_QA _0104,"Junior QA Analyst with knowledge of Software Testing Life Cycle (STLC), Bug reporting, SQL queries, and Selenium WebDriver basics. (Candidate Ref 564)","Senior Software Quality Assurance Lead requiring Selenium, Python automation, Postman API testing, and Jira defect tracking. (Job Posting Ref 104)",,,,PENDING
PAIR_1410,RES_QA _0564,JOB_QA _0105,"Junior QA Analyst with knowledge of Software Testing Life Cycle (STLC), Bug reporting, SQL queries, and Selenium WebDriver basics. (Candidate Ref 564)","Hiring QA Automation Engineer with strong Java, Selenium WebDriver, TestNG, and REST API testing skills. (Job Posting Ref 105)",,,,PENDING
PAIR_1411,RES_QA _0565,JOB_QA _0106,"QA Automation Engineer with 3 years experience writing automated test scripts using Java, Selenium WebDriver, TestNG, Cucumber, and Postman REST API testing. (Candidate Ref 565)","Senior Software Quality Assurance Lead requiring Selenium, Python automation, Postman API testing, and Jira defect tracking. (Job Posting Ref 106)",,,,PENDING
PAIR_1412,RES_QA _0565,JOB_QA _0107,"QA Automation Engineer with 3 years experience writing automated test scripts using Java, Selenium WebDriver, TestNG, Cucumber, and Postman REST API testing. (Candidate Ref 565)","Hiring QA Automation Engineer with strong Java, Selenium WebDriver, TestNG, and REST API testing skills. (Job Posting Ref 107)",,,,PENDING
PAIR_1413,RES_QA _0565,JOB_WEB_0040,"QA Automation Engineer with 3 years experience writing automated test scripts using Java, Selenium WebDriver, TestNG, Cucumber, and Postman REST API testing. (Candidate Ref 565)","Seeking React Frontend Developer with 2+ years experience in React.js, JavaScript (ES6+), HTML5/CSS3, and REST API integration. (Job Posting Ref 40)",,,,PENDING
PAIR_1414,RES_QA _0566,JOB_QA _0105,"Software Tester skilled in Manual Testing, SDLC, Test Case creation, Defect Tracking in Jira, and basic Selenium with Java. (Candidate Ref 566)","Hiring QA Automation Engineer with strong Java, Selenium WebDriver, TestNG, and REST API testing skills. (Job Posting Ref 105)",,,,PENDING
PAIR_1415,RES_QA _0566,JOB_QA _0106,"Software Tester skilled in Manual Testing, SDLC, Test Case creation, Defect Tracking in Jira, and basic Selenium with Java. (Candidate Ref 566)","Senior Software Quality Assurance Lead requiring Selenium, Python automation, Postman API testing, and Jira defect tracking. (Job Posting Ref 106)",,,,PENDING
PAIR_1416,RES_QA _0567,JOB_QA _0118,"Senior QA Lead proficient in Test Automation Frameworks, Selenium, Python, PyTest, Jenkins integration, and API testing with Postman. (Candidate Ref 567)","Senior Software Quality Assurance Lead requiring Selenium, Python automation, Postman API testing, and Jira defect tracking. (Job Posting Ref 118)",,,,PENDING
PAIR_1417,RES_QA _0567,JOB_QA _0119,"Senior QA Lead proficient in Test Automation Frameworks, Selenium, Python, PyTest, Jenkins integration, and API testing with Postman. (Candidate Ref 567)","Hiring QA Automation Engineer with strong Java, Selenium WebDriver, TestNG, and REST API testing skills. (Job Posting Ref 119)",,,,PENDING
PAIR_1418,RES_QA _0567,JOB_SOF_0009,"Senior QA Lead proficient in Test Automation Frameworks, Selenium, Python, PyTest, Jenkins integration, and API testing with Postman. (Candidate Ref 567)","Looking for Backend Java Developer with 2-4 years experience in Java, Spring Boot, REST APIs, and MySQL. (Job Posting Ref 9)",,,,PENDING
PAIR_1419,RES_QA _0568,JOB_QA _0111,"Junior QA Analyst with knowledge of Software Testing Life Cycle (STLC), Bug reporting, SQL queries, and Selenium WebDriver basics. (Candidate Ref 568)","Hiring QA Automation Engineer with strong Java, Selenium WebDriver, TestNG, and REST API testing skills. (Job Posting Ref 111)",,,,PENDING
PAIR_1420,RES_QA _0568,JOB_QA _0112,"Junior QA Analyst with knowledge of Software Testing Life Cycle (STLC), Bug reporting, SQL queries, and Selenium WebDriver basics. (Candidate Ref 568)","Senior Software Quality Assurance Lead requiring Selenium, Python automation, Postman API testing, and Jira defect tracking. (Job Posting Ref 112)",,,,PENDING
PAIR_1421,RES_QA _0569,JOB_QA _0103,"QA Automation Engineer with 3 years experience writing automated test scripts using Java, Selenium WebDriver, TestNG, Cucumber, and Postman REST API testing. (Candidate Ref 569)","Hiring QA Automation Engineer with strong Java, Selenium WebDriver, TestNG, and REST API testing skills. (Job Posting Ref 103)",,,,PENDING
PAIR_1422,RES_QA _0569,JOB_QA _0104,"QA Automation Engineer with 3 years experience writing automated test scripts using Java, Selenium WebDriver, TestNG, Cucumber, and Postman REST API testing. (Candidate Ref 569)","Senior Software Quality Assurance Lead requiring Selenium, Python automation, Postman API testing, and Jira defect tracking. (Job Posting Ref 104)",,,,PENDING
PAIR_1423,RES_QA _0569,JOB_WEB_0039,"QA Automation Engineer with 3 years experience writing automated test scripts using Java, Selenium WebDriver, TestNG, Cucumber, and Postman REST API testing. (Candidate Ref 569)","Full Stack JavaScript Developer needed. Requirements: Node.js, React, MongoDB, and TypeScript. (Job Posting Ref 39)",,,,PENDING
PAIR_1424,RES_QA _0570,JOB_QA _0117,"Software Tester skilled in Manual Testing, SDLC, Test Case creation, Defect Tracking in Jira, and basic Selenium with Java. (Candidate Ref 570)","Hiring QA Automation Engineer with strong Java, Selenium WebDriver, TestNG, and REST API testing skills. (Job Posting Ref 117)",,,,PENDING
PAIR_1425,RES_QA _0570,JOB_QA _0118,"Software Tester skilled in Manual Testing, SDLC, Test Case creation, Defect Tracking in Jira, and basic Selenium with Java. (Candidate Ref 570)","Senior Software Quality Assurance Lead requiring Selenium, Python automation, Postman API testing, and Jira defect tracking. (Job Posting Ref 118)",,,,PENDING
PAIR_1426,RES_QA _0571,JOB_QA _0111,"Senior QA Lead proficient in Test Automation Frameworks, Selenium, Python, PyTest, Jenkins integration, and API testing with Postman. (Candidate Ref 571)","Hiring QA Automation Engineer with strong Java, Selenium WebDriver, TestNG, and REST API testing skills. (Job Posting Ref 111)",,,,PENDING
PAIR_1427,RES_QA _0571,JOB_QA _0112,"Senior QA Lead proficient in Test Automation Frameworks, Selenium, Python, PyTest, Jenkins integration, and API testing with Postman. (Candidate Ref 571)","Senior Software Quality Assurance Lead requiring Selenium, Python automation, Postman API testing, and Jira defect tracking. (Job Posting Ref 112)",,,,PENDING
PAIR_1428,RES_QA _0571,JOB_DEV_0092,"Senior QA Lead proficient in Test Automation Frameworks, Selenium, Python, PyTest, Jenkins integration, and API testing with Postman. (Candidate Ref 571)","Looking for DevOps Engineer with experience in AWS, Docker, Kubernetes, CI/CD pipelines, and Terraform. (Job Posting Ref 92)",,,,PENDING
PAIR_1429,RES_QA _0572,JOB_QA _0118,"Junior QA Analyst with knowledge of Software Testing Life Cycle (STLC), Bug reporting, SQL queries, and Selenium WebDriver basics. (Candidate Ref 572)","Senior Software Quality Assurance Lead requiring Selenium, Python automation, Postman API testing, and Jira defect tracking. (Job Posting Ref 118)",,,,PENDING
PAIR_1430,RES_QA _0572,JOB_QA _0119,"Junior QA Analyst with knowledge of Software Testing Life Cycle (STLC), Bug reporting, SQL queries, and Selenium WebDriver basics. (Candidate Ref 572)","Hiring QA Automation Engineer with strong Java, Selenium WebDriver, TestNG, and REST API testing skills. (Job Posting Ref 119)",,,,PENDING
PAIR_1431,RES_QA _0573,JOB_QA _0125,"QA Automation Engineer with 3 years experience writing automated test scripts using Java, Selenium WebDriver, TestNG, Cucumber, and Postman REST API testing. (Candidate Ref 573)","Hiring QA Automation Engineer with strong Java, Selenium WebDriver, TestNG, and REST API testing skills. (Job Posting Ref 125)",,,,PENDING
PAIR_1432,RES_QA _0573,JOB_QA _0101,"QA Automation Engineer with 3 years experience writing automated test scripts using Java, Selenium WebDriver, TestNG, Cucumber, and Postman REST API testing. (Candidate Ref 573)","Hiring QA Automation Engineer with strong Java, Selenium WebDriver, TestNG, and REST API testing skills. (Job Posting Ref 101)",,,,PENDING
PAIR_1433,RES_QA _0573,JOB_DAT_0064,"QA Automation Engineer with 3 years experience writing automated test scripts using Java, Selenium WebDriver, TestNG, Cucumber, and Postman REST API testing. (Candidate Ref 573)","Machine Learning Engineer position requiring Python, Scikit-Learn, PyTorch, and ML model training experience. (Job Posting Ref 64)",,,,PENDING
PAIR_1434,RES_QA _0574,JOB_QA _0104,"Software Tester skilled in Manual Testing, SDLC, Test Case creation, Defect Tracking in Jira, and basic Selenium with Java. (Candidate Ref 574)","Senior Software Quality Assurance Lead requiring Selenium, Python automation, Postman API testing, and Jira defect tracking. (Job Posting Ref 104)",,,,PENDING
PAIR_1435,RES_QA _0574,JOB_QA _0105,"Software Tester skilled in Manual Testing, SDLC, Test Case creation, Defect Tracking in Jira, and basic Selenium with Java. (Candidate Ref 574)","Hiring QA Automation Engineer with strong Java, Selenium WebDriver, TestNG, and REST API testing skills. (Job Posting Ref 105)",,,,PENDING
PAIR_1436,RES_QA _0575,JOB_QA _0122,"Senior QA Lead proficient in Test Automation Frameworks, Selenium, Python, PyTest, Jenkins integration, and API testing with Postman. (Candidate Ref 575)","Senior Software Quality Assurance Lead requiring Selenium, Python automation, Postman API testing, and Jira defect tracking. (Job Posting Ref 122)",,,,PENDING
PAIR_1437,RES_QA _0575,JOB_QA _0123,"Senior QA Lead proficient in Test Automation Frameworks, Selenium, Python, PyTest, Jenkins integration, and API testing with Postman. (Candidate Ref 575)","Hiring QA Automation Engineer with strong Java, Selenium WebDriver, TestNG, and REST API testing skills. (Job Posting Ref 123)",,,,PENDING
PAIR_1438,RES_QA _0575,JOB_SOF_0017,"Senior QA Lead proficient in Test Automation Frameworks, Selenium, Python, PyTest, Jenkins integration, and API testing with Postman. (Candidate Ref 575)","Looking for Backend Java Developer with 2-4 years experience in Java, Spring Boot, REST APIs, and MySQL. (Job Posting Ref 17)",,,,PENDING
PAIR_1439,RES_QA _0576,JOB_QA _0120,"Junior QA Analyst with knowledge of Software Testing Life Cycle (STLC), Bug reporting, SQL queries, and Selenium WebDriver basics. (Candidate Ref 576)","Senior Software Quality Assurance Lead requiring Selenium, Python automation, Postman API testing, and Jira defect tracking. (Job Posting Ref 120)",,,,PENDING
PAIR_1440,RES_QA _0576,JOB_QA _0121,"Junior QA Analyst with knowledge of Software Testing Life Cycle (STLC), Bug reporting, SQL queries, and Selenium WebDriver basics. (Candidate Ref 576)","Hiring QA Automation Engineer with strong Java, Selenium WebDriver, TestNG, and REST API testing skills. (Job Posting Ref 121)",,,,PENDING
PAIR_1441,RES_QA _0577,JOB_QA _0122,"QA Automation Engineer with 3 years experience writing automated test scripts using Java, Selenium WebDriver, TestNG, Cucumber, and Postman REST API testing. (Candidate Ref 577)","Senior Software Quality Assurance Lead requiring Selenium, Python automation, Postman API testing, and Jira defect tracking. (Job Posting Ref 122)",,,,PENDING
PAIR_1442,RES_QA _0577,JOB_QA _0123,"QA Automation Engineer with 3 years experience writing automated test scripts using Java, Selenium WebDriver, TestNG, Cucumber, and Postman REST API testing. (Candidate Ref 577)","Hiring QA Automation Engineer with strong Java, Selenium WebDriver, TestNG, and REST API testing skills. (Job Posting Ref 123)",,,,PENDING
PAIR_1443,RES_QA _0577,JOB_DAT_0051,"QA Automation Engineer with 3 years experience writing automated test scripts using Java, Selenium WebDriver, TestNG, Cucumber, and Postman REST API testing. (Candidate Ref 577)","Hiring Data Analyst with strong SQL, Python (Pandas/NumPy), and Tableau data visualization skills. (Job Posting Ref 51)",,,,PENDING
PAIR_1444,RES_QA _0578,JOB_QA _0101,"Software Tester skilled in Manual Testing, SDLC, Test Case creation, Defect Tracking in Jira, and basic Selenium with Java. (Candidate Ref 578)","Hiring QA Automation Engineer with strong Java, Selenium WebDriver, TestNG, and REST API testing skills. (Job Posting Ref 101)",,,,PENDING
PAIR_1445,RES_QA _0578,JOB_QA _0102,"Software Tester skilled in Manual Testing, SDLC, Test Case creation, Defect Tracking in Jira, and basic Selenium with Java. (Candidate Ref 578)","Senior Software Quality Assurance Lead requiring Selenium, Python automation, Postman API testing, and Jira defect tracking. (Job Posting Ref 102)",,,,PENDING
PAIR_1446,RES_QA _0579,JOB_QA _0101,"Senior QA Lead proficient in Test Automation Frameworks, Selenium, Python, PyTest, Jenkins integration, and API testing with Postman. (Candidate Ref 579)","Hiring QA Automation Engineer with strong Java, Selenium WebDriver, TestNG, and REST API testing skills. (Job Posting Ref 101)",,,,PENDING
PAIR_1447,RES_QA _0579,JOB_QA _0102,"Senior QA Lead proficient in Test Automation Frameworks, Selenium, Python, PyTest, Jenkins integration, and API testing with Postman. (Candidate Ref 579)","Senior Software Quality Assurance Lead requiring Selenium, Python automation, Postman API testing, and Jira defect tracking. (Job Posting Ref 102)",,,,PENDING
PAIR_1448,RES_QA _0579,JOB_DAT_0068,"Senior QA Lead proficient in Test Automation Frameworks, Selenium, Python, PyTest, Jenkins integration, and API testing with Postman. (Candidate Ref 579)","Machine Learning Engineer position requiring Python, Scikit-Learn, PyTorch, and ML model training experience. (Job Posting Ref 68)",,,,PENDING
PAIR_1449,RES_QA _0580,JOB_QA _0118,"Junior QA Analyst with knowledge of Software Testing Life Cycle (STLC), Bug reporting, SQL queries, and Selenium WebDriver basics. (Candidate Ref 580)","Senior Software Quality Assurance Lead requiring Selenium, Python automation, Postman API testing, and Jira defect tracking. (Job Posting Ref 118)",,,,PENDING
PAIR_1450,RES_QA _0580,JOB_QA _0119,"Junior QA Analyst with knowledge of Software Testing Life Cycle (STLC), Bug reporting, SQL queries, and Selenium WebDriver basics. (Candidate Ref 580)","Hiring QA Automation Engineer with strong Java, Selenium WebDriver, TestNG, and REST API testing skills. (Job Posting Ref 119)",,,,PENDING
PAIR_1451,RES_QA _0581,JOB_QA _0106,"QA Automation Engineer with 3 years experience writing automated test scripts using Java, Selenium WebDriver, TestNG, Cucumber, and Postman REST API testing. (Candidate Ref 581)","Senior Software Quality Assurance Lead requiring Selenium, Python automation, Postman API testing, and Jira defect tracking. (Job Posting Ref 106)",,,,PENDING
PAIR_1452,RES_QA _0581,JOB_QA _0107,"QA Automation Engineer with 3 years experience writing automated test scripts using Java, Selenium WebDriver, TestNG, Cucumber, and Postman REST API testing. (Candidate Ref 581)","Hiring QA Automation Engineer with strong Java, Selenium WebDriver, TestNG, and REST API testing skills. (Job Posting Ref 107)",,,,PENDING
PAIR_1453,RES_QA _0581,JOB_WEB_0030,"QA Automation Engineer with 3 years experience writing automated test scripts using Java, Selenium WebDriver, TestNG, Cucumber, and Postman REST API testing. (Candidate Ref 581)","Seeking React Frontend Developer with 2+ years experience in React.js, JavaScript (ES6+), HTML5/CSS3, and REST API integration. (Job Posting Ref 30)",,,,PENDING
PAIR_1454,RES_QA _0582,JOB_QA _0105,"Software Tester skilled in Manual Testing, SDLC, Test Case creation, Defect Tracking in Jira, and basic Selenium with Java. (Candidate Ref 582)","Hiring QA Automation Engineer with strong Java, Selenium WebDriver, TestNG, and REST API testing skills. (Job Posting Ref 105)",,,,PENDING
PAIR_1455,RES_QA _0582,JOB_QA _0106,"Software Tester skilled in Manual Testing, SDLC, Test Case creation, Defect Tracking in Jira, and basic Selenium with Java. (Candidate Ref 582)","Senior Software Quality Assurance Lead requiring Selenium, Python automation, Postman API testing, and Jira defect tracking. (Job Posting Ref 106)",,,,PENDING
PAIR_1456,RES_QA _0583,JOB_QA _0107,"Senior QA Lead proficient in Test Automation Frameworks, Selenium, Python, PyTest, Jenkins integration, and API testing with Postman. (Candidate Ref 583)","Hiring QA Automation Engineer with strong Java, Selenium WebDriver, TestNG, and REST API testing skills. (Job Posting Ref 107)",,,,PENDING
PAIR_1457,RES_QA _0583,JOB_QA _0108,"Senior QA Lead proficient in Test Automation Frameworks, Selenium, Python, PyTest, Jenkins integration, and API testing with Postman. (Candidate Ref 583)","Senior Software Quality Assurance Lead requiring Selenium, Python automation, Postman API testing, and Jira defect tracking. (Job Posting Ref 108)",,,,PENDING
PAIR_1458,RES_QA _0583,JOB_DEV_0085,"Senior QA Lead proficient in Test Automation Frameworks, Selenium, Python, PyTest, Jenkins integration, and API testing with Postman. (Candidate Ref 583)","Cloud Security & DevOps Specialist required. Mandatory skills: Azure, Docker, Kubernetes, and Linux automation. (Job Posting Ref 85)",,,,PENDING
PAIR_1459,RES_QA _0584,JOB_QA _0102,"Junior QA Analyst with knowledge of Software Testing Life Cycle (STLC), Bug reporting, SQL queries, and Selenium WebDriver basics. (Candidate Ref 584)","Senior Software Quality Assurance Lead requiring Selenium, Python automation, Postman API testing, and Jira defect tracking. (Job Posting Ref 102)",,,,PENDING
PAIR_1460,RES_QA _0584,JOB_QA _0103,"Junior QA Analyst with knowledge of Software Testing Life Cycle (STLC), Bug reporting, SQL queries, and Selenium WebDriver basics. (Candidate Ref 584)","Hiring QA Automation Engineer with strong Java, Selenium WebDriver, TestNG, and REST API testing skills. (Job Posting Ref 103)",,,,PENDING
PAIR_1461,RES_QA _0585,JOB_QA _0123,"QA Automation Engineer with 3 years experience writing automated test scripts using Java, Selenium WebDriver, TestNG, Cucumber, and Postman REST API testing. (Candidate Ref 585)","Hiring QA Automation Engineer with strong Java, Selenium WebDriver, TestNG, and REST API testing skills. (Job Posting Ref 123)",,,,PENDING
PAIR_1462,RES_QA _0585,JOB_QA _0124,"QA Automation Engineer with 3 years experience writing automated test scripts using Java, Selenium WebDriver, TestNG, Cucumber, and Postman REST API testing. (Candidate Ref 585)","Senior Software Quality Assurance Lead requiring Selenium, Python automation, Postman API testing, and Jira defect tracking. (Job Posting Ref 124)",,,,PENDING
PAIR_1463,RES_QA _0585,JOB_WEB_0038,"QA Automation Engineer with 3 years experience writing automated test scripts using Java, Selenium WebDriver, TestNG, Cucumber, and Postman REST API testing. (Candidate Ref 585)","Seeking React Frontend Developer with 2+ years experience in React.js, JavaScript (ES6+), HTML5/CSS3, and REST API integration. (Job Posting Ref 38)",,,,PENDING
PAIR_1464,RES_QA _0586,JOB_QA _0102,"Software Tester skilled in Manual Testing, SDLC, Test Case creation, Defect Tracking in Jira, and basic Selenium with Java. (Candidate Ref 586)","Senior Software Quality Assurance Lead requiring Selenium, Python automation, Postman API testing, and Jira defect tracking. (Job Posting Ref 102)",,,,PENDING
PAIR_1465,RES_QA _0586,JOB_QA _0103,"Software Tester skilled in Manual Testing, SDLC, Test Case creation, Defect Tracking in Jira, and basic Selenium with Java. (Candidate Ref 586)","Hiring QA Automation Engineer with strong Java, Selenium WebDriver, TestNG, and REST API testing skills. (Job Posting Ref 103)",,,,PENDING
PAIR_1466,RES_QA _0587,JOB_QA _0115,"Senior QA Lead proficient in Test Automation Frameworks, Selenium, Python, PyTest, Jenkins integration, and API testing with Postman. (Candidate Ref 587)","Hiring QA Automation Engineer with strong Java, Selenium WebDriver, TestNG, and REST API testing skills. (Job Posting Ref 115)",,,,PENDING
PAIR_1467,RES_QA _0587,JOB_QA _0116,"Senior QA Lead proficient in Test Automation Frameworks, Selenium, Python, PyTest, Jenkins integration, and API testing with Postman. (Candidate Ref 587)","Senior Software Quality Assurance Lead requiring Selenium, Python automation, Postman API testing, and Jira defect tracking. (Job Posting Ref 116)",,,,PENDING
PAIR_1468,RES_QA _0587,JOB_SOF_0004,"Senior QA Lead proficient in Test Automation Frameworks, Selenium, Python, PyTest, Jenkins integration, and API testing with Postman. (Candidate Ref 587)","Senior Java Microservices Architect requiring 5+ years experience in Java 17, Spring Cloud, AWS, and Docker. (Job Posting Ref 4)",,,,PENDING
PAIR_1469,RES_QA _0588,JOB_QA _0125,"Junior QA Analyst with knowledge of Software Testing Life Cycle (STLC), Bug reporting, SQL queries, and Selenium WebDriver basics. (Candidate Ref 588)","Hiring QA Automation Engineer with strong Java, Selenium WebDriver, TestNG, and REST API testing skills. (Job Posting Ref 125)",,,,PENDING
PAIR_1470,RES_QA _0588,JOB_QA _0101,"Junior QA Analyst with knowledge of Software Testing Life Cycle (STLC), Bug reporting, SQL queries, and Selenium WebDriver basics. (Candidate Ref 588)","Hiring QA Automation Engineer with strong Java, Selenium WebDriver, TestNG, and REST API testing skills. (Job Posting Ref 101)",,,,PENDING
PAIR_1471,RES_QA _0589,JOB_QA _0111,"QA Automation Engineer with 3 years experience writing automated test scripts using Java, Selenium WebDriver, TestNG, Cucumber, and Postman REST API testing. (Candidate Ref 589)","Hiring QA Automation Engineer with strong Java, Selenium WebDriver, TestNG, and REST API testing skills. (Job Posting Ref 111)",,,,PENDING
PAIR_1472,RES_QA _0589,JOB_QA _0112,"QA Automation Engineer with 3 years experience writing automated test scripts using Java, Selenium WebDriver, TestNG, Cucumber, and Postman REST API testing. (Candidate Ref 589)","Senior Software Quality Assurance Lead requiring Selenium, Python automation, Postman API testing, and Jira defect tracking. (Job Posting Ref 112)",,,,PENDING
PAIR_1473,RES_QA _0589,JOB_DEV_0083,"QA Automation Engineer with 3 years experience writing automated test scripts using Java, Selenium WebDriver, TestNG, Cucumber, and Postman REST API testing. (Candidate Ref 589)","Cloud Security & DevOps Specialist required. Mandatory skills: Azure, Docker, Kubernetes, and Linux automation. (Job Posting Ref 83)",,,,PENDING
PAIR_1474,RES_QA _0590,JOB_QA _0119,"Software Tester skilled in Manual Testing, SDLC, Test Case creation, Defect Tracking in Jira, and basic Selenium with Java. (Candidate Ref 590)","Hiring QA Automation Engineer with strong Java, Selenium WebDriver, TestNG, and REST API testing skills. (Job Posting Ref 119)",,,,PENDING
PAIR_1475,RES_QA _0590,JOB_QA _0120,"Software Tester skilled in Manual Testing, SDLC, Test Case creation, Defect Tracking in Jira, and basic Selenium with Java. (Candidate Ref 590)","Senior Software Quality Assurance Lead requiring Selenium, Python automation, Postman API testing, and Jira defect tracking. (Job Posting Ref 120)",,,,PENDING
